order_id,date,region,channel,sales_rep,category,product,quantity,unit_price,discount,revenue,cost,profit,year,quarter,month,month_name,week,day_of_week,margin_pct,rev_band,is_2024
ORD-00611,2023-01-01,South,Online,Eva Patel,Electronics,Smart Watch,8,211.65,0.15,1693.2,1095.6,597.6,2023,1,1,Jan,52,Sunday,35.29,$500-$2k,0
ORD-01247,2023-01-01,South,Partner,Alice Morgan,Food & Beverage,Protein Bars 12Pk,14,23.8,0.15,333.2,215.6,117.6,2023,1,1,Jan,52,Sunday,35.29,$100-$500,0
ORD-01615,2023-01-01,East,Online,Alice Morgan,Apparel,Denim Jeans,16,52.0,0.2,832.0,572.0,260.0,2023,1,1,Jan,52,Sunday,31.25,$500-$2k,0
ORD-01965,2023-01-01,North,Online,Alice Morgan,Apparel,Running Jacket,20,85.0,0.0,1700.0,935.0,765.0,2023,1,1,Jan,52,Sunday,45.0,$500-$2k,0
ORD-00443,2023-01-02,Central,Wholesale,Alice Morgan,Home & Garden,Air Purifier,6,169.15,0.15,1014.9,656.7,358.2,2023,1,1,Jan,1,Monday,35.29,$500-$2k,0
ORD-00749,2023-01-02,North,Online,Henry Osei,Food & Beverage,Protein Bars 12Pk,10,28.0,0.0,280.0,154.0,126.0,2023,1,1,Jan,1,Monday,45.0,$100-$500,0
ORD-01224,2023-01-02,East,Online,David Kim,Apparel,Yoga Set,13,49.5,0.1,643.5,393.25,250.25,2023,1,1,Jan,1,Monday,38.89,$500-$2k,0
ORD-01376,2023-01-04,West,In-Store,Henry Osei,Electronics,4K Monitor,9,539.1,0.1,4851.9,2965.05,1886.85,2023,1,1,Jan,1,Wednesday,38.89,>$2k,0
ORD-00737,2023-01-04,Central,Partner,Alice Morgan,Apparel,Running Jacket,5,85.0,0.0,425.0,233.75,191.25,2023,1,1,Jan,1,Wednesday,45.0,$100-$500,0
ORD-00288,2023-01-04,South,Online,Alice Morgan,Home & Garden,Robot Vacuum,13,299.0,0.0,3887.0,2137.85,1749.15,2023,1,1,Jan,1,Wednesday,45.0,>$2k,0
ORD-01303,2023-01-04,South,In-Store,Alice Morgan,Food & Beverage,Green Tea Set,7,18.0,0.0,126.0,69.3,56.7,2023,1,1,Jan,1,Wednesday,45.0,$100-$500,0
ORD-00499,2023-01-05,South,In-Store,Frank Russo,Home & Garden,Air Purifier,1,169.15,0.15,169.15,109.45,59.7,2023,1,1,Jan,1,Thursday,35.29,$100-$500,0
ORD-00600,2023-01-06,North,Online,Alice Morgan,Home & Garden,Led Strip Kit,9,35.0,0.0,315.0,173.25,141.75,2023,1,1,Jan,1,Friday,45.0,$100-$500,0
ORD-00996,2023-01-06,East,Online,Henry Osei,Sports,Gym Bag,20,59.5,0.15,1190.0,770.0,420.0,2023,1,1,Jan,1,Friday,35.29,$500-$2k,0
ORD-00738,2023-01-06,Central,Wholesale,David Kim,Sports,Protein Shaker,16,16.2,0.1,259.2,158.4,100.8,2023,1,1,Jan,1,Friday,38.89,$100-$500,0
ORD-01273,2023-01-07,Central,Wholesale,Frank Russo,Food & Beverage,Olive Oil 1L,2,16.0,0.0,32.0,17.6,14.4,2023,1,1,Jan,1,Saturday,45.0,<$100,0
ORD-00839,2023-01-08,South,Online,Eva Patel,Electronics,4K Monitor,3,599.0,0.0,1797.0,988.35,808.65,2023,1,1,Jan,1,Sunday,45.0,$500-$2k,0
ORD-01956,2023-01-08,East,Online,Frank Russo,Apparel,Denim Jeans,19,61.75,0.05,1173.25,679.25,494.0,2023,1,1,Jan,1,Sunday,42.11,$500-$2k,0
ORD-01762,2023-01-08,West,Wholesale,Grace Lee,Home & Garden,Robot Vacuum,15,299.0,0.0,4485.0,2466.75,2018.25,2023,1,1,Jan,1,Sunday,45.0,>$2k,0
ORD-01018,2023-01-09,North,Wholesale,Grace Lee,Home & Garden,Led Strip Kit,2,35.0,0.0,70.0,38.5,31.5,2023,1,1,Jan,2,Monday,45.0,<$100,0
ORD-00627,2023-01-09,North,In-Store,Grace Lee,Food & Beverage,Olive Oil 1L,11,13.6,0.15,149.6,96.8,52.8,2023,1,1,Jan,2,Monday,35.29,$100-$500,0
ORD-00964,2023-01-09,West,Partner,Eva Patel,Food & Beverage,Protein Bars 12Pk,15,26.6,0.05,399.0,231.0,168.0,2023,1,1,Jan,2,Monday,42.11,$100-$500,0
ORD-01349,2023-01-09,East,Partner,Grace Lee,Electronics,Smart Watch,3,249.0,0.0,747.0,410.85,336.15,2023,1,1,Jan,2,Monday,45.0,$500-$2k,0
ORD-00136,2023-01-09,Central,Online,Henry Osei,Home & Garden,Robot Vacuum,13,299.0,0.0,3887.0,2137.85,1749.15,2023,1,1,Jan,2,Monday,45.0,>$2k,0
ORD-00619,2023-01-10,East,In-Store,Eva Patel,Sports,Gym Bag,17,63.0,0.1,1071.0,654.5,416.5,2023,1,1,Jan,2,Tuesday,38.89,$500-$2k,0
ORD-01161,2023-01-11,East,Online,Clara Diaz,Sports,Resistance Bands,13,25.0,0.0,325.0,178.75,146.25,2023,1,1,Jan,2,Wednesday,45.0,$100-$500,0
ORD-01858,2023-01-11,West,Wholesale,Grace Lee,Apparel,Yoga Set,14,46.75,0.15,654.5,423.5,231.0,2023,1,1,Jan,2,Wednesday,35.29,$500-$2k,0
ORD-01422,2023-01-11,South,Online,Frank Russo,Electronics,Wireless Earbuds,2,71.2,0.2,142.4,97.9,44.5,2023,1,1,Jan,2,Wednesday,31.25,$100-$500,0
ORD-00650,2023-01-11,North,In-Store,Frank Russo,Sports,Gym Bag,5,70.0,0.0,350.0,192.5,157.5,2023,1,1,Jan,2,Wednesday,45.0,$100-$500,0
ORD-01266,2023-01-11,West,In-Store,Henry Osei,Electronics,Smart Watch,18,236.55,0.05,4257.9,2465.1,1792.8,2023,1,1,Jan,2,Wednesday,42.11,>$2k,0
ORD-01340,2023-01-12,West,Wholesale,Henry Osei,Food & Beverage,Protein Bars 12Pk,17,28.0,0.0,476.0,261.8,214.2,2023,1,1,Jan,2,Thursday,45.0,$100-$500,0
ORD-01662,2023-01-13,South,Partner,Clara Diaz,Home & Garden,Robot Vacuum,13,239.2,0.2,3109.6,2137.85,971.75,2023,1,1,Jan,2,Friday,31.25,>$2k,0
ORD-00404,2023-01-13,South,Online,Henry Osei,Food & Beverage,Premium Coffee Blend,2,17.6,0.2,35.2,24.2,11.0,2023,1,1,Jan,2,Friday,31.25,<$100,0
ORD-01710,2023-01-13,East,Partner,Grace Lee,Food & Beverage,Green Tea Set,5,16.2,0.1,81.0,49.5,31.5,2023,1,1,Jan,2,Friday,38.89,<$100,0
ORD-01907,2023-01-14,East,Online,Clara Diaz,Electronics,Laptop Pro 15,1,1020.0,0.15,1020.0,660.0,360.0,2023,1,1,Jan,2,Saturday,35.29,$500-$2k,0
ORD-01601,2023-01-14,South,Online,Clara Diaz,Sports,Foam Roller,13,30.0,0.0,390.0,214.5,175.5,2023,1,1,Jan,2,Saturday,45.0,$100-$500,0
ORD-00540,2023-01-14,Central,Online,Alice Morgan,Food & Beverage,Green Tea Set,14,14.4,0.2,201.6,138.6,63.0,2023,1,1,Jan,2,Saturday,31.25,$100-$500,0
ORD-01778,2023-01-15,South,Online,David Kim,Sports,Foam Roller,7,30.0,0.0,210.0,115.5,94.5,2023,1,1,Jan,2,Sunday,45.0,$100-$500,0
ORD-00791,2023-01-17,South,Wholesale,Grace Lee,Apparel,Running Jacket,3,72.25,0.15,216.75,140.25,76.5,2023,1,1,Jan,3,Tuesday,35.29,$100-$500,0
ORD-01434,2023-01-17,West,In-Store,Eva Patel,Sports,Foam Roller,4,30.0,0.0,120.0,66.0,54.0,2023,1,1,Jan,3,Tuesday,45.0,$100-$500,0
ORD-01924,2023-01-17,West,Wholesale,Clara Diaz,Apparel,Denim Jeans,7,65.0,0.0,455.0,250.25,204.75,2023,1,1,Jan,3,Tuesday,45.0,$100-$500,0
ORD-01168,2023-01-17,West,Online,Alice Morgan,Home & Garden,Air Purifier,7,199.0,0.0,1393.0,766.15,626.85,2023,1,1,Jan,3,Tuesday,45.0,$500-$2k,0
ORD-01014,2023-01-17,South,Online,David Kim,Electronics,Wireless Earbuds,4,71.2,0.2,284.8,195.8,89.0,2023,1,1,Jan,3,Tuesday,31.25,$100-$500,0
ORD-01332,2023-01-18,East,Wholesale,Clara Diaz,Apparel,Yoga Set,1,55.0,0.0,55.0,30.25,24.75,2023,1,1,Jan,3,Wednesday,45.0,<$100,0
ORD-00257,2023-01-18,East,Partner,Bob Chen,Food & Beverage,Green Tea Set,16,14.4,0.2,230.4,158.4,72.0,2023,1,1,Jan,3,Wednesday,31.25,$100-$500,0
ORD-00931,2023-01-19,North,Wholesale,Bob Chen,Food & Beverage,Green Tea Set,18,16.2,0.1,291.6,178.2,113.4,2023,1,1,Jan,3,Thursday,38.89,$100-$500,0
ORD-01027,2023-01-19,East,Partner,Frank Russo,Apparel,Denim Jeans,18,65.0,0.0,1170.0,643.5,526.5,2023,1,1,Jan,3,Thursday,45.0,$500-$2k,0
ORD-01176,2023-01-19,Central,Wholesale,Grace Lee,Home & Garden,Led Strip Kit,3,35.0,0.0,105.0,57.75,47.25,2023,1,1,Jan,3,Thursday,45.0,$100-$500,0
ORD-00077,2023-01-20,Central,Online,Frank Russo,Sports,Gym Bag,3,66.5,0.05,199.5,115.5,84.0,2023,1,1,Jan,3,Friday,42.11,$100-$500,0
ORD-01017,2023-01-21,West,In-Store,David Kim,Apparel,Wool Sweater,16,104.5,0.05,1672.0,968.0,704.0,2023,1,1,Jan,3,Saturday,42.11,$500-$2k,0
ORD-01316,2023-01-22,North,Online,Alice Morgan,Electronics,Laptop Pro 15,13,1140.0,0.05,14820.0,8580.0,6240.0,2023,1,1,Jan,3,Sunday,42.11,>$2k,0
ORD-01417,2023-01-22,East,Online,Alice Morgan,Food & Beverage,Olive Oil 1L,8,14.4,0.1,115.2,70.4,44.8,2023,1,1,Jan,3,Sunday,38.89,$100-$500,0
ORD-00179,2023-01-22,East,In-Store,Henry Osei,Sports,Gym Bag,4,66.5,0.05,266.0,154.0,112.0,2023,1,1,Jan,3,Sunday,42.11,$100-$500,0
ORD-00109,2023-01-22,East,Online,Clara Diaz,Electronics,Wireless Earbuds,19,80.1,0.1,1521.9,930.05,591.85,2023,1,1,Jan,3,Sunday,38.89,$500-$2k,0
ORD-00503,2023-01-23,Central,In-Store,Bob Chen,Apparel,Denim Jeans,5,65.0,0.0,325.0,178.75,146.25,2023,1,1,Jan,4,Monday,45.0,$100-$500,0
ORD-01119,2023-01-23,South,Partner,Bob Chen,Food & Beverage,Protein Bars 12Pk,6,28.0,0.0,168.0,92.4,75.6,2023,1,1,Jan,4,Monday,45.0,$100-$500,0
ORD-01396,2023-01-24,Central,Online,Bob Chen,Home & Garden,Robot Vacuum,5,254.15,0.15,1270.75,822.25,448.5,2023,1,1,Jan,4,Tuesday,35.29,$500-$2k,0
ORD-01686,2023-01-24,East,Wholesale,David Kim,Food & Beverage,Olive Oil 1L,14,12.8,0.2,179.2,123.2,56.0,2023,1,1,Jan,4,Tuesday,31.25,$100-$500,0
ORD-01143,2023-01-24,Central,Online,Clara Diaz,Food & Beverage,Green Tea Set,11,16.2,0.1,178.2,108.9,69.3,2023,1,1,Jan,4,Tuesday,38.89,$100-$500,0
ORD-01181,2023-01-25,South,Partner,Frank Russo,Electronics,4K Monitor,10,479.2,0.2,4792.0,3294.5,1497.5,2023,1,1,Jan,4,Wednesday,31.25,>$2k,0
ORD-01849,2023-01-25,West,Online,Frank Russo,Sports,Protein Shaker,3,17.1,0.05,51.3,29.7,21.6,2023,1,1,Jan,4,Wednesday,42.11,<$100,0
ORD-00049,2023-01-26,South,Partner,Grace Lee,Apparel,Denim Jeans,6,61.75,0.05,370.5,214.5,156.0,2023,1,1,Jan,4,Thursday,42.11,$100-$500,0
ORD-01769,2023-01-27,East,Online,Henry Osei,Home & Garden,Planter Set,1,36.0,0.2,36.0,24.75,11.25,2023,1,1,Jan,4,Friday,31.25,<$100,0
ORD-01562,2023-01-27,East,In-Store,Eva Patel,Food & Beverage,Protein Bars 12Pk,1,26.6,0.05,26.6,15.4,11.2,2023,1,1,Jan,4,Friday,42.11,<$100,0
ORD-00455,2023-01-27,South,In-Store,Eva Patel,Home & Garden,Led Strip Kit,7,35.0,0.0,245.0,134.75,110.25,2023,1,1,Jan,4,Friday,45.0,$100-$500,0
ORD-00994,2023-01-27,East,Online,Grace Lee,Apparel,Wool Sweater,4,110.0,0.0,440.0,242.0,198.0,2023,1,1,Jan,4,Friday,45.0,$100-$500,0
ORD-00723,2023-01-27,East,Online,Henry Osei,Food & Beverage,Protein Bars 12Pk,8,23.8,0.15,190.4,123.2,67.2,2023,1,1,Jan,4,Friday,35.29,$100-$500,0
ORD-01946,2023-01-27,West,Partner,Grace Lee,Apparel,Yoga Set,13,49.5,0.1,643.5,393.25,250.25,2023,1,1,Jan,4,Friday,38.89,$500-$2k,0
ORD-00968,2023-01-29,North,In-Store,Henry Osei,Sports,Gym Bag,15,59.5,0.15,892.5,577.5,315.0,2023,1,1,Jan,4,Sunday,35.29,$500-$2k,0
ORD-00053,2023-01-29,North,Partner,Clara Diaz,Home & Garden,Led Strip Kit,18,35.0,0.0,630.0,346.5,283.5,2023,1,1,Jan,4,Sunday,45.0,$500-$2k,0
ORD-00479,2023-01-29,West,Online,Clara Diaz,Apparel,Yoga Set,3,55.0,0.0,165.0,90.75,74.25,2023,1,1,Jan,4,Sunday,45.0,$100-$500,0
ORD-00953,2023-01-29,South,Partner,Henry Osei,Apparel,Running Jacket,5,85.0,0.0,425.0,233.75,191.25,2023,1,1,Jan,4,Sunday,45.0,$100-$500,0
ORD-00995,2023-01-30,North,Wholesale,Henry Osei,Home & Garden,Robot Vacuum,11,299.0,0.0,3289.0,1808.95,1480.05,2023,1,1,Jan,5,Monday,45.0,>$2k,0
ORD-00240,2023-01-30,North,Online,Eva Patel,Food & Beverage,Green Tea Set,19,18.0,0.0,342.0,188.1,153.9,2023,1,1,Jan,5,Monday,45.0,$100-$500,0
ORD-01219,2023-01-30,South,Partner,Grace Lee,Apparel,Running Jacket,4,80.75,0.05,323.0,187.0,136.0,2023,1,1,Jan,5,Monday,42.11,$100-$500,0
ORD-00847,2023-01-30,West,Online,Bob Chen,Food & Beverage,Protein Bars 12Pk,6,22.4,0.2,134.4,92.4,42.0,2023,1,1,Jan,5,Monday,31.25,$100-$500,0
ORD-00753,2023-01-30,South,In-Store,Frank Russo,Home & Garden,Led Strip Kit,19,31.5,0.1,598.5,365.75,232.75,2023,1,1,Jan,5,Monday,38.89,$500-$2k,0
ORD-00073,2023-01-30,West,Partner,Grace Lee,Apparel,Yoga Set,14,52.25,0.05,731.5,423.5,308.0,2023,1,1,Jan,5,Monday,42.11,$500-$2k,0
ORD-01403,2023-01-31,East,In-Store,David Kim,Apparel,Yoga Set,4,55.0,0.0,220.0,121.0,99.0,2023,1,1,Jan,5,Tuesday,45.0,$100-$500,0
ORD-01452,2023-02-01,South,Wholesale,Frank Russo,Apparel,Denim Jeans,12,61.75,0.05,741.0,429.0,312.0,2023,1,2,Feb,5,Wednesday,42.11,$500-$2k,0
ORD-00078,2023-02-01,South,In-Store,Alice Morgan,Apparel,Running Jacket,2,68.0,0.2,136.0,93.5,42.5,2023,1,2,Feb,5,Wednesday,31.25,$100-$500,0
ORD-00241,2023-02-01,West,Partner,Eva Patel,Apparel,Wool Sweater,20,93.5,0.15,1870.0,1210.0,660.0,2023,1,2,Feb,5,Wednesday,35.29,$500-$2k,0
ORD-00477,2023-02-01,South,Partner,Henry Osei,Food & Beverage,Olive Oil 1L,4,13.6,0.15,54.4,35.2,19.2,2023,1,2,Feb,5,Wednesday,35.29,<$100,0
ORD-01538,2023-02-01,South,Partner,Alice Morgan,Home & Garden,Led Strip Kit,10,31.5,0.1,315.0,192.5,122.5,2023,1,2,Feb,5,Wednesday,38.89,$100-$500,0
ORD-01084,2023-02-01,West,Online,Frank Russo,Sports,Foam Roller,3,27.0,0.1,81.0,49.5,31.5,2023,1,2,Feb,5,Wednesday,38.89,<$100,0
ORD-01462,2023-02-02,West,Partner,David Kim,Food & Beverage,Premium Coffee Blend,10,22.0,0.0,220.0,121.0,99.0,2023,1,2,Feb,5,Thursday,45.0,$100-$500,0
ORD-00369,2023-02-03,West,Partner,Frank Russo,Electronics,Wireless Earbuds,10,71.2,0.2,712.0,489.5,222.5,2023,1,2,Feb,5,Friday,31.25,$500-$2k,0
ORD-01623,2023-02-04,East,Wholesale,Grace Lee,Home & Garden,Robot Vacuum,20,299.0,0.0,5980.0,3289.0,2691.0,2023,1,2,Feb,5,Saturday,45.0,>$2k,0
ORD-01947,2023-02-05,East,Partner,Alice Morgan,Apparel,Yoga Set,20,44.0,0.2,880.0,605.0,275.0,2023,1,2,Feb,5,Sunday,31.25,$500-$2k,0
ORD-00689,2023-02-05,East,Online,Clara Diaz,Sports,Protein Shaker,1,15.3,0.15,15.3,9.9,5.4,2023,1,2,Feb,5,Sunday,35.29,<$100,0
ORD-01968,2023-02-05,North,Partner,Clara Diaz,Home & Garden,Led Strip Kit,1,35.0,0.0,35.0,19.25,15.75,2023,1,2,Feb,5,Sunday,45.0,<$100,0
ORD-00461,2023-02-05,Central,In-Store,Bob Chen,Sports,Gym Bag,3,66.5,0.05,199.5,115.5,84.0,2023,1,2,Feb,5,Sunday,42.11,$100-$500,0
ORD-00880,2023-02-05,East,Partner,Clara Diaz,Apparel,Denim Jeans,18,55.25,0.15,994.5,643.5,351.0,2023,1,2,Feb,5,Sunday,35.29,$500-$2k,0
ORD-00405,2023-02-06,Central,Wholesale,David Kim,Home & Garden,Led Strip Kit,5,35.0,0.0,175.0,96.25,78.75,2023,1,2,Feb,6,Monday,45.0,$100-$500,0
ORD-01505,2023-02-06,West,In-Store,Frank Russo,Apparel,Yoga Set,2,55.0,0.0,110.0,60.5,49.5,2023,1,2,Feb,6,Monday,45.0,$100-$500,0
ORD-00799,2023-02-06,Central,Partner,Eva Patel,Home & Garden,Planter Set,10,45.0,0.0,450.0,247.5,202.5,2023,1,2,Feb,6,Monday,45.0,$100-$500,0
ORD-00754,2023-02-06,South,Wholesale,Clara Diaz,Home & Garden,Led Strip Kit,16,28.0,0.2,448.0,308.0,140.0,2023,1,2,Feb,6,Monday,31.25,$100-$500,0
ORD-01128,2023-02-07,South,In-Store,David Kim,Food & Beverage,Olive Oil 1L,19,13.6,0.15,258.4,167.2,91.2,2023,1,2,Feb,6,Tuesday,35.29,$100-$500,0
ORD-00954,2023-02-07,South,In-Store,Eva Patel,Sports,Protein Shaker,14,15.3,0.15,214.2,138.6,75.6,2023,1,2,Feb,6,Tuesday,35.29,$100-$500,0
ORD-01042,2023-02-07,Central,Partner,Grace Lee,Sports,Resistance Bands,10,25.0,0.0,250.0,137.5,112.5,2023,1,2,Feb,6,Tuesday,45.0,$100-$500,0
ORD-01039,2023-02-07,South,Online,Eva Patel,Apparel,Wool Sweater,2,104.5,0.05,209.0,121.0,88.0,2023,1,2,Feb,6,Tuesday,42.11,$100-$500,0
ORD-00841,2023-02-08,Central,In-Store,Henry Osei,Apparel,Denim Jeans,20,55.25,0.15,1105.0,715.0,390.0,2023,1,2,Feb,6,Wednesday,35.29,$500-$2k,0
ORD-00760,2023-02-08,South,Online,Henry Osei,Apparel,Running Jacket,12,68.0,0.2,816.0,561.0,255.0,2023,1,2,Feb,6,Wednesday,31.25,$500-$2k,0
ORD-01135,2023-02-09,Central,In-Store,Frank Russo,Electronics,Laptop Pro 15,3,1200.0,0.0,3600.0,1980.0,1620.0,2023,1,2,Feb,6,Thursday,45.0,>$2k,0
ORD-01673,2023-02-09,South,Online,Grace Lee,Electronics,Laptop Pro 15,11,1200.0,0.0,13200.0,7260.0,5940.0,2023,1,2,Feb,6,Thursday,45.0,>$2k,0
ORD-01245,2023-02-10,South,In-Store,Clara Diaz,Food & Beverage,Olive Oil 1L,11,16.0,0.0,176.0,96.8,79.2,2023,1,2,Feb,6,Friday,45.0,$100-$500,0
ORD-00037,2023-02-10,Central,Online,Grace Lee,Electronics,Wireless Earbuds,19,80.1,0.1,1521.9,930.05,591.85,2023,1,2,Feb,6,Friday,38.89,$500-$2k,0
ORD-00919,2023-02-11,North,Partner,Henry Osei,Home & Garden,Planter Set,18,38.25,0.15,688.5,445.5,243.0,2023,1,2,Feb,6,Saturday,35.29,$500-$2k,0
ORD-01797,2023-02-11,West,Partner,Bob Chen,Apparel,Running Jacket,11,85.0,0.0,935.0,514.25,420.75,2023,1,2,Feb,6,Saturday,45.0,$500-$2k,0
ORD-00865,2023-02-11,East,Partner,Clara Diaz,Sports,Gym Bag,15,63.0,0.1,945.0,577.5,367.5,2023,1,2,Feb,6,Saturday,38.89,$500-$2k,0
ORD-01279,2023-02-11,South,Wholesale,Grace Lee,Apparel,Running Jacket,7,85.0,0.0,595.0,327.25,267.75,2023,1,2,Feb,6,Saturday,45.0,$500-$2k,0
ORD-00727,2023-02-12,Central,Wholesale,Frank Russo,Sports,Resistance Bands,14,23.75,0.05,332.5,192.5,140.0,2023,1,2,Feb,6,Sunday,42.11,$100-$500,0
ORD-01131,2023-02-12,West,Partner,Grace Lee,Food & Beverage,Green Tea Set,8,16.2,0.1,129.6,79.2,50.4,2023,1,2,Feb,6,Sunday,38.89,$100-$500,0
ORD-00368,2023-02-12,West,In-Store,Grace Lee,Food & Beverage,Green Tea Set,18,14.4,0.2,259.2,178.2,81.0,2023,1,2,Feb,6,Sunday,31.25,$100-$500,0
ORD-01208,2023-02-12,North,In-Store,Alice Morgan,Home & Garden,Robot Vacuum,19,239.2,0.2,4544.8,3124.55,1420.25,2023,1,2,Feb,6,Sunday,31.25,>$2k,0
ORD-01991,2023-02-12,West,Online,Henry Osei,Food & Beverage,Olive Oil 1L,20,14.4,0.1,288.0,176.0,112.0,2023,1,2,Feb,6,Sunday,38.89,$100-$500,0
ORD-00047,2023-02-12,East,Partner,Alice Morgan,Home & Garden,Air Purifier,14,199.0,0.0,2786.0,1532.3,1253.7,2023,1,2,Feb,6,Sunday,45.0,>$2k,0
ORD-00223,2023-02-13,East,Wholesale,Eva Patel,Apparel,Wool Sweater,12,104.5,0.05,1254.0,726.0,528.0,2023,1,2,Feb,7,Monday,42.11,$500-$2k,0
ORD-01173,2023-02-14,North,In-Store,Grace Lee,Electronics,Smart Watch,20,249.0,0.0,4980.0,2739.0,2241.0,2023,1,2,Feb,7,Tuesday,45.0,>$2k,0
ORD-00413,2023-02-14,South,Wholesale,Frank Russo,Electronics,Wireless Earbuds,9,89.0,0.0,801.0,440.55,360.45,2023,1,2,Feb,7,Tuesday,45.0,$500-$2k,0
ORD-01094,2023-02-14,South,Online,Eva Patel,Sports,Gym Bag,17,56.0,0.2,952.0,654.5,297.5,2023,1,2,Feb,7,Tuesday,31.25,$500-$2k,0
ORD-01348,2023-02-15,Central,Wholesale,Alice Morgan,Home & Garden,Robot Vacuum,19,269.1,0.1,5112.9,3124.55,1988.35,2023,1,2,Feb,7,Wednesday,38.89,>$2k,0
ORD-00296,2023-02-15,West,Wholesale,David Kim,Food & Beverage,Premium Coffee Blend,8,18.7,0.15,149.6,96.8,52.8,2023,1,2,Feb,7,Wednesday,35.29,$100-$500,0
ORD-01534,2023-02-15,Central,In-Store,Frank Russo,Electronics,Smart Watch,18,211.65,0.15,3809.7,2465.1,1344.6,2023,1,2,Feb,7,Wednesday,35.29,>$2k,0
ORD-00309,2023-02-16,Central,In-Store,Clara Diaz,Apparel,Yoga Set,11,52.25,0.05,574.75,332.75,242.0,2023,1,2,Feb,7,Thursday,42.11,$500-$2k,0
ORD-00514,2023-02-16,North,In-Store,Clara Diaz,Home & Garden,Led Strip Kit,4,35.0,0.0,140.0,77.0,63.0,2023,1,2,Feb,7,Thursday,45.0,$100-$500,0
ORD-01062,2023-02-16,West,Partner,Bob Chen,Apparel,Wool Sweater,11,99.0,0.1,1089.0,665.5,423.5,2023,1,2,Feb,7,Thursday,38.89,$500-$2k,0
ORD-01066,2023-02-16,West,Online,Frank Russo,Food & Beverage,Green Tea Set,13,16.2,0.1,210.6,128.7,81.9,2023,1,2,Feb,7,Thursday,38.89,$100-$500,0
ORD-00254,2023-02-16,North,In-Store,Frank Russo,Apparel,Wool Sweater,17,110.0,0.0,1870.0,1028.5,841.5,2023,1,2,Feb,7,Thursday,45.0,$500-$2k,0
ORD-01006,2023-02-16,Central,Online,Grace Lee,Food & Beverage,Premium Coffee Blend,18,22.0,0.0,396.0,217.8,178.2,2023,1,2,Feb,7,Thursday,45.0,$100-$500,0
ORD-00764,2023-02-17,North,Partner,Alice Morgan,Electronics,Laptop Pro 15,11,1140.0,0.05,12540.0,7260.0,5280.0,2023,1,2,Feb,7,Friday,42.11,>$2k,0
ORD-00129,2023-02-17,East,Online,Eva Patel,Sports,Resistance Bands,10,25.0,0.0,250.0,137.5,112.5,2023,1,2,Feb,7,Friday,45.0,$100-$500,0
ORD-01809,2023-02-18,East,Wholesale,Eva Patel,Home & Garden,Air Purifier,9,189.05,0.05,1701.45,985.05,716.4,2023,1,2,Feb,7,Saturday,42.11,$500-$2k,0
ORD-00218,2023-02-18,East,Partner,Bob Chen,Electronics,Wireless Earbuds,10,89.0,0.0,890.0,489.5,400.5,2023,1,2,Feb,7,Saturday,45.0,$500-$2k,0
ORD-00209,2023-02-18,South,Wholesale,Henry Osei,Home & Garden,Air Purifier,10,199.0,0.0,1990.0,1094.5,895.5,2023,1,2,Feb,7,Saturday,45.0,$500-$2k,0
ORD-00997,2023-02-19,East,Partner,Alice Morgan,Home & Garden,Air Purifier,7,159.2,0.2,1114.4,766.15,348.25,2023,1,2,Feb,7,Sunday,31.25,$500-$2k,0
ORD-01259,2023-02-19,South,Partner,Grace Lee,Food & Beverage,Green Tea Set,20,18.0,0.0,360.0,198.0,162.0,2023,1,2,Feb,7,Sunday,45.0,$100-$500,0
ORD-01998,2023-02-19,East,Online,Henry Osei,Home & Garden,Led Strip Kit,18,29.75,0.15,535.5,346.5,189.0,2023,1,2,Feb,7,Sunday,35.29,$500-$2k,0
ORD-01167,2023-02-19,West,In-Store,David Kim,Sports,Foam Roller,20,30.0,0.0,600.0,330.0,270.0,2023,1,2,Feb,7,Sunday,45.0,$500-$2k,0
ORD-01789,2023-02-20,West,Partner,Grace Lee,Food & Beverage,Olive Oil 1L,7,16.0,0.0,112.0,61.6,50.4,2023,1,2,Feb,8,Monday,45.0,$100-$500,0
ORD-00770,2023-02-21,North,Wholesale,Alice Morgan,Apparel,Running Jacket,16,72.25,0.15,1156.0,748.0,408.0,2023,1,2,Feb,8,Tuesday,35.29,$500-$2k,0
ORD-01439,2023-02-21,South,Online,David Kim,Food & Beverage,Olive Oil 1L,4,13.6,0.15,54.4,35.2,19.2,2023,1,2,Feb,8,Tuesday,35.29,<$100,0
ORD-00665,2023-02-23,South,Online,David Kim,Sports,Gym Bag,7,70.0,0.0,490.0,269.5,220.5,2023,1,2,Feb,8,Thursday,45.0,$100-$500,0
ORD-01292,2023-02-23,East,In-Store,Eva Patel,Electronics,Wireless Earbuds,2,89.0,0.0,178.0,97.9,80.1,2023,1,2,Feb,8,Thursday,45.0,$100-$500,0
ORD-01831,2023-02-24,East,Online,Bob Chen,Food & Beverage,Green Tea Set,1,16.2,0.1,16.2,9.9,6.3,2023,1,2,Feb,8,Friday,38.89,<$100,0
ORD-01888,2023-02-24,East,Online,Frank Russo,Electronics,Laptop Pro 15,1,1200.0,0.0,1200.0,660.0,540.0,2023,1,2,Feb,8,Friday,45.0,$500-$2k,0
ORD-01459,2023-02-24,West,Partner,Alice Morgan,Apparel,Yoga Set,19,55.0,0.0,1045.0,574.75,470.25,2023,1,2,Feb,8,Friday,45.0,$500-$2k,0
ORD-00028,2023-02-25,North,Online,Grace Lee,Sports,Protein Shaker,15,14.4,0.2,216.0,148.5,67.5,2023,1,2,Feb,8,Saturday,31.25,$100-$500,0
ORD-00559,2023-02-25,South,Partner,Bob Chen,Home & Garden,Robot Vacuum,3,299.0,0.0,897.0,493.35,403.65,2023,1,2,Feb,8,Saturday,45.0,$500-$2k,0
ORD-01099,2023-02-25,East,In-Store,Bob Chen,Electronics,4K Monitor,8,599.0,0.0,4792.0,2635.6,2156.4,2023,1,2,Feb,8,Saturday,45.0,>$2k,0
ORD-01471,2023-02-26,East,Online,Frank Russo,Sports,Protein Shaker,2,18.0,0.0,36.0,19.8,16.2,2023,1,2,Feb,8,Sunday,45.0,<$100,0
ORD-00541,2023-02-27,South,Partner,Clara Diaz,Sports,Resistance Bands,2,21.25,0.15,42.5,27.5,15.0,2023,1,2,Feb,9,Monday,35.29,<$100,0
ORD-01952,2023-02-27,Central,Online,Alice Morgan,Electronics,Smart Watch,8,249.0,0.0,1992.0,1095.6,896.4,2023,1,2,Feb,9,Monday,45.0,$500-$2k,0
ORD-00590,2023-02-27,South,Partner,Clara Diaz,Apparel,Running Jacket,19,85.0,0.0,1615.0,888.25,726.75,2023,1,2,Feb,9,Monday,45.0,$500-$2k,0
ORD-00434,2023-02-27,South,Wholesale,Frank Russo,Apparel,Denim Jeans,9,58.5,0.1,526.5,321.75,204.75,2023,1,2,Feb,9,Monday,38.89,$500-$2k,0
ORD-01624,2023-02-28,Central,Online,Henry Osei,Electronics,Smart Watch,9,211.65,0.15,1904.85,1232.55,672.3,2023,1,2,Feb,9,Tuesday,35.29,$500-$2k,0
ORD-01195,2023-03-01,West,Wholesale,David Kim,Home & Garden,Led Strip Kit,12,29.75,0.15,357.0,231.0,126.0,2023,1,3,Mar,9,Wednesday,35.29,$100-$500,0
ORD-01937,2023-03-02,West,In-Store,David Kim,Apparel,Yoga Set,5,55.0,0.0,275.0,151.25,123.75,2023,1,3,Mar,9,Thursday,45.0,$100-$500,0
ORD-01045,2023-03-03,East,Partner,Frank Russo,Home & Garden,Led Strip Kit,17,35.0,0.0,595.0,327.25,267.75,2023,1,3,Mar,9,Friday,45.0,$500-$2k,0
ORD-01927,2023-03-03,East,Online,Bob Chen,Sports,Resistance Bands,16,21.25,0.15,340.0,220.0,120.0,2023,1,3,Mar,9,Friday,35.29,$100-$500,0
ORD-00709,2023-03-03,East,In-Store,Eva Patel,Food & Beverage,Premium Coffee Blend,9,22.0,0.0,198.0,108.9,89.1,2023,1,3,Mar,9,Friday,45.0,$100-$500,0
ORD-00289,2023-03-03,North,Wholesale,Alice Morgan,Sports,Gym Bag,3,63.0,0.1,189.0,115.5,73.5,2023,1,3,Mar,9,Friday,38.89,$100-$500,0
ORD-01429,2023-03-03,South,Online,David Kim,Apparel,Running Jacket,3,80.75,0.05,242.25,140.25,102.0,2023,1,3,Mar,9,Friday,42.11,$100-$500,0
ORD-01301,2023-03-04,South,Wholesale,Henry Osei,Apparel,Yoga Set,2,49.5,0.1,99.0,60.5,38.5,2023,1,3,Mar,9,Saturday,38.89,<$100,0
ORD-01719,2023-03-04,South,In-Store,David Kim,Electronics,Wireless Earbuds,17,89.0,0.0,1513.0,832.15,680.85,2023,1,3,Mar,9,Saturday,45.0,$500-$2k,0
ORD-00429,2023-03-04,North,Partner,Grace Lee,Sports,Protein Shaker,18,17.1,0.05,307.8,178.2,129.6,2023,1,3,Mar,9,Saturday,42.11,$100-$500,0
ORD-00936,2023-03-04,North,Online,Clara Diaz,Food & Beverage,Green Tea Set,10,18.0,0.0,180.0,99.0,81.0,2023,1,3,Mar,9,Saturday,45.0,$100-$500,0
ORD-00189,2023-03-05,West,Online,Frank Russo,Home & Garden,Led Strip Kit,17,35.0,0.0,595.0,327.25,267.75,2023,1,3,Mar,9,Sunday,45.0,$500-$2k,0
ORD-00423,2023-03-05,South,In-Store,David Kim,Electronics,Wireless Earbuds,4,89.0,0.0,356.0,195.8,160.2,2023,1,3,Mar,9,Sunday,45.0,$100-$500,0
ORD-00542,2023-03-05,East,In-Store,Alice Morgan,Home & Garden,Planter Set,5,36.0,0.2,180.0,123.75,56.25,2023,1,3,Mar,9,Sunday,31.25,$100-$500,0
ORD-00581,2023-03-06,East,Partner,David Kim,Electronics,Wireless Earbuds,16,89.0,0.0,1424.0,783.2,640.8,2023,1,3,Mar,10,Monday,45.0,$500-$2k,0
ORD-01680,2023-03-07,Central,Partner,Henry Osei,Apparel,Running Jacket,11,85.0,0.0,935.0,514.25,420.75,2023,1,3,Mar,10,Tuesday,45.0,$500-$2k,0
ORD-01948,2023-03-07,North,In-Store,Clara Diaz,Food & Beverage,Premium Coffee Blend,5,20.9,0.05,104.5,60.5,44.0,2023,1,3,Mar,10,Tuesday,42.11,$100-$500,0
ORD-01028,2023-03-07,East,Wholesale,Bob Chen,Apparel,Denim Jeans,17,65.0,0.0,1105.0,607.75,497.25,2023,1,3,Mar,10,Tuesday,45.0,$500-$2k,0
ORD-00098,2023-03-08,West,Wholesale,Bob Chen,Home & Garden,Led Strip Kit,4,28.0,0.2,112.0,77.0,35.0,2023,1,3,Mar,10,Wednesday,31.25,$100-$500,0
ORD-01763,2023-03-08,West,Partner,David Kim,Electronics,Smart Watch,12,249.0,0.0,2988.0,1643.4,1344.6,2023,1,3,Mar,10,Wednesday,45.0,>$2k,0
ORD-01413,2023-03-09,West,Partner,David Kim,Sports,Gym Bag,8,63.0,0.1,504.0,308.0,196.0,2023,1,3,Mar,10,Thursday,38.89,$500-$2k,0
ORD-00225,2023-03-10,South,Partner,Frank Russo,Food & Beverage,Olive Oil 1L,2,16.0,0.0,32.0,17.6,14.4,2023,1,3,Mar,10,Friday,45.0,<$100,0
ORD-01609,2023-03-10,East,In-Store,Frank Russo,Food & Beverage,Olive Oil 1L,20,16.0,0.0,320.0,176.0,144.0,2023,1,3,Mar,10,Friday,45.0,$100-$500,0
ORD-00295,2023-03-10,North,Online,Henry Osei,Sports,Foam Roller,8,30.0,0.0,240.0,132.0,108.0,2023,1,3,Mar,10,Friday,45.0,$100-$500,0
ORD-01162,2023-03-11,North,In-Store,Henry Osei,Home & Garden,Led Strip Kit,16,33.25,0.05,532.0,308.0,224.0,2023,1,3,Mar,10,Saturday,42.11,$500-$2k,0
ORD-00914,2023-03-11,North,Online,David Kim,Apparel,Denim Jeans,17,58.5,0.1,994.5,607.75,386.75,2023,1,3,Mar,10,Saturday,38.89,$500-$2k,0
ORD-01357,2023-03-11,East,Partner,Frank Russo,Home & Garden,Air Purifier,10,199.0,0.0,1990.0,1094.5,895.5,2023,1,3,Mar,10,Saturday,45.0,$500-$2k,0
ORD-00928,2023-03-11,West,Online,Clara Diaz,Electronics,Laptop Pro 15,2,960.0,0.2,1920.0,1320.0,600.0,2023,1,3,Mar,10,Saturday,31.25,$500-$2k,0
ORD-00025,2023-03-11,North,Partner,Bob Chen,Electronics,Laptop Pro 15,2,1200.0,0.0,2400.0,1320.0,1080.0,2023,1,3,Mar,10,Saturday,45.0,>$2k,0
ORD-01955,2023-03-11,North,In-Store,Alice Morgan,Sports,Foam Roller,14,27.0,0.1,378.0,231.0,147.0,2023,1,3,Mar,10,Saturday,38.89,$100-$500,0
ORD-00594,2023-03-12,South,Wholesale,Grace Lee,Home & Garden,Led Strip Kit,20,31.5,0.1,630.0,385.0,245.0,2023,1,3,Mar,10,Sunday,38.89,$500-$2k,0
ORD-01997,2023-03-12,Central,In-Store,Henry Osei,Food & Beverage,Premium Coffee Blend,17,20.9,0.05,355.3,205.7,149.6,2023,1,3,Mar,10,Sunday,42.11,$100-$500,0
ORD-01150,2023-03-12,West,In-Store,Clara Diaz,Apparel,Wool Sweater,16,93.5,0.15,1496.0,968.0,528.0,2023,1,3,Mar,10,Sunday,35.29,$500-$2k,0
ORD-00655,2023-03-12,South,In-Store,Eva Patel,Food & Beverage,Green Tea Set,14,18.0,0.0,252.0,138.6,113.4,2023,1,3,Mar,10,Sunday,45.0,$100-$500,0
ORD-01444,2023-03-13,South,In-Store,Frank Russo,Apparel,Denim Jeans,11,55.25,0.15,607.75,393.25,214.5,2023,1,3,Mar,11,Monday,35.29,$500-$2k,0
ORD-00056,2023-03-13,East,Partner,Bob Chen,Electronics,Wireless Earbuds,12,84.55,0.05,1014.6,587.4,427.2,2023,1,3,Mar,11,Monday,42.11,$500-$2k,0
ORD-01699,2023-03-13,North,Online,Grace Lee,Apparel,Denim Jeans,15,55.25,0.15,828.75,536.25,292.5,2023,1,3,Mar,11,Monday,35.29,$500-$2k,0
ORD-00682,2023-03-14,East,Online,David Kim,Food & Beverage,Green Tea Set,17,18.0,0.0,306.0,168.3,137.7,2023,1,3,Mar,11,Tuesday,45.0,$100-$500,0
ORD-00680,2023-03-14,North,In-Store,Henry Osei,Home & Garden,Air Purifier,20,169.15,0.15,3383.0,2189.0,1194.0,2023,1,3,Mar,11,Tuesday,35.29,>$2k,0
ORD-00820,2023-03-14,Central,Partner,Henry Osei,Home & Garden,Robot Vacuum,2,299.0,0.0,598.0,328.9,269.1,2023,1,3,Mar,11,Tuesday,45.0,$500-$2k,0
ORD-01491,2023-03-16,West,Partner,Alice Morgan,Electronics,Smart Watch,4,249.0,0.0,996.0,547.8,448.2,2023,1,3,Mar,11,Thursday,45.0,$500-$2k,0
ORD-00449,2023-03-17,North,Partner,Alice Morgan,Food & Beverage,Protein Bars 12Pk,6,26.6,0.05,159.6,92.4,67.2,2023,1,3,Mar,11,Friday,42.11,$100-$500,0
ORD-01741,2023-03-17,East,Wholesale,Clara Diaz,Electronics,4K Monitor,5,509.15,0.15,2545.75,1647.25,898.5,2023,1,3,Mar,11,Friday,35.29,>$2k,0
ORD-01355,2023-03-18,South,Wholesale,Bob Chen,Apparel,Denim Jeans,20,58.5,0.1,1170.0,715.0,455.0,2023,1,3,Mar,11,Saturday,38.89,$500-$2k,0
ORD-00141,2023-03-19,South,In-Store,Grace Lee,Home & Garden,Planter Set,4,42.75,0.05,171.0,99.0,72.0,2023,1,3,Mar,11,Sunday,42.11,$100-$500,0
ORD-01748,2023-03-19,Central,Online,Bob Chen,Home & Garden,Planter Set,3,38.25,0.15,114.75,74.25,40.5,2023,1,3,Mar,11,Sunday,35.29,$100-$500,0
ORD-00906,2023-03-20,North,In-Store,Alice Morgan,Apparel,Running Jacket,14,80.75,0.05,1130.5,654.5,476.0,2023,1,3,Mar,12,Monday,42.11,$500-$2k,0
ORD-01337,2023-03-20,North,Wholesale,Clara Diaz,Home & Garden,Air Purifier,3,199.0,0.0,597.0,328.35,268.65,2023,1,3,Mar,12,Monday,45.0,$500-$2k,0
ORD-01323,2023-03-20,Central,Partner,Bob Chen,Apparel,Running Jacket,10,85.0,0.0,850.0,467.5,382.5,2023,1,3,Mar,12,Monday,45.0,$500-$2k,0
ORD-02000,2023-03-20,South,Wholesale,Henry Osei,Sports,Foam Roller,5,24.0,0.2,120.0,82.5,37.5,2023,1,3,Mar,12,Monday,31.25,$100-$500,0
ORD-00178,2023-03-21,East,Wholesale,Grace Lee,Electronics,4K Monitor,1,569.05,0.05,569.05,329.45,239.6,2023,1,3,Mar,12,Tuesday,42.11,$500-$2k,0
ORD-00693,2023-03-21,East,Wholesale,Clara Diaz,Food & Beverage,Olive Oil 1L,19,16.0,0.0,304.0,167.2,136.8,2023,1,3,Mar,12,Tuesday,45.0,$100-$500,0
ORD-00383,2023-03-21,South,In-Store,Henry Osei,Electronics,Laptop Pro 15,7,1140.0,0.05,7980.0,4620.0,3360.0,2023,1,3,Mar,12,Tuesday,42.11,>$2k,0
ORD-01185,2023-03-22,West,Wholesale,Eva Patel,Apparel,Denim Jeans,8,58.5,0.1,468.0,286.0,182.0,2023,1,3,Mar,12,Wednesday,38.89,$100-$500,0
ORD-01910,2023-03-23,West,Partner,David Kim,Apparel,Denim Jeans,2,55.25,0.15,110.5,71.5,39.0,2023,1,3,Mar,12,Thursday,35.29,$100-$500,0
ORD-00608,2023-03-23,Central,Online,Grace Lee,Electronics,Smart Watch,8,249.0,0.0,1992.0,1095.6,896.4,2023,1,3,Mar,12,Thursday,45.0,$500-$2k,0
ORD-00660,2023-03-24,South,Online,Eva Patel,Home & Garden,Led Strip Kit,2,35.0,0.0,70.0,38.5,31.5,2023,1,3,Mar,12,Friday,45.0,<$100,0
ORD-00102,2023-03-25,South,In-Store,Clara Diaz,Apparel,Denim Jeans,9,55.25,0.15,497.25,321.75,175.5,2023,1,3,Mar,12,Saturday,35.29,$100-$500,0
ORD-00556,2023-03-26,North,In-Store,Alice Morgan,Home & Garden,Air Purifier,11,179.1,0.1,1970.1,1203.95,766.15,2023,1,3,Mar,12,Sunday,38.89,$500-$2k,0
ORD-01994,2023-03-26,South,Online,Henry Osei,Sports,Gym Bag,18,70.0,0.0,1260.0,693.0,567.0,2023,1,3,Mar,12,Sunday,45.0,$500-$2k,0
ORD-01596,2023-03-27,South,Wholesale,Henry Osei,Apparel,Wool Sweater,19,110.0,0.0,2090.0,1149.5,940.5,2023,1,3,Mar,13,Monday,45.0,>$2k,0
ORD-01721,2023-03-27,West,In-Store,Bob Chen,Apparel,Wool Sweater,4,104.5,0.05,418.0,242.0,176.0,2023,1,3,Mar,13,Monday,42.11,$100-$500,0
ORD-00956,2023-03-27,East,Partner,Bob Chen,Sports,Foam Roller,2,24.0,0.2,48.0,33.0,15.0,2023,1,3,Mar,13,Monday,31.25,<$100,0
ORD-00859,2023-03-27,Central,Online,Grace Lee,Electronics,4K Monitor,16,599.0,0.0,9584.0,5271.2,4312.8,2023,1,3,Mar,13,Monday,45.0,>$2k,0
ORD-01189,2023-03-27,East,In-Store,Clara Diaz,Sports,Foam Roller,13,28.5,0.05,370.5,214.5,156.0,2023,1,3,Mar,13,Monday,42.11,$100-$500,0
ORD-00171,2023-03-28,North,In-Store,Clara Diaz,Home & Garden,Planter Set,19,40.5,0.1,769.5,470.25,299.25,2023,1,3,Mar,13,Tuesday,38.89,$500-$2k,0
ORD-00334,2023-03-28,Central,In-Store,Clara Diaz,Electronics,Smart Watch,14,236.55,0.05,3311.7,1917.3,1394.4,2023,1,3,Mar,13,Tuesday,42.11,>$2k,0
ORD-00194,2023-03-28,East,Wholesale,Frank Russo,Sports,Resistance Bands,20,21.25,0.15,425.0,275.0,150.0,2023,1,3,Mar,13,Tuesday,35.29,$100-$500,0
ORD-01671,2023-03-28,Central,Online,Clara Diaz,Electronics,4K Monitor,8,599.0,0.0,4792.0,2635.6,2156.4,2023,1,3,Mar,13,Tuesday,45.0,>$2k,0
ORD-01038,2023-03-28,East,Partner,Grace Lee,Apparel,Running Jacket,17,85.0,0.0,1445.0,794.75,650.25,2023,1,3,Mar,13,Tuesday,45.0,$500-$2k,0
ORD-01035,2023-03-29,East,Partner,Grace Lee,Home & Garden,Planter Set,17,45.0,0.0,765.0,420.75,344.25,2023,1,3,Mar,13,Wednesday,45.0,$500-$2k,0
ORD-00566,2023-03-29,East,In-Store,Frank Russo,Electronics,4K Monitor,18,539.1,0.1,9703.8,5930.1,3773.7,2023,1,3,Mar,13,Wednesday,38.89,>$2k,0
ORD-00408,2023-03-30,Central,Wholesale,Alice Morgan,Sports,Gym Bag,10,70.0,0.0,700.0,385.0,315.0,2023,1,3,Mar,13,Thursday,45.0,$500-$2k,0
ORD-01025,2023-03-30,West,In-Store,Clara Diaz,Food & Beverage,Protein Bars 12Pk,10,23.8,0.15,238.0,154.0,84.0,2023,1,3,Mar,13,Thursday,35.29,$100-$500,0
ORD-01264,2023-03-31,East,Wholesale,Frank Russo,Sports,Resistance Bands,10,21.25,0.15,212.5,137.5,75.0,2023,1,3,Mar,13,Friday,35.29,$100-$500,0
ORD-01749,2023-03-31,Central,Wholesale,David Kim,Food & Beverage,Protein Bars 12Pk,17,22.4,0.2,380.8,261.8,119.0,2023,1,3,Mar,13,Friday,31.25,$100-$500,0
ORD-01356,2023-03-31,West,Online,Henry Osei,Electronics,Wireless Earbuds,10,80.1,0.1,801.0,489.5,311.5,2023,1,3,Mar,13,Friday,38.89,$500-$2k,0
ORD-00525,2023-04-01,West,Wholesale,Frank Russo,Sports,Protein Shaker,19,17.1,0.05,324.9,188.1,136.8,2023,2,4,Apr,13,Saturday,42.11,$100-$500,0
ORD-01633,2023-04-01,North,Online,Clara Diaz,Food & Beverage,Premium Coffee Blend,19,20.9,0.05,397.1,229.9,167.2,2023,2,4,Apr,13,Saturday,42.11,$100-$500,0
ORD-01951,2023-04-02,South,Wholesale,Clara Diaz,Sports,Resistance Bands,18,20.0,0.2,360.0,247.5,112.5,2023,2,4,Apr,13,Sunday,31.25,$100-$500,0
ORD-00272,2023-04-02,Central,In-Store,Alice Morgan,Home & Garden,Planter Set,2,36.0,0.2,72.0,49.5,22.5,2023,2,4,Apr,13,Sunday,31.25,<$100,0
ORD-00649,2023-04-02,West,Partner,Frank Russo,Home & Garden,Led Strip Kit,18,35.0,0.0,630.0,346.5,283.5,2023,2,4,Apr,13,Sunday,45.0,$500-$2k,0
ORD-01761,2023-04-03,Central,Partner,Henry Osei,Home & Garden,Led Strip Kit,7,35.0,0.0,245.0,134.75,110.25,2023,2,4,Apr,14,Monday,45.0,$100-$500,0
ORD-01652,2023-04-03,South,In-Store,Frank Russo,Apparel,Denim Jeans,7,61.75,0.05,432.25,250.25,182.0,2023,2,4,Apr,14,Monday,42.11,$100-$500,0
ORD-00128,2023-04-03,West,Online,Bob Chen,Apparel,Yoga Set,8,46.75,0.15,374.0,242.0,132.0,2023,2,4,Apr,14,Monday,35.29,$100-$500,0
ORD-01328,2023-04-03,East,In-Store,Clara Diaz,Electronics,4K Monitor,9,599.0,0.0,5391.0,2965.05,2425.95,2023,2,4,Apr,14,Monday,45.0,>$2k,0
ORD-01816,2023-04-03,Central,Wholesale,Eva Patel,Sports,Foam Roller,7,30.0,0.0,210.0,115.5,94.5,2023,2,4,Apr,14,Monday,45.0,$100-$500,0
ORD-00668,2023-04-04,Central,Partner,Alice Morgan,Electronics,Wireless Earbuds,6,84.55,0.05,507.3,293.7,213.6,2023,2,4,Apr,14,Tuesday,42.11,$500-$2k,0
ORD-00286,2023-04-04,Central,Wholesale,Alice Morgan,Electronics,Wireless Earbuds,19,84.55,0.05,1606.45,930.05,676.4,2023,2,4,Apr,14,Tuesday,42.11,$500-$2k,0
ORD-01909,2023-04-04,North,Online,Grace Lee,Apparel,Denim Jeans,3,65.0,0.0,195.0,107.25,87.75,2023,2,4,Apr,14,Tuesday,45.0,$100-$500,0
ORD-01638,2023-04-05,West,Partner,Frank Russo,Home & Garden,Planter Set,15,45.0,0.0,675.0,371.25,303.75,2023,2,4,Apr,14,Wednesday,45.0,$500-$2k,0
ORD-01771,2023-04-05,West,Online,Bob Chen,Electronics,Laptop Pro 15,12,1200.0,0.0,14400.0,7920.0,6480.0,2023,2,4,Apr,14,Wednesday,45.0,>$2k,0
ORD-00002,2023-04-06,South,In-Store,Alice Morgan,Food & Beverage,Olive Oil 1L,2,16.0,0.0,32.0,17.6,14.4,2023,2,4,Apr,14,Thursday,45.0,<$100,0
ORD-01392,2023-04-06,North,Online,Grace Lee,Home & Garden,Air Purifier,11,199.0,0.0,2189.0,1203.95,985.05,2023,2,4,Apr,14,Thursday,45.0,>$2k,0
ORD-00333,2023-04-06,Central,Partner,Grace Lee,Electronics,Laptop Pro 15,12,1080.0,0.1,12960.0,7920.0,5040.0,2023,2,4,Apr,14,Thursday,38.89,>$2k,0
ORD-01241,2023-04-07,Central,In-Store,Grace Lee,Food & Beverage,Olive Oil 1L,9,13.6,0.15,122.4,79.2,43.2,2023,2,4,Apr,14,Friday,35.29,$100-$500,0
ORD-00027,2023-04-07,North,Wholesale,Frank Russo,Apparel,Wool Sweater,14,110.0,0.0,1540.0,847.0,693.0,2023,2,4,Apr,14,Friday,45.0,$500-$2k,0
ORD-00677,2023-04-09,Central,Online,Alice Morgan,Home & Garden,Led Strip Kit,11,35.0,0.0,385.0,211.75,173.25,2023,2,4,Apr,14,Sunday,45.0,$100-$500,0
ORD-01169,2023-04-09,South,In-Store,Alice Morgan,Home & Garden,Air Purifier,3,199.0,0.0,597.0,328.35,268.65,2023,2,4,Apr,14,Sunday,45.0,$500-$2k,0
ORD-01489,2023-04-09,North,Wholesale,Henry Osei,Electronics,Laptop Pro 15,6,1200.0,0.0,7200.0,3960.0,3240.0,2023,2,4,Apr,14,Sunday,45.0,>$2k,0
ORD-00781,2023-04-10,West,In-Store,Eva Patel,Electronics,4K Monitor,11,539.1,0.1,5930.1,3623.95,2306.15,2023,2,4,Apr,15,Monday,38.89,>$2k,0
ORD-01294,2023-04-10,North,In-Store,Frank Russo,Home & Garden,Planter Set,10,45.0,0.0,450.0,247.5,202.5,2023,2,4,Apr,15,Monday,45.0,$100-$500,0
ORD-00812,2023-04-11,Central,Online,Henry Osei,Electronics,Laptop Pro 15,1,1140.0,0.05,1140.0,660.0,480.0,2023,2,4,Apr,15,Tuesday,42.11,$500-$2k,0
ORD-00762,2023-04-11,Central,In-Store,David Kim,Food & Beverage,Green Tea Set,11,18.0,0.0,198.0,108.9,89.1,2023,2,4,Apr,15,Tuesday,45.0,$100-$500,0
ORD-00942,2023-04-11,West,Online,David Kim,Sports,Protein Shaker,11,16.2,0.1,178.2,108.9,69.3,2023,2,4,Apr,15,Tuesday,38.89,$100-$500,0
ORD-01437,2023-04-11,North,Wholesale,Grace Lee,Electronics,4K Monitor,9,599.0,0.0,5391.0,2965.05,2425.95,2023,2,4,Apr,15,Tuesday,45.0,>$2k,0
ORD-01049,2023-04-11,South,Wholesale,Grace Lee,Home & Garden,Air Purifier,12,189.05,0.05,2268.6,1313.4,955.2,2023,2,4,Apr,15,Tuesday,42.11,>$2k,0
ORD-00849,2023-04-11,South,Wholesale,David Kim,Apparel,Running Jacket,11,85.0,0.0,935.0,514.25,420.75,2023,2,4,Apr,15,Tuesday,45.0,$500-$2k,0
ORD-01033,2023-04-12,South,Partner,Frank Russo,Home & Garden,Led Strip Kit,17,33.25,0.05,565.25,327.25,238.0,2023,2,4,Apr,15,Wednesday,42.11,$500-$2k,0
ORD-01391,2023-04-12,South,Online,Grace Lee,Food & Beverage,Protein Bars 12Pk,14,28.0,0.0,392.0,215.6,176.4,2023,2,4,Apr,15,Wednesday,45.0,$100-$500,0
ORD-01653,2023-04-13,West,Wholesale,David Kim,Electronics,4K Monitor,6,599.0,0.0,3594.0,1976.7,1617.3,2023,2,4,Apr,15,Thursday,45.0,>$2k,0
ORD-01480,2023-04-13,Central,Wholesale,Frank Russo,Sports,Gym Bag,10,59.5,0.15,595.0,385.0,210.0,2023,2,4,Apr,15,Thursday,35.29,$500-$2k,0
ORD-00452,2023-04-14,East,In-Store,David Kim,Apparel,Wool Sweater,6,110.0,0.0,660.0,363.0,297.0,2023,2,4,Apr,15,Friday,45.0,$500-$2k,0
ORD-00197,2023-04-14,Central,Online,Frank Russo,Apparel,Running Jacket,10,68.0,0.2,680.0,467.5,212.5,2023,2,4,Apr,15,Friday,31.25,$500-$2k,0
ORD-01026,2023-04-14,West,Wholesale,Eva Patel,Apparel,Denim Jeans,20,61.75,0.05,1235.0,715.0,520.0,2023,2,4,Apr,15,Friday,42.11,$500-$2k,0
ORD-00905,2023-04-15,South,In-Store,David Kim,Sports,Protein Shaker,11,18.0,0.0,198.0,108.9,89.1,2023,2,4,Apr,15,Saturday,45.0,$100-$500,0
ORD-00385,2023-04-15,North,Partner,Frank Russo,Electronics,Wireless Earbuds,13,89.0,0.0,1157.0,636.35,520.65,2023,2,4,Apr,15,Saturday,45.0,$500-$2k,0
ORD-00357,2023-04-15,Central,In-Store,Frank Russo,Apparel,Yoga Set,3,49.5,0.1,148.5,90.75,57.75,2023,2,4,Apr,15,Saturday,38.89,$100-$500,0
ORD-00048,2023-04-16,East,Wholesale,Clara Diaz,Home & Garden,Air Purifier,8,169.15,0.15,1353.2,875.6,477.6,2023,2,4,Apr,15,Sunday,35.29,$500-$2k,0
ORD-01345,2023-04-17,North,Partner,Frank Russo,Sports,Resistance Bands,9,25.0,0.0,225.0,123.75,101.25,2023,2,4,Apr,16,Monday,45.0,$100-$500,0
ORD-01430,2023-04-18,East,In-Store,Frank Russo,Sports,Protein Shaker,7,17.1,0.05,119.7,69.3,50.4,2023,2,4,Apr,16,Tuesday,42.11,$100-$500,0
ORD-01362,2023-04-18,East,Wholesale,Clara Diaz,Apparel,Running Jacket,5,68.0,0.2,340.0,233.75,106.25,2023,2,4,Apr,16,Tuesday,31.25,$100-$500,0
ORD-00180,2023-04-19,South,Wholesale,Grace Lee,Home & Garden,Robot Vacuum,14,239.2,0.2,3348.8,2302.3,1046.5,2023,2,4,Apr,16,Wednesday,31.25,>$2k,0
ORD-00508,2023-04-19,West,In-Store,David Kim,Electronics,Laptop Pro 15,10,1200.0,0.0,12000.0,6600.0,5400.0,2023,2,4,Apr,16,Wednesday,45.0,>$2k,0
ORD-01171,2023-04-19,East,Partner,Clara Diaz,Sports,Foam Roller,8,30.0,0.0,240.0,132.0,108.0,2023,2,4,Apr,16,Wednesday,45.0,$100-$500,0
ORD-01560,2023-04-19,South,Partner,Clara Diaz,Home & Garden,Planter Set,20,36.0,0.2,720.0,495.0,225.0,2023,2,4,Apr,16,Wednesday,31.25,$500-$2k,0
ORD-01985,2023-04-19,South,Wholesale,Clara Diaz,Apparel,Yoga Set,14,46.75,0.15,654.5,423.5,231.0,2023,2,4,Apr,16,Wednesday,35.29,$500-$2k,0
ORD-01539,2023-04-19,Central,In-Store,Frank Russo,Home & Garden,Air Purifier,19,199.0,0.0,3781.0,2079.55,1701.45,2023,2,4,Apr,16,Wednesday,45.0,>$2k,0
ORD-01481,2023-04-20,West,Wholesale,Grace Lee,Home & Garden,Led Strip Kit,13,29.75,0.15,386.75,250.25,136.5,2023,2,4,Apr,16,Thursday,35.29,$100-$500,0
ORD-00678,2023-04-20,West,In-Store,Bob Chen,Apparel,Denim Jeans,2,65.0,0.0,130.0,71.5,58.5,2023,2,4,Apr,16,Thursday,45.0,$100-$500,0
ORD-01986,2023-04-21,West,In-Store,Bob Chen,Apparel,Running Jacket,17,68.0,0.2,1156.0,794.75,361.25,2023,2,4,Apr,16,Friday,31.25,$500-$2k,0
ORD-01282,2023-04-21,North,In-Store,Clara Diaz,Food & Beverage,Olive Oil 1L,5,16.0,0.0,80.0,44.0,36.0,2023,2,4,Apr,16,Friday,45.0,<$100,0
ORD-00574,2023-04-22,South,Online,Eva Patel,Home & Garden,Planter Set,16,40.5,0.1,648.0,396.0,252.0,2023,2,4,Apr,16,Saturday,38.89,$500-$2k,0
ORD-00918,2023-04-23,Central,In-Store,Henry Osei,Electronics,Smart Watch,4,236.55,0.05,946.2,547.8,398.4,2023,2,4,Apr,16,Sunday,42.11,$500-$2k,0
ORD-00260,2023-04-23,South,Online,Henry Osei,Apparel,Running Jacket,19,72.25,0.15,1372.75,888.25,484.5,2023,2,4,Apr,16,Sunday,35.29,$500-$2k,0
ORD-01255,2023-04-23,Central,Wholesale,Bob Chen,Electronics,Smart Watch,4,224.1,0.1,896.4,547.8,348.6,2023,2,4,Apr,16,Sunday,38.89,$500-$2k,0
ORD-00934,2023-04-23,Central,Wholesale,Henry Osei,Apparel,Yoga Set,13,52.25,0.05,679.25,393.25,286.0,2023,2,4,Apr,16,Sunday,42.11,$500-$2k,0
ORD-01896,2023-04-24,South,Partner,Eva Patel,Food & Beverage,Green Tea Set,13,18.0,0.0,234.0,128.7,105.3,2023,2,4,Apr,17,Monday,45.0,$100-$500,0
ORD-01339,2023-04-24,South,Online,Alice Morgan,Home & Garden,Led Strip Kit,1,35.0,0.0,35.0,19.25,15.75,2023,2,4,Apr,17,Monday,45.0,<$100,0
ORD-01120,2023-04-24,East,In-Store,Eva Patel,Electronics,Wireless Earbuds,13,75.65,0.15,983.45,636.35,347.1,2023,2,4,Apr,17,Monday,35.29,$500-$2k,0
ORD-00853,2023-04-24,West,Wholesale,Grace Lee,Food & Beverage,Premium Coffee Blend,9,22.0,0.0,198.0,108.9,89.1,2023,2,4,Apr,17,Monday,45.0,$100-$500,0
ORD-01501,2023-04-24,Central,Wholesale,Eva Patel,Food & Beverage,Premium Coffee Blend,18,18.7,0.15,336.6,217.8,118.8,2023,2,4,Apr,17,Monday,35.29,$100-$500,0
ORD-00046,2023-04-25,North,In-Store,Alice Morgan,Food & Beverage,Olive Oil 1L,18,16.0,0.0,288.0,158.4,129.6,2023,2,4,Apr,17,Tuesday,45.0,$100-$500,0
ORD-01665,2023-04-25,South,Wholesale,Grace Lee,Sports,Gym Bag,18,70.0,0.0,1260.0,693.0,567.0,2023,2,4,Apr,17,Tuesday,45.0,$500-$2k,0
ORD-00991,2023-04-26,South,Online,Frank Russo,Food & Beverage,Olive Oil 1L,15,15.2,0.05,228.0,132.0,96.0,2023,2,4,Apr,17,Wednesday,42.11,$100-$500,0
ORD-01960,2023-04-26,North,Wholesale,Bob Chen,Sports,Protein Shaker,7,18.0,0.0,126.0,69.3,56.7,2023,2,4,Apr,17,Wednesday,45.0,$100-$500,0
ORD-01535,2023-04-26,Central,Online,David Kim,Electronics,Laptop Pro 15,17,1140.0,0.05,19380.0,11220.0,8160.0,2023,2,4,Apr,17,Wednesday,42.11,>$2k,0
ORD-00367,2023-04-26,Central,Online,Eva Patel,Food & Beverage,Olive Oil 1L,18,14.4,0.1,259.2,158.4,100.8,2023,2,4,Apr,17,Wednesday,38.89,$100-$500,0
ORD-00844,2023-04-26,South,Wholesale,Henry Osei,Apparel,Yoga Set,2,55.0,0.0,110.0,60.5,49.5,2023,2,4,Apr,17,Wednesday,45.0,$100-$500,0
ORD-01322,2023-04-26,West,In-Store,Bob Chen,Home & Garden,Air Purifier,13,169.15,0.15,2198.95,1422.85,776.1,2023,2,4,Apr,17,Wednesday,35.29,>$2k,0
ORD-00588,2023-04-27,West,Wholesale,Henry Osei,Apparel,Wool Sweater,11,93.5,0.15,1028.5,665.5,363.0,2023,2,4,Apr,17,Thursday,35.29,$500-$2k,0
ORD-01008,2023-04-27,West,In-Store,Clara Diaz,Food & Beverage,Premium Coffee Blend,17,22.0,0.0,374.0,205.7,168.3,2023,2,4,Apr,17,Thursday,45.0,$100-$500,0
ORD-00117,2023-04-27,West,Online,Clara Diaz,Food & Beverage,Olive Oil 1L,3,16.0,0.0,48.0,26.4,21.6,2023,2,4,Apr,17,Thursday,45.0,<$100,0
ORD-00155,2023-04-27,North,Wholesale,Henry Osei,Electronics,Wireless Earbuds,14,80.1,0.1,1121.4,685.3,436.1,2023,2,4,Apr,17,Thursday,38.89,$500-$2k,0
ORD-00182,2023-04-27,Central,In-Store,Frank Russo,Apparel,Running Jacket,17,72.25,0.15,1228.25,794.75,433.5,2023,2,4,Apr,17,Thursday,35.29,$500-$2k,0
ORD-01410,2023-04-28,South,Partner,Grace Lee,Food & Beverage,Green Tea Set,13,18.0,0.0,234.0,128.7,105.3,2023,2,4,Apr,17,Friday,45.0,$100-$500,0
ORD-00113,2023-04-29,West,Online,Henry Osei,Electronics,Smart Watch,9,249.0,0.0,2241.0,1232.55,1008.45,2023,2,4,Apr,17,Saturday,45.0,>$2k,0
ORD-01544,2023-04-29,South,Wholesale,Grace Lee,Apparel,Wool Sweater,11,93.5,0.15,1028.5,665.5,363.0,2023,2,4,Apr,17,Saturday,35.29,$500-$2k,0
ORD-00505,2023-04-29,West,Wholesale,Grace Lee,Electronics,Laptop Pro 15,2,1020.0,0.15,2040.0,1320.0,720.0,2023,2,4,Apr,17,Saturday,35.29,>$2k,0
ORD-00360,2023-05-01,South,Partner,Bob Chen,Home & Garden,Robot Vacuum,5,299.0,0.0,1495.0,822.25,672.75,2023,2,5,May,18,Monday,45.0,$500-$2k,0
ORD-01244,2023-05-01,South,In-Store,Alice Morgan,Electronics,Laptop Pro 15,7,1020.0,0.15,7140.0,4620.0,2520.0,2023,2,5,May,18,Monday,35.29,>$2k,0
ORD-00766,2023-05-01,East,In-Store,Clara Diaz,Food & Beverage,Green Tea Set,15,15.3,0.15,229.5,148.5,81.0,2023,2,5,May,18,Monday,35.29,$100-$500,0
ORD-01032,2023-05-01,South,Partner,Clara Diaz,Food & Beverage,Premium Coffee Blend,6,18.7,0.15,112.2,72.6,39.6,2023,2,5,May,18,Monday,35.29,$100-$500,0
ORD-00492,2023-05-01,West,Online,Bob Chen,Home & Garden,Planter Set,15,36.0,0.2,540.0,371.25,168.75,2023,2,5,May,18,Monday,31.25,$500-$2k,0
ORD-00561,2023-05-02,Central,Online,Bob Chen,Home & Garden,Robot Vacuum,13,254.15,0.15,3303.95,2137.85,1166.1,2023,2,5,May,18,Tuesday,35.29,>$2k,0
ORD-00908,2023-05-02,South,In-Store,Clara Diaz,Apparel,Yoga Set,1,46.75,0.15,46.75,30.25,16.5,2023,2,5,May,18,Tuesday,35.29,<$100,0
ORD-00419,2023-05-03,North,In-Store,Eva Patel,Home & Garden,Led Strip Kit,9,28.0,0.2,252.0,173.25,78.75,2023,2,5,May,18,Wednesday,31.25,$100-$500,0
ORD-01833,2023-05-03,East,Online,Bob Chen,Apparel,Running Jacket,16,72.25,0.15,1156.0,748.0,408.0,2023,2,5,May,18,Wednesday,35.29,$500-$2k,0
ORD-01959,2023-05-03,East,Wholesale,Alice Morgan,Apparel,Yoga Set,9,52.25,0.05,470.25,272.25,198.0,2023,2,5,May,18,Wednesday,42.11,$100-$500,0
ORD-01714,2023-05-03,South,Partner,Henry Osei,Apparel,Yoga Set,20,44.0,0.2,880.0,605.0,275.0,2023,2,5,May,18,Wednesday,31.25,$500-$2k,0
ORD-01549,2023-05-04,West,Partner,Henry Osei,Apparel,Wool Sweater,1,110.0,0.0,110.0,60.5,49.5,2023,2,5,May,18,Thursday,45.0,$100-$500,0
ORD-00835,2023-05-04,Central,In-Store,Frank Russo,Sports,Gym Bag,13,70.0,0.0,910.0,500.5,409.5,2023,2,5,May,18,Thursday,45.0,$500-$2k,0
ORD-00093,2023-05-04,South,Partner,Bob Chen,Home & Garden,Planter Set,9,45.0,0.0,405.0,222.75,182.25,2023,2,5,May,18,Thursday,45.0,$100-$500,0
ORD-00384,2023-05-04,West,In-Store,Henry Osei,Electronics,Laptop Pro 15,11,960.0,0.2,10560.0,7260.0,3300.0,2023,2,5,May,18,Thursday,31.25,>$2k,0
ORD-01988,2023-05-04,South,In-Store,Bob Chen,Electronics,Laptop Pro 15,1,1200.0,0.0,1200.0,660.0,540.0,2023,2,5,May,18,Thursday,45.0,$500-$2k,0
ORD-01071,2023-05-04,North,In-Store,David Kim,Sports,Gym Bag,9,66.5,0.05,598.5,346.5,252.0,2023,2,5,May,18,Thursday,42.11,$500-$2k,0
ORD-01482,2023-05-04,Central,Wholesale,Alice Morgan,Apparel,Running Jacket,10,80.75,0.05,807.5,467.5,340.0,2023,2,5,May,18,Thursday,42.11,$500-$2k,0
ORD-00814,2023-05-05,North,Online,Clara Diaz,Electronics,Wireless Earbuds,20,75.65,0.15,1513.0,979.0,534.0,2023,2,5,May,18,Friday,35.29,$500-$2k,0
ORD-01212,2023-05-06,Central,Partner,David Kim,Sports,Resistance Bands,1,22.5,0.1,22.5,13.75,8.75,2023,2,5,May,18,Saturday,38.89,<$100,0
ORD-01513,2023-05-06,North,Online,Eva Patel,Food & Beverage,Olive Oil 1L,16,13.6,0.15,217.6,140.8,76.8,2023,2,5,May,18,Saturday,35.29,$100-$500,0
ORD-00388,2023-05-07,Central,Wholesale,Frank Russo,Apparel,Running Jacket,4,85.0,0.0,340.0,187.0,153.0,2023,2,5,May,18,Sunday,45.0,$100-$500,0
ORD-01687,2023-05-07,North,Wholesale,David Kim,Sports,Resistance Bands,13,22.5,0.1,292.5,178.75,113.75,2023,2,5,May,18,Sunday,38.89,$100-$500,0
ORD-01702,2023-05-08,North,In-Store,Eva Patel,Food & Beverage,Olive Oil 1L,14,12.8,0.2,179.2,123.2,56.0,2023,2,5,May,19,Monday,31.25,$100-$500,0
ORD-01246,2023-05-08,Central,Partner,Frank Russo,Electronics,Smart Watch,2,249.0,0.0,498.0,273.9,224.1,2023,2,5,May,19,Monday,45.0,$100-$500,0
ORD-01206,2023-05-08,East,Online,Frank Russo,Electronics,Smart Watch,3,236.55,0.05,709.65,410.85,298.8,2023,2,5,May,19,Monday,42.11,$500-$2k,0
ORD-01416,2023-05-08,West,In-Store,Frank Russo,Electronics,Smart Watch,14,249.0,0.0,3486.0,1917.3,1568.7,2023,2,5,May,19,Monday,45.0,>$2k,0
ORD-01342,2023-05-09,South,Wholesale,Alice Morgan,Home & Garden,Robot Vacuum,17,284.05,0.05,4828.85,2795.65,2033.2,2023,2,5,May,19,Tuesday,42.11,>$2k,0
ORD-01242,2023-05-09,North,Partner,Bob Chen,Sports,Protein Shaker,10,16.2,0.1,162.0,99.0,63.0,2023,2,5,May,19,Tuesday,38.89,$100-$500,0
ORD-01774,2023-05-09,South,In-Store,Clara Diaz,Sports,Protein Shaker,19,18.0,0.0,342.0,188.1,153.9,2023,2,5,May,19,Tuesday,45.0,$100-$500,0
ORD-01511,2023-05-10,West,In-Store,Eva Patel,Apparel,Running Jacket,3,85.0,0.0,255.0,140.25,114.75,2023,2,5,May,19,Wednesday,45.0,$100-$500,0
ORD-00879,2023-05-10,West,Partner,Frank Russo,Electronics,Laptop Pro 15,11,1080.0,0.1,11880.0,7260.0,4620.0,2023,2,5,May,19,Wednesday,38.89,>$2k,0
ORD-01563,2023-05-10,West,Partner,Bob Chen,Food & Beverage,Olive Oil 1L,15,14.4,0.1,216.0,132.0,84.0,2023,2,5,May,19,Wednesday,38.89,$100-$500,0
ORD-01783,2023-05-10,North,In-Store,Henry Osei,Home & Garden,Led Strip Kit,1,31.5,0.1,31.5,19.25,12.25,2023,2,5,May,19,Wednesday,38.89,<$100,0
ORD-01551,2023-05-11,West,In-Store,Eva Patel,Apparel,Wool Sweater,14,110.0,0.0,1540.0,847.0,693.0,2023,2,5,May,19,Thursday,45.0,$500-$2k,0
ORD-01773,2023-05-12,East,Partner,Bob Chen,Home & Garden,Led Strip Kit,16,35.0,0.0,560.0,308.0,252.0,2023,2,5,May,19,Friday,45.0,$500-$2k,0
ORD-01824,2023-05-12,North,Wholesale,Frank Russo,Home & Garden,Air Purifier,18,179.1,0.1,3223.8,1970.1,1253.7,2023,2,5,May,19,Friday,38.89,>$2k,0
ORD-01765,2023-05-12,Central,In-Store,Clara Diaz,Apparel,Denim Jeans,19,65.0,0.0,1235.0,679.25,555.75,2023,2,5,May,19,Friday,45.0,$500-$2k,0
ORD-00425,2023-05-12,North,Partner,Bob Chen,Electronics,Wireless Earbuds,15,71.2,0.2,1068.0,734.25,333.75,2023,2,5,May,19,Friday,31.25,$500-$2k,0
ORD-01360,2023-05-13,West,Partner,Frank Russo,Sports,Protein Shaker,20,15.3,0.15,306.0,198.0,108.0,2023,2,5,May,19,Saturday,35.29,$100-$500,0
ORD-01296,2023-05-14,Central,Online,Alice Morgan,Apparel,Wool Sweater,3,110.0,0.0,330.0,181.5,148.5,2023,2,5,May,19,Sunday,45.0,$100-$500,0
ORD-01050,2023-05-14,West,In-Store,Henry Osei,Electronics,Laptop Pro 15,2,1140.0,0.05,2280.0,1320.0,960.0,2023,2,5,May,19,Sunday,42.11,>$2k,0
ORD-00909,2023-05-14,North,Wholesale,Bob Chen,Apparel,Yoga Set,5,55.0,0.0,275.0,151.25,123.75,2023,2,5,May,19,Sunday,45.0,$100-$500,0
ORD-00415,2023-05-14,South,Partner,Eva Patel,Food & Beverage,Premium Coffee Blend,14,18.7,0.15,261.8,169.4,92.4,2023,2,5,May,19,Sunday,35.29,$100-$500,0
ORD-00045,2023-05-14,East,In-Store,Henry Osei,Home & Garden,Robot Vacuum,1,299.0,0.0,299.0,164.45,134.55,2023,2,5,May,19,Sunday,45.0,$100-$500,0
ORD-00115,2023-05-15,East,Wholesale,Henry Osei,Electronics,Wireless Earbuds,9,80.1,0.1,720.9,440.55,280.35,2023,2,5,May,20,Monday,38.89,$500-$2k,0
ORD-01287,2023-05-16,West,Online,Eva Patel,Food & Beverage,Protein Bars 12Pk,8,28.0,0.0,224.0,123.2,100.8,2023,2,5,May,20,Tuesday,45.0,$100-$500,0
ORD-00481,2023-05-16,South,Online,David Kim,Food & Beverage,Premium Coffee Blend,1,20.9,0.05,20.9,12.1,8.8,2023,2,5,May,20,Tuesday,42.11,<$100,0
ORD-00065,2023-05-17,West,Partner,Henry Osei,Food & Beverage,Protein Bars 12Pk,4,26.6,0.05,106.4,61.6,44.8,2023,2,5,May,20,Wednesday,42.11,$100-$500,0
ORD-01306,2023-05-17,East,Online,David Kim,Home & Garden,Robot Vacuum,5,299.0,0.0,1495.0,822.25,672.75,2023,2,5,May,20,Wednesday,45.0,$500-$2k,0
ORD-00386,2023-05-17,South,Online,Alice Morgan,Home & Garden,Air Purifier,13,159.2,0.2,2069.6,1422.85,646.75,2023,2,5,May,20,Wednesday,31.25,>$2k,0
ORD-01829,2023-05-17,West,In-Store,Henry Osei,Food & Beverage,Olive Oil 1L,14,13.6,0.15,190.4,123.2,67.2,2023,2,5,May,20,Wednesday,35.29,$100-$500,0
ORD-00250,2023-05-18,East,Partner,Grace Lee,Food & Beverage,Premium Coffee Blend,4,20.9,0.05,83.6,48.4,35.2,2023,2,5,May,20,Thursday,42.11,<$100,0
ORD-00671,2023-05-18,East,Online,Henry Osei,Electronics,4K Monitor,12,509.15,0.15,6109.8,3953.4,2156.4,2023,2,5,May,20,Thursday,35.29,>$2k,0
ORD-01130,2023-05-18,North,Partner,Henry Osei,Home & Garden,Planter Set,18,45.0,0.0,810.0,445.5,364.5,2023,2,5,May,20,Thursday,45.0,$500-$2k,0
ORD-01203,2023-05-18,South,Wholesale,Clara Diaz,Apparel,Yoga Set,6,46.75,0.15,280.5,181.5,99.0,2023,2,5,May,20,Thursday,35.29,$100-$500,0
ORD-00290,2023-05-19,West,Partner,Grace Lee,Home & Garden,Led Strip Kit,6,28.0,0.2,168.0,115.5,52.5,2023,2,5,May,20,Friday,31.25,$100-$500,0
ORD-01606,2023-05-19,South,Wholesale,Alice Morgan,Sports,Resistance Bands,11,21.25,0.15,233.75,151.25,82.5,2023,2,5,May,20,Friday,35.29,$100-$500,0
ORD-00564,2023-05-20,West,Partner,Clara Diaz,Sports,Resistance Bands,18,25.0,0.0,450.0,247.5,202.5,2023,2,5,May,20,Saturday,45.0,$100-$500,0
ORD-00904,2023-05-21,Central,Partner,Frank Russo,Electronics,Smart Watch,5,249.0,0.0,1245.0,684.75,560.25,2023,2,5,May,20,Sunday,45.0,$500-$2k,0
ORD-01060,2023-05-22,Central,Wholesale,Henry Osei,Sports,Protein Shaker,20,18.0,0.0,360.0,198.0,162.0,2023,2,5,May,21,Monday,45.0,$100-$500,0
ORD-01508,2023-05-22,North,Wholesale,Bob Chen,Apparel,Wool Sweater,14,99.0,0.1,1386.0,847.0,539.0,2023,2,5,May,21,Monday,38.89,$500-$2k,0
ORD-00014,2023-05-22,Central,Wholesale,Bob Chen,Food & Beverage,Olive Oil 1L,12,16.0,0.0,192.0,105.6,86.4,2023,2,5,May,21,Monday,45.0,$100-$500,0
ORD-01693,2023-05-22,Central,Online,Grace Lee,Apparel,Running Jacket,20,85.0,0.0,1700.0,935.0,765.0,2023,2,5,May,21,Monday,45.0,$500-$2k,0
ORD-00207,2023-05-23,West,Wholesale,Alice Morgan,Electronics,Smart Watch,16,211.65,0.15,3386.4,2191.2,1195.2,2023,2,5,May,21,Tuesday,35.29,>$2k,0
ORD-01649,2023-05-23,South,Partner,Alice Morgan,Home & Garden,Air Purifier,19,159.2,0.2,3024.8,2079.55,945.25,2023,2,5,May,21,Tuesday,31.25,>$2k,0
ORD-01318,2023-05-23,West,Wholesale,Clara Diaz,Electronics,Smart Watch,3,249.0,0.0,747.0,410.85,336.15,2023,2,5,May,21,Tuesday,45.0,$500-$2k,0
ORD-01333,2023-05-23,East,Wholesale,Clara Diaz,Electronics,Laptop Pro 15,12,1200.0,0.0,14400.0,7920.0,6480.0,2023,2,5,May,21,Tuesday,45.0,>$2k,0
ORD-00783,2023-05-23,Central,Online,Clara Diaz,Sports,Foam Roller,3,30.0,0.0,90.0,49.5,40.5,2023,2,5,May,21,Tuesday,45.0,<$100,0
ORD-00232,2023-05-23,South,Wholesale,Alice Morgan,Home & Garden,Air Purifier,4,199.0,0.0,796.0,437.8,358.2,2023,2,5,May,21,Tuesday,45.0,$500-$2k,0
ORD-00957,2023-05-24,South,Online,Bob Chen,Sports,Gym Bag,3,66.5,0.05,199.5,115.5,84.0,2023,2,5,May,21,Wednesday,42.11,$100-$500,0
ORD-00145,2023-05-24,North,Online,Eva Patel,Sports,Gym Bag,14,70.0,0.0,980.0,539.0,441.0,2023,2,5,May,21,Wednesday,45.0,$500-$2k,0
ORD-01735,2023-05-24,West,Partner,Alice Morgan,Electronics,4K Monitor,12,509.15,0.15,6109.8,3953.4,2156.4,2023,2,5,May,21,Wednesday,35.29,>$2k,0
ORD-01706,2023-05-24,South,Partner,Alice Morgan,Home & Garden,Planter Set,20,45.0,0.0,900.0,495.0,405.0,2023,2,5,May,21,Wednesday,45.0,$500-$2k,0
ORD-01080,2023-05-24,Central,Partner,Grace Lee,Electronics,4K Monitor,4,479.2,0.2,1916.8,1317.8,599.0,2023,2,5,May,21,Wednesday,31.25,$500-$2k,0
ORD-01048,2023-05-24,West,In-Store,Bob Chen,Home & Garden,Planter Set,19,38.25,0.15,726.75,470.25,256.5,2023,2,5,May,21,Wednesday,35.29,$500-$2k,0
ORD-01248,2023-05-24,Central,Wholesale,Frank Russo,Food & Beverage,Green Tea Set,18,17.1,0.05,307.8,178.2,129.6,2023,2,5,May,21,Wednesday,42.11,$100-$500,0
ORD-00831,2023-05-25,West,Online,Henry Osei,Food & Beverage,Protein Bars 12Pk,3,28.0,0.0,84.0,46.2,37.8,2023,2,5,May,21,Thursday,45.0,<$100,0
ORD-01928,2023-05-25,South,Wholesale,David Kim,Home & Garden,Led Strip Kit,20,35.0,0.0,700.0,385.0,315.0,2023,2,5,May,21,Thursday,45.0,$500-$2k,0
ORD-01184,2023-05-25,South,In-Store,Bob Chen,Electronics,Wireless Earbuds,2,75.65,0.15,151.3,97.9,53.4,2023,2,5,May,21,Thursday,35.29,$100-$500,0
ORD-00840,2023-05-27,East,Wholesale,Grace Lee,Sports,Protein Shaker,5,18.0,0.0,90.0,49.5,40.5,2023,2,5,May,21,Saturday,45.0,<$100,0
ORD-01317,2023-05-27,Central,Online,Alice Morgan,Apparel,Denim Jeans,3,65.0,0.0,195.0,107.25,87.75,2023,2,5,May,21,Saturday,45.0,$100-$500,0
ORD-01870,2023-05-27,Central,Partner,Alice Morgan,Apparel,Yoga Set,18,55.0,0.0,990.0,544.5,445.5,2023,2,5,May,21,Saturday,45.0,$500-$2k,0
ORD-00298,2023-05-27,Central,In-Store,Grace Lee,Food & Beverage,Green Tea Set,8,18.0,0.0,144.0,79.2,64.8,2023,2,5,May,21,Saturday,45.0,$100-$500,0
ORD-00125,2023-05-28,West,In-Store,Bob Chen,Electronics,4K Monitor,1,509.15,0.15,509.15,329.45,179.7,2023,2,5,May,21,Sunday,35.29,$500-$2k,0
ORD-01595,2023-05-28,North,Online,Clara Diaz,Food & Beverage,Premium Coffee Blend,10,22.0,0.0,220.0,121.0,99.0,2023,2,5,May,21,Sunday,45.0,$100-$500,0
ORD-01473,2023-05-28,Central,Wholesale,Clara Diaz,Food & Beverage,Premium Coffee Blend,7,19.8,0.1,138.6,84.7,53.9,2023,2,5,May,21,Sunday,38.89,$100-$500,0
ORD-00607,2023-05-29,West,Wholesale,Bob Chen,Sports,Foam Roller,3,24.0,0.2,72.0,49.5,22.5,2023,2,5,May,22,Monday,31.25,<$100,0
ORD-00719,2023-05-29,Central,In-Store,Frank Russo,Food & Beverage,Protein Bars 12Pk,14,22.4,0.2,313.6,215.6,98.0,2023,2,5,May,22,Monday,31.25,$100-$500,0
ORD-00804,2023-05-29,Central,In-Store,Henry Osei,Apparel,Running Jacket,11,85.0,0.0,935.0,514.25,420.75,2023,2,5,May,22,Monday,45.0,$500-$2k,0
ORD-00639,2023-05-29,South,Partner,Grace Lee,Sports,Gym Bag,15,59.5,0.15,892.5,577.5,315.0,2023,2,5,May,22,Monday,35.29,$500-$2k,0
ORD-00741,2023-05-29,North,Partner,Frank Russo,Apparel,Running Jacket,12,85.0,0.0,1020.0,561.0,459.0,2023,2,5,May,22,Monday,45.0,$500-$2k,0
ORD-00978,2023-05-30,North,Partner,Eva Patel,Apparel,Wool Sweater,6,104.5,0.05,627.0,363.0,264.0,2023,2,5,May,22,Tuesday,42.11,$500-$2k,0
ORD-00720,2023-05-30,North,Partner,Grace Lee,Electronics,Laptop Pro 15,6,1200.0,0.0,7200.0,3960.0,3240.0,2023,2,5,May,22,Tuesday,45.0,>$2k,0
ORD-00183,2023-05-30,East,In-Store,Clara Diaz,Home & Garden,Air Purifier,8,199.0,0.0,1592.0,875.6,716.4,2023,2,5,May,22,Tuesday,45.0,$500-$2k,0
ORD-00632,2023-05-30,South,Wholesale,Alice Morgan,Apparel,Wool Sweater,13,110.0,0.0,1430.0,786.5,643.5,2023,2,5,May,22,Tuesday,45.0,$500-$2k,0
ORD-00439,2023-06-01,Central,In-Store,Bob Chen,Apparel,Yoga Set,2,55.0,0.0,110.0,60.5,49.5,2023,2,6,Jun,22,Thursday,45.0,$100-$500,0
ORD-00152,2023-06-01,Central,Online,Eva Patel,Food & Beverage,Protein Bars 12Pk,8,28.0,0.0,224.0,123.2,100.8,2023,2,6,Jun,22,Thursday,45.0,$100-$500,0
ORD-01548,2023-06-01,Central,Wholesale,David Kim,Electronics,4K Monitor,14,539.1,0.1,7547.4,4612.3,2935.1,2023,2,6,Jun,22,Thursday,38.89,>$2k,0
ORD-01237,2023-06-02,West,In-Store,Alice Morgan,Electronics,Smart Watch,19,236.55,0.05,4494.45,2602.05,1892.4,2023,2,6,Jun,22,Friday,42.11,>$2k,0
ORD-00208,2023-06-03,Central,Wholesale,Bob Chen,Electronics,Laptop Pro 15,9,1200.0,0.0,10800.0,5940.0,4860.0,2023,2,6,Jun,22,Saturday,45.0,>$2k,0
ORD-01457,2023-06-03,Central,Partner,Clara Diaz,Sports,Resistance Bands,15,21.25,0.15,318.75,206.25,112.5,2023,2,6,Jun,22,Saturday,35.29,$100-$500,0
ORD-00285,2023-06-03,South,Partner,Henry Osei,Electronics,Wireless Earbuds,19,80.1,0.1,1521.9,930.05,591.85,2023,2,6,Jun,22,Saturday,38.89,$500-$2k,0
ORD-00988,2023-06-04,Central,Wholesale,Alice Morgan,Apparel,Yoga Set,16,44.0,0.2,704.0,484.0,220.0,2023,2,6,Jun,22,Sunday,31.25,$500-$2k,0
ORD-01030,2023-06-04,Central,Online,Alice Morgan,Home & Garden,Robot Vacuum,18,299.0,0.0,5382.0,2960.1,2421.9,2023,2,6,Jun,22,Sunday,45.0,>$2k,0
ORD-01324,2023-06-04,South,Wholesale,Frank Russo,Home & Garden,Robot Vacuum,2,269.1,0.1,538.2,328.9,209.3,2023,2,6,Jun,22,Sunday,38.89,$500-$2k,0
ORD-00872,2023-06-04,South,Online,Eva Patel,Home & Garden,Robot Vacuum,5,284.05,0.05,1420.25,822.25,598.0,2023,2,6,Jun,22,Sunday,42.11,$500-$2k,0
ORD-01957,2023-06-05,Central,Online,Eva Patel,Food & Beverage,Protein Bars 12Pk,13,28.0,0.0,364.0,200.2,163.8,2023,2,6,Jun,23,Monday,45.0,$100-$500,0
ORD-01352,2023-06-05,West,Online,Bob Chen,Sports,Foam Roller,10,30.0,0.0,300.0,165.0,135.0,2023,2,6,Jun,23,Monday,45.0,$100-$500,0
ORD-01868,2023-06-06,East,Online,David Kim,Apparel,Running Jacket,13,80.75,0.05,1049.75,607.75,442.0,2023,2,6,Jun,23,Tuesday,42.11,$500-$2k,0
ORD-01626,2023-06-06,South,In-Store,Bob Chen,Home & Garden,Robot Vacuum,20,254.15,0.15,5083.0,3289.0,1794.0,2023,2,6,Jun,23,Tuesday,35.29,>$2k,0
ORD-00506,2023-06-06,South,Online,Eva Patel,Electronics,Smart Watch,16,211.65,0.15,3386.4,2191.2,1195.2,2023,2,6,Jun,23,Tuesday,35.29,>$2k,0
ORD-00069,2023-06-06,South,Online,Grace Lee,Apparel,Denim Jeans,13,55.25,0.15,718.25,464.75,253.5,2023,2,6,Jun,23,Tuesday,35.29,$500-$2k,0
ORD-00198,2023-06-07,South,In-Store,Clara Diaz,Food & Beverage,Protein Bars 12Pk,20,26.6,0.05,532.0,308.0,224.0,2023,2,6,Jun,23,Wednesday,42.11,$500-$2k,0
ORD-00761,2023-06-07,South,Partner,Henry Osei,Food & Beverage,Premium Coffee Blend,16,19.8,0.1,316.8,193.6,123.2,2023,2,6,Jun,23,Wednesday,38.89,$100-$500,0
ORD-01298,2023-06-07,North,In-Store,David Kim,Home & Garden,Led Strip Kit,7,31.5,0.1,220.5,134.75,85.75,2023,2,6,Jun,23,Wednesday,38.89,$100-$500,0
ORD-00147,2023-06-08,West,Online,Henry Osei,Home & Garden,Led Strip Kit,19,29.75,0.15,565.25,365.75,199.5,2023,2,6,Jun,23,Thursday,35.29,$500-$2k,0
ORD-00417,2023-06-09,North,In-Store,Henry Osei,Apparel,Denim Jeans,19,65.0,0.0,1235.0,679.25,555.75,2023,2,6,Jun,23,Friday,45.0,$500-$2k,0
ORD-01261,2023-06-09,South,In-Store,Grace Lee,Home & Garden,Robot Vacuum,17,254.15,0.15,4320.55,2795.65,1524.9,2023,2,6,Jun,23,Friday,35.29,>$2k,0
ORD-01685,2023-06-09,Central,In-Store,Frank Russo,Home & Garden,Led Strip Kit,15,35.0,0.0,525.0,288.75,236.25,2023,2,6,Jun,23,Friday,45.0,$500-$2k,0
ORD-01711,2023-06-09,Central,Partner,Frank Russo,Sports,Resistance Bands,12,21.25,0.15,255.0,165.0,90.0,2023,2,6,Jun,23,Friday,35.29,$100-$500,0
ORD-00004,2023-06-09,South,Partner,Bob Chen,Apparel,Wool Sweater,11,110.0,0.0,1210.0,665.5,544.5,2023,2,6,Jun,23,Friday,45.0,$500-$2k,0
ORD-01884,2023-06-10,West,Wholesale,Clara Diaz,Apparel,Denim Jeans,11,58.5,0.1,643.5,393.25,250.25,2023,2,6,Jun,23,Saturday,38.89,$500-$2k,0
ORD-01054,2023-06-10,Central,Partner,Bob Chen,Sports,Protein Shaker,2,15.3,0.15,30.6,19.8,10.8,2023,2,6,Jun,23,Saturday,35.29,<$100,0
ORD-00522,2023-06-10,Central,Wholesale,Henry Osei,Apparel,Running Jacket,1,72.25,0.15,72.25,46.75,25.5,2023,2,6,Jun,23,Saturday,35.29,<$100,0
ORD-00017,2023-06-11,West,Online,Eva Patel,Home & Garden,Robot Vacuum,10,284.05,0.05,2840.5,1644.5,1196.0,2023,2,6,Jun,23,Sunday,42.11,>$2k,0
ORD-01731,2023-06-11,Central,In-Store,Frank Russo,Apparel,Wool Sweater,6,88.0,0.2,528.0,363.0,165.0,2023,2,6,Jun,23,Sunday,31.25,$500-$2k,0
ORD-00066,2023-06-12,West,Wholesale,Eva Patel,Food & Beverage,Olive Oil 1L,18,15.2,0.05,273.6,158.4,115.2,2023,2,6,Jun,24,Monday,42.11,$100-$500,0
ORD-00015,2023-06-13,West,Online,Grace Lee,Electronics,Laptop Pro 15,5,1020.0,0.15,5100.0,3300.0,1800.0,2023,2,6,Jun,24,Tuesday,35.29,>$2k,0
ORD-00247,2023-06-13,West,Wholesale,Henry Osei,Home & Garden,Planter Set,7,36.0,0.2,252.0,173.25,78.75,2023,2,6,Jun,24,Tuesday,31.25,$100-$500,0
ORD-01958,2023-06-13,South,Partner,Frank Russo,Home & Garden,Planter Set,17,42.75,0.05,726.75,420.75,306.0,2023,2,6,Jun,24,Tuesday,42.11,$500-$2k,0
ORD-00567,2023-06-14,South,In-Store,Eva Patel,Apparel,Wool Sweater,17,110.0,0.0,1870.0,1028.5,841.5,2023,2,6,Jun,24,Wednesday,45.0,$500-$2k,0
ORD-01400,2023-06-14,South,Partner,Alice Morgan,Sports,Gym Bag,15,56.0,0.2,840.0,577.5,262.5,2023,2,6,Jun,24,Wednesday,31.25,$500-$2k,0
ORD-00203,2023-06-14,East,Wholesale,Clara Diaz,Food & Beverage,Premium Coffee Blend,10,22.0,0.0,220.0,121.0,99.0,2023,2,6,Jun,24,Wednesday,45.0,$100-$500,0
ORD-00965,2023-06-14,West,Partner,Grace Lee,Electronics,Wireless Earbuds,10,89.0,0.0,890.0,489.5,400.5,2023,2,6,Jun,24,Wednesday,45.0,$500-$2k,0
ORD-01353,2023-06-14,Central,Partner,Henry Osei,Apparel,Denim Jeans,5,52.0,0.2,260.0,178.75,81.25,2023,2,6,Jun,24,Wednesday,31.25,$100-$500,0
ORD-01792,2023-06-14,South,Wholesale,Clara Diaz,Sports,Resistance Bands,5,23.75,0.05,118.75,68.75,50.0,2023,2,6,Jun,24,Wednesday,42.11,$100-$500,0
ORD-01877,2023-06-14,East,Online,Grace Lee,Home & Garden,Air Purifier,13,199.0,0.0,2587.0,1422.85,1164.15,2023,2,6,Jun,24,Wednesday,45.0,>$2k,0
ORD-00640,2023-06-15,East,In-Store,Frank Russo,Food & Beverage,Olive Oil 1L,3,16.0,0.0,48.0,26.4,21.6,2023,2,6,Jun,24,Thursday,45.0,<$100,0
ORD-01163,2023-06-15,South,Online,Bob Chen,Apparel,Wool Sweater,9,88.0,0.2,792.0,544.5,247.5,2023,2,6,Jun,24,Thursday,31.25,$500-$2k,0
ORD-01832,2023-06-15,South,In-Store,Clara Diaz,Food & Beverage,Premium Coffee Blend,17,20.9,0.05,355.3,205.7,149.6,2023,2,6,Jun,24,Thursday,42.11,$100-$500,0
ORD-01999,2023-06-16,North,Partner,Frank Russo,Apparel,Wool Sweater,10,88.0,0.2,880.0,605.0,275.0,2023,2,6,Jun,24,Friday,31.25,$500-$2k,0
ORD-01113,2023-06-16,North,Wholesale,Alice Morgan,Food & Beverage,Green Tea Set,14,18.0,0.0,252.0,138.6,113.4,2023,2,6,Jun,24,Friday,45.0,$100-$500,0
ORD-01194,2023-06-16,South,Wholesale,Eva Patel,Electronics,Laptop Pro 15,13,1080.0,0.1,14040.0,8580.0,5460.0,2023,2,6,Jun,24,Friday,38.89,>$2k,0
ORD-00653,2023-06-17,West,Wholesale,David Kim,Sports,Protein Shaker,13,18.0,0.0,234.0,128.7,105.3,2023,2,6,Jun,24,Saturday,45.0,$100-$500,0
ORD-00032,2023-06-18,West,Online,Grace Lee,Sports,Resistance Bands,13,25.0,0.0,325.0,178.75,146.25,2023,2,6,Jun,24,Sunday,45.0,$100-$500,0
ORD-01433,2023-06-18,East,Online,Clara Diaz,Apparel,Running Jacket,9,80.75,0.05,726.75,420.75,306.0,2023,2,6,Jun,24,Sunday,42.11,$500-$2k,0
ORD-01159,2023-06-18,East,In-Store,Alice Morgan,Electronics,Smart Watch,14,236.55,0.05,3311.7,1917.3,1394.4,2023,2,6,Jun,24,Sunday,42.11,>$2k,0
ORD-01964,2023-06-19,West,Wholesale,Eva Patel,Home & Garden,Led Strip Kit,13,31.5,0.1,409.5,250.25,159.25,2023,2,6,Jun,25,Monday,38.89,$100-$500,0
ORD-01694,2023-06-20,Central,Wholesale,Bob Chen,Electronics,Smart Watch,20,249.0,0.0,4980.0,2739.0,2241.0,2023,2,6,Jun,25,Tuesday,45.0,>$2k,0
ORD-01580,2023-06-20,Central,In-Store,Bob Chen,Sports,Protein Shaker,8,16.2,0.1,129.6,79.2,50.4,2023,2,6,Jun,25,Tuesday,38.89,$100-$500,0
ORD-00365,2023-06-21,North,Online,David Kim,Sports,Protein Shaker,15,17.1,0.05,256.5,148.5,108.0,2023,2,6,Jun,25,Wednesday,42.11,$100-$500,0
ORD-00806,2023-06-21,West,Wholesale,Henry Osei,Electronics,Smart Watch,4,249.0,0.0,996.0,547.8,448.2,2023,2,6,Jun,25,Wednesday,45.0,$500-$2k,0
ORD-00239,2023-06-22,Central,In-Store,Clara Diaz,Food & Beverage,Premium Coffee Blend,17,18.7,0.15,317.9,205.7,112.2,2023,2,6,Jun,25,Thursday,35.29,$100-$500,0
ORD-01201,2023-06-22,West,Online,Bob Chen,Apparel,Wool Sweater,10,110.0,0.0,1100.0,605.0,495.0,2023,2,6,Jun,25,Thursday,45.0,$500-$2k,0
ORD-00496,2023-06-22,Central,In-Store,Henry Osei,Electronics,4K Monitor,9,599.0,0.0,5391.0,2965.05,2425.95,2023,2,6,Jun,25,Thursday,45.0,>$2k,0
ORD-01068,2023-06-22,East,In-Store,Clara Diaz,Electronics,Laptop Pro 15,4,1080.0,0.1,4320.0,2640.0,1680.0,2023,2,6,Jun,25,Thursday,38.89,>$2k,0
ORD-00992,2023-06-22,Central,Partner,David Kim,Electronics,Wireless Earbuds,10,89.0,0.0,890.0,489.5,400.5,2023,2,6,Jun,25,Thursday,45.0,$500-$2k,0
ORD-00312,2023-06-22,East,In-Store,Clara Diaz,Home & Garden,Led Strip Kit,16,33.25,0.05,532.0,308.0,224.0,2023,2,6,Jun,25,Thursday,42.11,$500-$2k,0
ORD-00735,2023-06-24,East,In-Store,Clara Diaz,Sports,Protein Shaker,2,14.4,0.2,28.8,19.8,9.0,2023,2,6,Jun,25,Saturday,31.25,<$100,0
ORD-01425,2023-06-24,South,Wholesale,Bob Chen,Food & Beverage,Olive Oil 1L,9,13.6,0.15,122.4,79.2,43.2,2023,2,6,Jun,25,Saturday,35.29,$100-$500,0
ORD-01442,2023-06-25,South,Partner,Eva Patel,Apparel,Yoga Set,16,55.0,0.0,880.0,484.0,396.0,2023,2,6,Jun,25,Sunday,45.0,$500-$2k,0
ORD-01305,2023-06-25,South,Online,David Kim,Home & Garden,Planter Set,18,45.0,0.0,810.0,445.5,364.5,2023,2,6,Jun,25,Sunday,45.0,$500-$2k,0
ORD-01146,2023-06-25,North,In-Store,Alice Morgan,Home & Garden,Led Strip Kit,10,35.0,0.0,350.0,192.5,157.5,2023,2,6,Jun,25,Sunday,45.0,$100-$500,0
ORD-01651,2023-06-26,East,Partner,Bob Chen,Sports,Foam Roller,5,30.0,0.0,150.0,82.5,67.5,2023,2,6,Jun,26,Monday,45.0,$100-$500,0
ORD-00230,2023-06-26,West,Online,Frank Russo,Electronics,Wireless Earbuds,3,84.55,0.05,253.65,146.85,106.8,2023,2,6,Jun,26,Monday,42.11,$100-$500,0
ORD-00971,2023-06-27,Central,Partner,Eva Patel,Sports,Protein Shaker,5,18.0,0.0,90.0,49.5,40.5,2023,2,6,Jun,26,Tuesday,45.0,<$100,0
ORD-01490,2023-06-28,West,Wholesale,Bob Chen,Home & Garden,Air Purifier,8,199.0,0.0,1592.0,875.6,716.4,2023,2,6,Jun,26,Wednesday,45.0,$500-$2k,0
ORD-00513,2023-06-28,North,Partner,Frank Russo,Home & Garden,Led Strip Kit,2,35.0,0.0,70.0,38.5,31.5,2023,2,6,Jun,26,Wednesday,45.0,<$100,0
ORD-00153,2023-06-28,North,Online,Clara Diaz,Apparel,Denim Jeans,18,65.0,0.0,1170.0,643.5,526.5,2023,2,6,Jun,26,Wednesday,45.0,$500-$2k,0
ORD-00609,2023-06-29,West,Wholesale,Alice Morgan,Sports,Gym Bag,20,70.0,0.0,1400.0,770.0,630.0,2023,2,6,Jun,26,Thursday,45.0,$500-$2k,0
ORD-00803,2023-06-29,East,In-Store,Henry Osei,Food & Beverage,Protein Bars 12Pk,15,28.0,0.0,420.0,231.0,189.0,2023,2,6,Jun,26,Thursday,45.0,$100-$500,0
ORD-01438,2023-06-30,Central,Partner,Henry Osei,Apparel,Yoga Set,7,52.25,0.05,365.75,211.75,154.0,2023,2,6,Jun,26,Friday,42.11,$100-$500,0
ORD-01186,2023-06-30,Central,In-Store,Eva Patel,Apparel,Denim Jeans,8,61.75,0.05,494.0,286.0,208.0,2023,2,6,Jun,26,Friday,42.11,$100-$500,0
ORD-00726,2023-07-01,West,Wholesale,Frank Russo,Apparel,Denim Jeans,7,65.0,0.0,455.0,250.25,204.75,2023,3,7,Jul,26,Saturday,45.0,$100-$500,0
ORD-00340,2023-07-01,West,Partner,Eva Patel,Home & Garden,Air Purifier,16,199.0,0.0,3184.0,1751.2,1432.8,2023,3,7,Jul,26,Saturday,45.0,>$2k,0
ORD-01381,2023-07-01,Central,In-Store,Grace Lee,Apparel,Wool Sweater,14,110.0,0.0,1540.0,847.0,693.0,2023,3,7,Jul,26,Saturday,45.0,$500-$2k,0
ORD-01698,2023-07-01,West,Online,Frank Russo,Food & Beverage,Olive Oil 1L,8,12.8,0.2,102.4,70.4,32.0,2023,3,7,Jul,26,Saturday,31.25,$100-$500,0
ORD-01835,2023-07-01,West,Partner,Henry Osei,Apparel,Running Jacket,10,85.0,0.0,850.0,467.5,382.5,2023,3,7,Jul,26,Saturday,45.0,$500-$2k,0
ORD-01557,2023-07-02,South,Online,David Kim,Home & Garden,Led Strip Kit,11,28.0,0.2,308.0,211.75,96.25,2023,3,7,Jul,26,Sunday,31.25,$100-$500,0
ORD-00851,2023-07-02,West,Partner,Clara Diaz,Apparel,Denim Jeans,20,61.75,0.05,1235.0,715.0,520.0,2023,3,7,Jul,26,Sunday,42.11,$500-$2k,0
ORD-01165,2023-07-02,South,Online,David Kim,Home & Garden,Air Purifier,15,199.0,0.0,2985.0,1641.75,1343.25,2023,3,7,Jul,26,Sunday,45.0,>$2k,0
ORD-01688,2023-07-02,South,Wholesale,Grace Lee,Apparel,Running Jacket,19,85.0,0.0,1615.0,888.25,726.75,2023,3,7,Jul,26,Sunday,45.0,$500-$2k,0
ORD-00742,2023-07-02,South,Partner,Clara Diaz,Electronics,Laptop Pro 15,4,1140.0,0.05,4560.0,2640.0,1920.0,2023,3,7,Jul,26,Sunday,42.11,>$2k,0
ORD-01230,2023-07-03,West,Wholesale,Eva Patel,Apparel,Denim Jeans,2,52.0,0.2,104.0,71.5,32.5,2023,3,7,Jul,27,Monday,31.25,$100-$500,0
ORD-01528,2023-07-03,West,Wholesale,Alice Morgan,Home & Garden,Planter Set,9,36.0,0.2,324.0,222.75,101.25,2023,3,7,Jul,27,Monday,31.25,$100-$500,0
ORD-00095,2023-07-03,East,Online,Clara Diaz,Apparel,Yoga Set,8,55.0,0.0,440.0,242.0,198.0,2023,3,7,Jul,27,Monday,45.0,$100-$500,0
ORD-01727,2023-07-03,North,Wholesale,Eva Patel,Food & Beverage,Olive Oil 1L,16,16.0,0.0,256.0,140.8,115.2,2023,3,7,Jul,27,Monday,45.0,$100-$500,0
ORD-00684,2023-07-03,Central,Wholesale,Bob Chen,Apparel,Denim Jeans,19,55.25,0.15,1049.75,679.25,370.5,2023,3,7,Jul,27,Monday,35.29,$500-$2k,0
ORD-01621,2023-07-03,North,In-Store,Henry Osei,Apparel,Denim Jeans,13,65.0,0.0,845.0,464.75,380.25,2023,3,7,Jul,27,Monday,45.0,$500-$2k,0
ORD-01843,2023-07-04,Central,In-Store,Bob Chen,Home & Garden,Robot Vacuum,12,254.15,0.15,3049.8,1973.4,1076.4,2023,3,7,Jul,27,Tuesday,35.29,>$2k,0
ORD-00221,2023-07-04,Central,Partner,Frank Russo,Electronics,4K Monitor,20,479.2,0.2,9584.0,6589.0,2995.0,2023,3,7,Jul,27,Tuesday,31.25,>$2k,0
ORD-00342,2023-07-04,Central,Online,Henry Osei,Food & Beverage,Protein Bars 12Pk,19,25.2,0.1,478.8,292.6,186.2,2023,3,7,Jul,27,Tuesday,38.89,$100-$500,0
ORD-01572,2023-07-04,East,In-Store,Eva Patel,Home & Garden,Led Strip Kit,17,29.75,0.15,505.75,327.25,178.5,2023,3,7,Jul,27,Tuesday,35.29,$500-$2k,0
ORD-00661,2023-07-05,South,Partner,Grace Lee,Sports,Foam Roller,18,28.5,0.05,513.0,297.0,216.0,2023,3,7,Jul,27,Wednesday,42.11,$500-$2k,0
ORD-01807,2023-07-05,North,Partner,Bob Chen,Sports,Foam Roller,7,27.0,0.1,189.0,115.5,73.5,2023,3,7,Jul,27,Wednesday,38.89,$100-$500,0
ORD-00972,2023-07-06,West,Wholesale,David Kim,Apparel,Running Jacket,14,85.0,0.0,1190.0,654.5,535.5,2023,3,7,Jul,27,Thursday,45.0,$500-$2k,0
ORD-01840,2023-07-06,Central,In-Store,Frank Russo,Apparel,Denim Jeans,20,61.75,0.05,1235.0,715.0,520.0,2023,3,7,Jul,27,Thursday,42.11,$500-$2k,0
ORD-01726,2023-07-06,West,Online,Frank Russo,Food & Beverage,Green Tea Set,15,18.0,0.0,270.0,148.5,121.5,2023,3,7,Jul,27,Thursday,45.0,$100-$500,0
ORD-00593,2023-07-06,Central,Partner,Clara Diaz,Food & Beverage,Protein Bars 12Pk,19,22.4,0.2,425.6,292.6,133.0,2023,3,7,Jul,27,Thursday,31.25,$100-$500,0
ORD-01717,2023-07-07,South,In-Store,Henry Osei,Sports,Resistance Bands,8,25.0,0.0,200.0,110.0,90.0,2023,3,7,Jul,27,Friday,45.0,$100-$500,0
ORD-00621,2023-07-07,South,Wholesale,David Kim,Home & Garden,Air Purifier,19,199.0,0.0,3781.0,2079.55,1701.45,2023,3,7,Jul,27,Friday,45.0,>$2k,0
ORD-00989,2023-07-07,North,Wholesale,Eva Patel,Apparel,Denim Jeans,2,65.0,0.0,130.0,71.5,58.5,2023,3,7,Jul,27,Friday,45.0,$100-$500,0
ORD-00550,2023-07-08,Central,Online,Clara Diaz,Electronics,Smart Watch,17,249.0,0.0,4233.0,2328.15,1904.85,2023,3,7,Jul,27,Saturday,45.0,>$2k,0
ORD-00815,2023-07-08,East,Partner,Henry Osei,Sports,Resistance Bands,4,21.25,0.15,85.0,55.0,30.0,2023,3,7,Jul,27,Saturday,35.29,<$100,0
ORD-00642,2023-07-08,North,In-Store,David Kim,Home & Garden,Led Strip Kit,14,35.0,0.0,490.0,269.5,220.5,2023,3,7,Jul,27,Saturday,45.0,$100-$500,0
ORD-01477,2023-07-08,South,Partner,Henry Osei,Electronics,Smart Watch,13,236.55,0.05,3075.15,1780.35,1294.8,2023,3,7,Jul,27,Saturday,42.11,>$2k,0
ORD-01443,2023-07-09,Central,Wholesale,Eva Patel,Food & Beverage,Green Tea Set,1,18.0,0.0,18.0,9.9,8.1,2023,3,7,Jul,27,Sunday,45.0,<$100,0
ORD-01645,2023-07-10,North,Wholesale,Henry Osei,Home & Garden,Air Purifier,15,179.1,0.1,2686.5,1641.75,1044.75,2023,3,7,Jul,28,Monday,38.89,>$2k,0
ORD-00228,2023-07-10,West,Wholesale,Bob Chen,Home & Garden,Air Purifier,4,199.0,0.0,796.0,437.8,358.2,2023,3,7,Jul,28,Monday,45.0,$500-$2k,0
ORD-01569,2023-07-11,West,Partner,Clara Diaz,Sports,Resistance Bands,16,20.0,0.2,320.0,220.0,100.0,2023,3,7,Jul,28,Tuesday,31.25,$100-$500,0
ORD-00587,2023-07-11,South,Partner,Bob Chen,Food & Beverage,Green Tea Set,7,18.0,0.0,126.0,69.3,56.7,2023,3,7,Jul,28,Tuesday,45.0,$100-$500,0
ORD-01010,2023-07-11,South,In-Store,Bob Chen,Sports,Gym Bag,11,56.0,0.2,616.0,423.5,192.5,2023,3,7,Jul,28,Tuesday,31.25,$500-$2k,0
ORD-01658,2023-07-12,North,In-Store,Eva Patel,Electronics,Wireless Earbuds,5,84.55,0.05,422.75,244.75,178.0,2023,3,7,Jul,28,Wednesday,42.11,$100-$500,0
ORD-01140,2023-07-12,West,Wholesale,David Kim,Home & Garden,Robot Vacuum,11,239.2,0.2,2631.2,1808.95,822.25,2023,3,7,Jul,28,Wednesday,31.25,>$2k,0
ORD-00502,2023-07-12,South,Wholesale,Alice Morgan,Apparel,Yoga Set,16,55.0,0.0,880.0,484.0,396.0,2023,3,7,Jul,28,Wednesday,45.0,$500-$2k,0
ORD-01637,2023-07-12,East,In-Store,Clara Diaz,Food & Beverage,Green Tea Set,14,18.0,0.0,252.0,138.6,113.4,2023,3,7,Jul,28,Wednesday,45.0,$100-$500,0
ORD-01377,2023-07-12,West,In-Store,Grace Lee,Food & Beverage,Premium Coffee Blend,2,22.0,0.0,44.0,24.2,19.8,2023,3,7,Jul,28,Wednesday,45.0,<$100,0
ORD-00122,2023-07-13,South,Wholesale,David Kim,Food & Beverage,Olive Oil 1L,15,16.0,0.0,240.0,132.0,108.0,2023,3,7,Jul,28,Thursday,45.0,$100-$500,0
ORD-01064,2023-07-13,West,Online,Bob Chen,Apparel,Running Jacket,19,76.5,0.1,1453.5,888.25,565.25,2023,3,7,Jul,28,Thursday,38.89,$500-$2k,0
ORD-01754,2023-07-13,South,In-Store,Eva Patel,Apparel,Yoga Set,19,55.0,0.0,1045.0,574.75,470.25,2023,3,7,Jul,28,Thursday,45.0,$500-$2k,0
ORD-01866,2023-07-13,South,Partner,Alice Morgan,Sports,Foam Roller,17,24.0,0.2,408.0,280.5,127.5,2023,3,7,Jul,28,Thursday,31.25,$100-$500,0
ORD-01920,2023-07-14,South,In-Store,Alice Morgan,Sports,Gym Bag,18,59.5,0.15,1071.0,693.0,378.0,2023,3,7,Jul,28,Friday,35.29,$500-$2k,0
ORD-00029,2023-07-14,Central,Wholesale,Clara Diaz,Home & Garden,Robot Vacuum,8,299.0,0.0,2392.0,1315.6,1076.4,2023,3,7,Jul,28,Friday,45.0,>$2k,0
ORD-00055,2023-07-14,East,Online,Grace Lee,Sports,Foam Roller,13,27.0,0.1,351.0,214.5,136.5,2023,3,7,Jul,28,Friday,38.89,$100-$500,0
ORD-01122,2023-07-14,South,Wholesale,Frank Russo,Electronics,Wireless Earbuds,5,71.2,0.2,356.0,244.75,111.25,2023,3,7,Jul,28,Friday,31.25,$100-$500,0
ORD-00532,2023-07-15,East,Online,Grace Lee,Electronics,4K Monitor,7,569.05,0.05,3983.35,2306.15,1677.2,2023,3,7,Jul,28,Saturday,42.11,>$2k,0
ORD-01967,2023-07-15,West,Partner,Bob Chen,Electronics,Smart Watch,7,211.65,0.15,1481.55,958.65,522.9,2023,3,7,Jul,28,Saturday,35.29,$500-$2k,0
ORD-00703,2023-07-15,East,Partner,Alice Morgan,Sports,Protein Shaker,12,18.0,0.0,216.0,118.8,97.2,2023,3,7,Jul,28,Saturday,45.0,$100-$500,0
ORD-01423,2023-07-15,East,Online,Alice Morgan,Sports,Resistance Bands,6,25.0,0.0,150.0,82.5,67.5,2023,3,7,Jul,28,Saturday,45.0,$100-$500,0
ORD-00826,2023-07-15,East,Wholesale,Bob Chen,Food & Beverage,Premium Coffee Blend,13,18.7,0.15,243.1,157.3,85.8,2023,3,7,Jul,28,Saturday,35.29,$100-$500,0
ORD-01022,2023-07-16,West,Partner,Henry Osei,Electronics,Wireless Earbuds,10,75.65,0.15,756.5,489.5,267.0,2023,3,7,Jul,28,Sunday,35.29,$500-$2k,0
ORD-01494,2023-07-16,North,Online,Bob Chen,Apparel,Wool Sweater,17,88.0,0.2,1496.0,1028.5,467.5,2023,3,7,Jul,28,Sunday,31.25,$500-$2k,0
ORD-00813,2023-07-17,North,Online,Bob Chen,Home & Garden,Air Purifier,10,199.0,0.0,1990.0,1094.5,895.5,2023,3,7,Jul,29,Monday,45.0,$500-$2k,0
ORD-00462,2023-07-17,South,Online,Grace Lee,Sports,Resistance Bands,6,25.0,0.0,150.0,82.5,67.5,2023,3,7,Jul,29,Monday,45.0,$100-$500,0
ORD-00277,2023-07-17,South,Wholesale,Grace Lee,Home & Garden,Planter Set,19,38.25,0.15,726.75,470.25,256.5,2023,3,7,Jul,29,Monday,35.29,$500-$2k,0
ORD-01106,2023-07-18,Central,In-Store,Eva Patel,Electronics,Laptop Pro 15,19,960.0,0.2,18240.0,12540.0,5700.0,2023,3,7,Jul,29,Tuesday,31.25,>$2k,0
ORD-00886,2023-07-19,Central,In-Store,Eva Patel,Home & Garden,Robot Vacuum,20,254.15,0.15,5083.0,3289.0,1794.0,2023,3,7,Jul,29,Wednesday,35.29,>$2k,0
ORD-01111,2023-07-20,South,In-Store,Bob Chen,Food & Beverage,Premium Coffee Blend,14,22.0,0.0,308.0,169.4,138.6,2023,3,7,Jul,29,Thursday,45.0,$100-$500,0
ORD-01415,2023-07-21,North,Wholesale,Henry Osei,Sports,Gym Bag,11,70.0,0.0,770.0,423.5,346.5,2023,3,7,Jul,29,Friday,45.0,$500-$2k,0
ORD-00569,2023-07-22,Central,Wholesale,Frank Russo,Home & Garden,Robot Vacuum,9,299.0,0.0,2691.0,1480.05,1210.95,2023,3,7,Jul,29,Saturday,45.0,>$2k,0
ORD-01275,2023-07-22,North,In-Store,Grace Lee,Electronics,Laptop Pro 15,14,1140.0,0.05,15960.0,9240.0,6720.0,2023,3,7,Jul,29,Saturday,42.11,>$2k,0
ORD-01848,2023-07-22,East,Wholesale,Grace Lee,Home & Garden,Planter Set,5,42.75,0.05,213.75,123.75,90.0,2023,3,7,Jul,29,Saturday,42.11,$100-$500,0
ORD-01745,2023-07-23,East,Partner,Alice Morgan,Apparel,Wool Sweater,12,110.0,0.0,1320.0,726.0,594.0,2023,3,7,Jul,29,Sunday,45.0,$500-$2k,0
ORD-01280,2023-07-23,West,Partner,Bob Chen,Home & Garden,Robot Vacuum,6,254.15,0.15,1524.9,986.7,538.2,2023,3,7,Jul,29,Sunday,35.29,$500-$2k,0
ORD-01147,2023-07-23,North,Wholesale,Eva Patel,Food & Beverage,Olive Oil 1L,1,16.0,0.0,16.0,8.8,7.2,2023,3,7,Jul,29,Sunday,45.0,<$100,0
ORD-00476,2023-07-23,East,Partner,Henry Osei,Sports,Foam Roller,12,25.5,0.15,306.0,198.0,108.0,2023,3,7,Jul,29,Sunday,35.29,$100-$500,0
ORD-01737,2023-07-24,South,Wholesale,Eva Patel,Sports,Gym Bag,18,63.0,0.1,1134.0,693.0,441.0,2023,3,7,Jul,30,Monday,38.89,$500-$2k,0
ORD-00475,2023-07-25,North,In-Store,Alice Morgan,Food & Beverage,Premium Coffee Blend,6,22.0,0.0,132.0,72.6,59.4,2023,3,7,Jul,30,Tuesday,45.0,$100-$500,0
ORD-01836,2023-07-25,South,Partner,Bob Chen,Electronics,Wireless Earbuds,9,84.55,0.05,760.95,440.55,320.4,2023,3,7,Jul,30,Tuesday,42.11,$500-$2k,0
ORD-00924,2023-07-25,Central,Wholesale,Bob Chen,Electronics,Smart Watch,7,249.0,0.0,1743.0,958.65,784.35,2023,3,7,Jul,30,Tuesday,45.0,$500-$2k,0
ORD-00765,2023-07-25,South,Partner,Eva Patel,Food & Beverage,Green Tea Set,7,18.0,0.0,126.0,69.3,56.7,2023,3,7,Jul,30,Tuesday,45.0,$100-$500,0
ORD-00751,2023-07-26,East,Partner,Bob Chen,Food & Beverage,Protein Bars 12Pk,1,23.8,0.15,23.8,15.4,8.4,2023,3,7,Jul,30,Wednesday,35.29,<$100,0
ORD-01179,2023-07-26,South,Wholesale,David Kim,Apparel,Yoga Set,16,55.0,0.0,880.0,484.0,396.0,2023,3,7,Jul,30,Wednesday,45.0,$500-$2k,0
ORD-00852,2023-07-27,East,In-Store,Alice Morgan,Sports,Resistance Bands,12,25.0,0.0,300.0,165.0,135.0,2023,3,7,Jul,30,Thursday,45.0,$100-$500,0
ORD-01715,2023-07-27,East,Online,Grace Lee,Sports,Foam Roller,17,30.0,0.0,510.0,280.5,229.5,2023,3,7,Jul,30,Thursday,45.0,$500-$2k,0
ORD-01768,2023-07-28,East,Wholesale,Frank Russo,Electronics,Wireless Earbuds,1,84.55,0.05,84.55,48.95,35.6,2023,3,7,Jul,30,Friday,42.11,<$100,0
ORD-00243,2023-07-28,East,In-Store,Frank Russo,Sports,Protein Shaker,16,17.1,0.05,273.6,158.4,115.2,2023,3,7,Jul,30,Friday,42.11,$100-$500,0
ORD-01941,2023-07-29,South,Partner,Alice Morgan,Sports,Foam Roller,10,30.0,0.0,300.0,165.0,135.0,2023,3,7,Jul,30,Saturday,45.0,$100-$500,0
ORD-00866,2023-07-29,South,Partner,David Kim,Food & Beverage,Premium Coffee Blend,18,18.7,0.15,336.6,217.8,118.8,2023,3,7,Jul,30,Saturday,35.29,$100-$500,0
ORD-01065,2023-07-30,South,Wholesale,Bob Chen,Food & Beverage,Protein Bars 12Pk,1,28.0,0.0,28.0,15.4,12.6,2023,3,7,Jul,30,Sunday,45.0,<$100,0
ORD-01855,2023-07-30,North,Partner,Alice Morgan,Apparel,Running Jacket,2,80.75,0.05,161.5,93.5,68.0,2023,3,7,Jul,30,Sunday,42.11,$100-$500,0
ORD-01759,2023-07-30,West,Online,Bob Chen,Sports,Protein Shaker,13,18.0,0.0,234.0,128.7,105.3,2023,3,7,Jul,30,Sunday,45.0,$100-$500,0
ORD-00912,2023-07-30,Central,In-Store,Clara Diaz,Electronics,Laptop Pro 15,4,1080.0,0.1,4320.0,2640.0,1680.0,2023,3,7,Jul,30,Sunday,38.89,>$2k,0
ORD-00371,2023-07-31,North,Partner,Eva Patel,Apparel,Denim Jeans,7,52.0,0.2,364.0,250.25,113.75,2023,3,7,Jul,31,Monday,31.25,$100-$500,0
ORD-00527,2023-07-31,West,Partner,Frank Russo,Electronics,Smart Watch,17,224.1,0.1,3809.7,2328.15,1481.55,2023,3,7,Jul,31,Monday,38.89,>$2k,0
ORD-00351,2023-07-31,Central,Wholesale,Frank Russo,Home & Garden,Planter Set,11,42.75,0.05,470.25,272.25,198.0,2023,3,7,Jul,31,Monday,42.11,$100-$500,0
ORD-01496,2023-08-01,Central,Wholesale,Frank Russo,Apparel,Wool Sweater,7,88.0,0.2,616.0,423.5,192.5,2023,3,8,Aug,31,Tuesday,31.25,$500-$2k,0
ORD-01398,2023-08-01,West,Online,Henry Osei,Electronics,4K Monitor,12,479.2,0.2,5750.4,3953.4,1797.0,2023,3,8,Aug,31,Tuesday,31.25,>$2k,0
ORD-01678,2023-08-01,North,Wholesale,Clara Diaz,Home & Garden,Planter Set,1,42.75,0.05,42.75,24.75,18.0,2023,3,8,Aug,31,Tuesday,42.11,<$100,0
ORD-00779,2023-08-02,Central,Wholesale,Grace Lee,Sports,Protein Shaker,3,18.0,0.0,54.0,29.7,24.3,2023,3,8,Aug,31,Wednesday,45.0,<$100,0
ORD-00663,2023-08-02,West,Wholesale,Eva Patel,Sports,Foam Roller,17,25.5,0.15,433.5,280.5,153.0,2023,3,8,Aug,31,Wednesday,35.29,$100-$500,0
ORD-00446,2023-08-03,South,Online,Frank Russo,Home & Garden,Led Strip Kit,1,35.0,0.0,35.0,19.25,15.75,2023,3,8,Aug,31,Thursday,45.0,<$100,0
ORD-01987,2023-08-03,Central,Online,David Kim,Home & Garden,Air Purifier,13,199.0,0.0,2587.0,1422.85,1164.15,2023,3,8,Aug,31,Thursday,45.0,>$2k,0
ORD-01760,2023-08-03,North,Wholesale,Frank Russo,Apparel,Running Jacket,6,68.0,0.2,408.0,280.5,127.5,2023,3,8,Aug,31,Thursday,31.25,$100-$500,0
ORD-01766,2023-08-03,East,Partner,Grace Lee,Sports,Foam Roller,2,27.0,0.1,54.0,33.0,21.0,2023,3,8,Aug,31,Thursday,38.89,<$100,0
ORD-00789,2023-08-05,South,Wholesale,Clara Diaz,Sports,Protein Shaker,14,16.2,0.1,226.8,138.6,88.2,2023,3,8,Aug,31,Saturday,38.89,$100-$500,0
ORD-00088,2023-08-06,East,Partner,Frank Russo,Sports,Gym Bag,6,66.5,0.05,399.0,231.0,168.0,2023,3,8,Aug,31,Sunday,42.11,$100-$500,0
ORD-01204,2023-08-06,South,In-Store,Alice Morgan,Food & Beverage,Premium Coffee Blend,15,19.8,0.1,297.0,181.5,115.5,2023,3,8,Aug,31,Sunday,38.89,$100-$500,0
ORD-00387,2023-08-07,South,Wholesale,Henry Osei,Food & Beverage,Protein Bars 12Pk,15,28.0,0.0,420.0,231.0,189.0,2023,3,8,Aug,32,Monday,45.0,$100-$500,0
ORD-00040,2023-08-07,Central,Partner,Clara Diaz,Food & Beverage,Premium Coffee Blend,3,19.8,0.1,59.4,36.3,23.1,2023,3,8,Aug,32,Monday,38.89,<$100,0
ORD-00949,2023-08-07,West,Partner,Grace Lee,Electronics,Wireless Earbuds,19,84.55,0.05,1606.45,930.05,676.4,2023,3,8,Aug,32,Monday,42.11,$500-$2k,0
ORD-01744,2023-08-08,South,Partner,Henry Osei,Home & Garden,Planter Set,15,38.25,0.15,573.75,371.25,202.5,2023,3,8,Aug,32,Tuesday,35.29,$500-$2k,0
ORD-00690,2023-08-08,East,Online,Eva Patel,Home & Garden,Robot Vacuum,10,299.0,0.0,2990.0,1644.5,1345.5,2023,3,8,Aug,32,Tuesday,45.0,>$2k,0
ORD-01570,2023-08-08,North,Wholesale,Bob Chen,Apparel,Running Jacket,17,68.0,0.2,1156.0,794.75,361.25,2023,3,8,Aug,32,Tuesday,31.25,$500-$2k,0
ORD-00917,2023-08-08,Central,In-Store,Grace Lee,Apparel,Yoga Set,13,52.25,0.05,679.25,393.25,286.0,2023,3,8,Aug,32,Tuesday,42.11,$500-$2k,0
ORD-00394,2023-08-09,North,Online,Grace Lee,Electronics,Laptop Pro 15,1,1200.0,0.0,1200.0,660.0,540.0,2023,3,8,Aug,32,Wednesday,45.0,$500-$2k,0
ORD-01411,2023-08-09,East,Partner,Clara Diaz,Apparel,Yoga Set,8,55.0,0.0,440.0,242.0,198.0,2023,3,8,Aug,32,Wednesday,45.0,$100-$500,0
ORD-01577,2023-08-09,West,Online,Frank Russo,Electronics,Smart Watch,9,224.1,0.1,2016.9,1232.55,784.35,2023,3,8,Aug,32,Wednesday,38.89,>$2k,0
ORD-01584,2023-08-09,Central,In-Store,Alice Morgan,Apparel,Yoga Set,11,52.25,0.05,574.75,332.75,242.0,2023,3,8,Aug,32,Wednesday,42.11,$500-$2k,0
ORD-00160,2023-08-09,West,Wholesale,David Kim,Electronics,Laptop Pro 15,18,1020.0,0.15,18360.0,11880.0,6480.0,2023,3,8,Aug,32,Wednesday,35.29,>$2k,0
ORD-00855,2023-08-10,Central,Wholesale,Henry Osei,Electronics,4K Monitor,17,569.05,0.05,9673.85,5600.65,4073.2,2023,3,8,Aug,32,Thursday,42.11,>$2k,0
ORD-01757,2023-08-11,East,Online,Clara Diaz,Apparel,Wool Sweater,9,110.0,0.0,990.0,544.5,445.5,2023,3,8,Aug,32,Friday,45.0,$500-$2k,0
ORD-00959,2023-08-12,South,Online,Clara Diaz,Home & Garden,Led Strip Kit,8,33.25,0.05,266.0,154.0,112.0,2023,3,8,Aug,32,Saturday,42.11,$100-$500,0
ORD-01579,2023-08-13,East,Online,Eva Patel,Electronics,Smart Watch,16,211.65,0.15,3386.4,2191.2,1195.2,2023,3,8,Aug,32,Sunday,35.29,>$2k,0
ORD-01953,2023-08-13,South,In-Store,Clara Diaz,Apparel,Wool Sweater,2,110.0,0.0,220.0,121.0,99.0,2023,3,8,Aug,32,Sunday,45.0,$100-$500,0
ORD-01118,2023-08-13,East,In-Store,Frank Russo,Apparel,Denim Jeans,10,65.0,0.0,650.0,357.5,292.5,2023,3,8,Aug,32,Sunday,45.0,$500-$2k,0
ORD-00003,2023-08-14,West,Partner,Alice Morgan,Food & Beverage,Protein Bars 12Pk,18,26.6,0.05,478.8,277.2,201.6,2023,3,8,Aug,33,Monday,42.11,$100-$500,0
ORD-00885,2023-08-14,West,Partner,Bob Chen,Electronics,4K Monitor,20,479.2,0.2,9584.0,6589.0,2995.0,2023,3,8,Aug,33,Monday,31.25,>$2k,0
ORD-00282,2023-08-15,South,In-Store,Henry Osei,Electronics,Smart Watch,12,224.1,0.1,2689.2,1643.4,1045.8,2023,3,8,Aug,33,Tuesday,38.89,>$2k,0
ORD-01086,2023-08-15,North,Partner,Frank Russo,Home & Garden,Air Purifier,15,199.0,0.0,2985.0,1641.75,1343.25,2023,3,8,Aug,33,Tuesday,45.0,>$2k,0
ORD-00156,2023-08-15,Central,Online,Eva Patel,Home & Garden,Robot Vacuum,15,269.1,0.1,4036.5,2466.75,1569.75,2023,3,8,Aug,33,Tuesday,38.89,>$2k,0
ORD-00551,2023-08-15,South,Partner,Frank Russo,Sports,Protein Shaker,3,18.0,0.0,54.0,29.7,24.3,2023,3,8,Aug,33,Tuesday,45.0,<$100,0
ORD-01565,2023-08-16,North,Partner,Clara Diaz,Electronics,Smart Watch,3,211.65,0.15,634.95,410.85,224.1,2023,3,8,Aug,33,Wednesday,35.29,$500-$2k,0
ORD-01114,2023-08-17,South,Wholesale,David Kim,Sports,Resistance Bands,1,21.25,0.15,21.25,13.75,7.5,2023,3,8,Aug,33,Thursday,35.29,<$100,0
ORD-01753,2023-08-17,Central,Partner,Henry Osei,Home & Garden,Led Strip Kit,5,35.0,0.0,175.0,96.25,78.75,2023,3,8,Aug,33,Thursday,45.0,$100-$500,0
ORD-00001,2023-08-17,South,Online,Bob Chen,Electronics,Laptop Pro 15,9,1200.0,0.0,10800.0,5940.0,4860.0,2023,3,8,Aug,33,Thursday,45.0,>$2k,0
ORD-01386,2023-08-18,Central,Partner,Eva Patel,Sports,Protein Shaker,1,18.0,0.0,18.0,9.9,8.1,2023,3,8,Aug,33,Friday,45.0,<$100,0
ORD-00774,2023-08-18,South,Partner,Frank Russo,Home & Garden,Led Strip Kit,16,35.0,0.0,560.0,308.0,252.0,2023,3,8,Aug,33,Friday,45.0,$500-$2k,0
ORD-01334,2023-08-18,North,In-Store,Bob Chen,Food & Beverage,Olive Oil 1L,8,16.0,0.0,128.0,70.4,57.6,2023,3,8,Aug,33,Friday,45.0,$100-$500,0
ORD-01029,2023-08-18,West,Partner,Frank Russo,Food & Beverage,Protein Bars 12Pk,4,25.2,0.1,100.8,61.6,39.2,2023,3,8,Aug,33,Friday,38.89,$100-$500,0
ORD-01142,2023-08-19,West,Wholesale,Grace Lee,Electronics,4K Monitor,12,599.0,0.0,7188.0,3953.4,3234.6,2023,3,8,Aug,33,Saturday,45.0,>$2k,0
ORD-00715,2023-08-19,South,Partner,Grace Lee,Sports,Foam Roller,18,30.0,0.0,540.0,297.0,243.0,2023,3,8,Aug,33,Saturday,45.0,$500-$2k,0
ORD-00480,2023-08-19,South,Partner,Grace Lee,Food & Beverage,Protein Bars 12Pk,8,23.8,0.15,190.4,123.2,67.2,2023,3,8,Aug,33,Saturday,35.29,$100-$500,0
ORD-01713,2023-08-19,East,In-Store,David Kim,Sports,Foam Roller,3,30.0,0.0,90.0,49.5,40.5,2023,3,8,Aug,33,Saturday,45.0,<$100,0
ORD-00823,2023-08-20,North,Wholesale,Henry Osei,Sports,Protein Shaker,3,16.2,0.1,48.6,29.7,18.9,2023,3,8,Aug,33,Sunday,38.89,<$100,0
ORD-01510,2023-08-21,West,Online,Alice Morgan,Apparel,Running Jacket,19,85.0,0.0,1615.0,888.25,726.75,2023,3,8,Aug,34,Monday,45.0,$500-$2k,0
ORD-01914,2023-08-22,South,Wholesale,Eva Patel,Apparel,Denim Jeans,11,52.0,0.2,572.0,393.25,178.75,2023,3,8,Aug,34,Tuesday,31.25,$500-$2k,0
ORD-01856,2023-08-22,East,Wholesale,Alice Morgan,Apparel,Yoga Set,6,52.25,0.05,313.5,181.5,132.0,2023,3,8,Aug,34,Tuesday,42.11,$100-$500,0
ORD-01533,2023-08-22,North,Partner,Eva Patel,Food & Beverage,Green Tea Set,2,16.2,0.1,32.4,19.8,12.6,2023,3,8,Aug,34,Tuesday,38.89,<$100,0
ORD-01506,2023-08-22,North,Online,Alice Morgan,Sports,Protein Shaker,10,14.4,0.2,144.0,99.0,45.0,2023,3,8,Aug,34,Tuesday,31.25,$100-$500,0
ORD-00328,2023-08-22,East,Wholesale,Grace Lee,Electronics,Smart Watch,15,236.55,0.05,3548.25,2054.25,1494.0,2023,3,8,Aug,34,Tuesday,42.11,>$2k,0
ORD-01864,2023-08-23,North,Wholesale,Clara Diaz,Sports,Protein Shaker,4,18.0,0.0,72.0,39.6,32.4,2023,3,8,Aug,34,Wednesday,45.0,<$100,0
ORD-00622,2023-08-23,South,In-Store,Frank Russo,Apparel,Denim Jeans,9,65.0,0.0,585.0,321.75,263.25,2023,3,8,Aug,34,Wednesday,45.0,$500-$2k,0
ORD-00598,2023-08-23,West,Wholesale,Frank Russo,Home & Garden,Robot Vacuum,17,284.05,0.05,4828.85,2795.65,2033.2,2023,3,8,Aug,34,Wednesday,42.11,>$2k,0
ORD-01586,2023-08-24,South,Online,Eva Patel,Apparel,Yoga Set,10,55.0,0.0,550.0,302.5,247.5,2023,3,8,Aug,34,Thursday,45.0,$500-$2k,0
ORD-00652,2023-08-25,North,Partner,David Kim,Electronics,4K Monitor,10,539.1,0.1,5391.0,3294.5,2096.5,2023,3,8,Aug,34,Friday,38.89,>$2k,0
ORD-00683,2023-08-25,Central,Wholesale,David Kim,Food & Beverage,Premium Coffee Blend,4,18.7,0.15,74.8,48.4,26.4,2023,3,8,Aug,34,Friday,35.29,<$100,0
ORD-01614,2023-08-26,South,Online,Clara Diaz,Apparel,Denim Jeans,1,52.0,0.2,52.0,35.75,16.25,2023,3,8,Aug,34,Saturday,31.25,<$100,0
ORD-01594,2023-08-26,West,Partner,Henry Osei,Food & Beverage,Premium Coffee Blend,13,17.6,0.2,228.8,157.3,71.5,2023,3,8,Aug,34,Saturday,31.25,$100-$500,0
ORD-00874,2023-08-26,Central,Partner,Grace Lee,Apparel,Running Jacket,1,68.0,0.2,68.0,46.75,21.25,2023,3,8,Aug,34,Saturday,31.25,<$100,0
ORD-00437,2023-08-27,Central,In-Store,Alice Morgan,Sports,Foam Roller,3,30.0,0.0,90.0,49.5,40.5,2023,3,8,Aug,34,Sunday,45.0,<$100,0
ORD-00692,2023-08-27,East,Partner,Bob Chen,Home & Garden,Planter Set,19,45.0,0.0,855.0,470.25,384.75,2023,3,8,Aug,34,Sunday,45.0,$500-$2k,0
ORD-01647,2023-08-28,Central,Online,Grace Lee,Sports,Protein Shaker,10,18.0,0.0,180.0,99.0,81.0,2023,3,8,Aug,35,Monday,45.0,$100-$500,0
ORD-01133,2023-08-28,East,Online,Frank Russo,Sports,Foam Roller,6,28.5,0.05,171.0,99.0,72.0,2023,3,8,Aug,35,Monday,42.11,$100-$500,0
ORD-00061,2023-08-29,East,In-Store,David Kim,Food & Beverage,Green Tea Set,3,14.4,0.2,43.2,29.7,13.5,2023,3,8,Aug,35,Tuesday,31.25,<$100,0
ORD-01970,2023-08-29,West,Partner,Eva Patel,Electronics,Laptop Pro 15,3,1020.0,0.15,3060.0,1980.0,1080.0,2023,3,8,Aug,35,Tuesday,35.29,>$2k,0
ORD-00205,2023-08-30,West,Online,Frank Russo,Electronics,4K Monitor,17,599.0,0.0,10183.0,5600.65,4582.35,2023,3,8,Aug,35,Wednesday,45.0,>$2k,0
ORD-00780,2023-08-30,South,Online,Henry Osei,Food & Beverage,Green Tea Set,18,15.3,0.15,275.4,178.2,97.2,2023,3,8,Aug,35,Wednesday,35.29,$100-$500,0
ORD-01934,2023-08-31,South,Wholesale,Henry Osei,Food & Beverage,Protein Bars 12Pk,19,25.2,0.1,478.8,292.6,186.2,2023,3,8,Aug,35,Thursday,38.89,$100-$500,0
ORD-00370,2023-08-31,South,Partner,Grace Lee,Electronics,4K Monitor,4,479.2,0.2,1916.8,1317.8,599.0,2023,3,8,Aug,35,Thursday,31.25,$500-$2k,0
ORD-00031,2023-08-31,South,Wholesale,Henry Osei,Electronics,Laptop Pro 15,3,960.0,0.2,2880.0,1980.0,900.0,2023,3,8,Aug,35,Thursday,31.25,>$2k,0
ORD-00453,2023-09-01,North,Online,Grace Lee,Sports,Gym Bag,10,70.0,0.0,700.0,385.0,315.0,2023,3,9,Sep,35,Friday,45.0,$500-$2k,0
ORD-01875,2023-09-01,West,Partner,Frank Russo,Food & Beverage,Olive Oil 1L,15,13.6,0.15,204.0,132.0,72.0,2023,3,9,Sep,35,Friday,35.29,$100-$500,0
ORD-00958,2023-09-01,Central,Online,Frank Russo,Food & Beverage,Green Tea Set,16,18.0,0.0,288.0,158.4,129.6,2023,3,9,Sep,35,Friday,45.0,$100-$500,0
ORD-01525,2023-09-01,South,Online,Eva Patel,Apparel,Wool Sweater,15,93.5,0.15,1402.5,907.5,495.0,2023,3,9,Sep,35,Friday,35.29,$500-$2k,0
ORD-00860,2023-09-02,North,Online,Henry Osei,Apparel,Denim Jeans,12,65.0,0.0,780.0,429.0,351.0,2023,3,9,Sep,35,Saturday,45.0,$500-$2k,0
ORD-01899,2023-09-02,East,Partner,Henry Osei,Home & Garden,Air Purifier,2,169.15,0.15,338.3,218.9,119.4,2023,3,9,Sep,35,Saturday,35.29,$100-$500,0
ORD-00654,2023-09-03,Central,Partner,Eva Patel,Home & Garden,Robot Vacuum,14,254.15,0.15,3558.1,2302.3,1255.8,2023,3,9,Sep,35,Sunday,35.29,>$2k,0
ORD-01265,2023-09-03,North,In-Store,Alice Morgan,Electronics,Laptop Pro 15,3,1020.0,0.15,3060.0,1980.0,1080.0,2023,3,9,Sep,35,Sunday,35.29,>$2k,0
ORD-00116,2023-09-03,South,Partner,Alice Morgan,Electronics,Laptop Pro 15,20,960.0,0.2,19200.0,13200.0,6000.0,2023,3,9,Sep,35,Sunday,31.25,>$2k,0
ORD-01210,2023-09-03,East,Wholesale,Grace Lee,Home & Garden,Planter Set,11,36.0,0.2,396.0,272.25,123.75,2023,3,9,Sep,35,Sunday,31.25,$100-$500,0
ORD-00523,2023-09-04,East,Partner,Alice Morgan,Apparel,Running Jacket,16,85.0,0.0,1360.0,748.0,612.0,2023,3,9,Sep,36,Monday,45.0,$500-$2k,0
ORD-00090,2023-09-04,West,Wholesale,Henry Osei,Sports,Protein Shaker,18,14.4,0.2,259.2,178.2,81.0,2023,3,9,Sep,36,Monday,31.25,$100-$500,0
ORD-00486,2023-09-04,North,Wholesale,Frank Russo,Home & Garden,Air Purifier,5,179.1,0.1,895.5,547.25,348.25,2023,3,9,Sep,36,Monday,38.89,$500-$2k,0
ORD-01387,2023-09-05,North,Wholesale,Alice Morgan,Home & Garden,Planter Set,14,38.25,0.15,535.5,346.5,189.0,2023,3,9,Sep,36,Tuesday,35.29,$500-$2k,0
ORD-01654,2023-09-06,North,Wholesale,Clara Diaz,Sports,Protein Shaker,15,15.3,0.15,229.5,148.5,81.0,2023,3,9,Sep,36,Wednesday,35.29,$100-$500,0
ORD-01469,2023-09-06,Central,Partner,Clara Diaz,Electronics,Wireless Earbuds,20,89.0,0.0,1780.0,979.0,801.0,2023,3,9,Sep,36,Wednesday,45.0,$500-$2k,0
ORD-00589,2023-09-07,North,In-Store,Clara Diaz,Apparel,Denim Jeans,14,65.0,0.0,910.0,500.5,409.5,2023,3,9,Sep,36,Thursday,45.0,$500-$2k,0
ORD-01319,2023-09-07,North,Partner,Bob Chen,Home & Garden,Planter Set,16,45.0,0.0,720.0,396.0,324.0,2023,3,9,Sep,36,Thursday,45.0,$500-$2k,0
ORD-01646,2023-09-07,East,Partner,Frank Russo,Food & Beverage,Olive Oil 1L,13,15.2,0.05,197.6,114.4,83.2,2023,3,9,Sep,36,Thursday,42.11,$100-$500,0
ORD-01543,2023-09-07,East,In-Store,Frank Russo,Home & Garden,Air Purifier,19,199.0,0.0,3781.0,2079.55,1701.45,2023,3,9,Sep,36,Thursday,45.0,>$2k,0
ORD-00130,2023-09-08,Central,Wholesale,Clara Diaz,Home & Garden,Planter Set,14,45.0,0.0,630.0,346.5,283.5,2023,3,9,Sep,36,Friday,45.0,$500-$2k,0
ORD-00086,2023-09-09,North,Partner,Henry Osei,Food & Beverage,Green Tea Set,11,14.4,0.2,158.4,108.9,49.5,2023,3,9,Sep,36,Saturday,31.25,$100-$500,0
ORD-01395,2023-09-09,West,Partner,Alice Morgan,Apparel,Yoga Set,7,49.5,0.1,346.5,211.75,134.75,2023,3,9,Sep,36,Saturday,38.89,$100-$500,0
ORD-01076,2023-09-09,Central,Wholesale,Henry Osei,Apparel,Yoga Set,18,55.0,0.0,990.0,544.5,445.5,2023,3,9,Sep,36,Saturday,45.0,$500-$2k,0
ORD-01635,2023-09-10,East,In-Store,Clara Diaz,Apparel,Yoga Set,15,55.0,0.0,825.0,453.75,371.25,2023,3,9,Sep,36,Sunday,45.0,$500-$2k,0
ORD-00856,2023-09-10,South,Partner,Grace Lee,Home & Garden,Robot Vacuum,14,254.15,0.15,3558.1,2302.3,1255.8,2023,3,9,Sep,36,Sunday,35.29,>$2k,0
ORD-01447,2023-09-11,West,Online,Alice Morgan,Food & Beverage,Premium Coffee Blend,16,17.6,0.2,281.6,193.6,88.0,2023,3,9,Sep,37,Monday,31.25,$100-$500,0
ORD-01197,2023-09-11,Central,In-Store,Alice Morgan,Food & Beverage,Olive Oil 1L,5,16.0,0.0,80.0,44.0,36.0,2023,3,9,Sep,37,Monday,45.0,<$100,0
ORD-01005,2023-09-12,Central,Wholesale,Eva Patel,Apparel,Denim Jeans,10,52.0,0.2,520.0,357.5,162.5,2023,3,9,Sep,37,Tuesday,31.25,$500-$2k,0
ORD-00521,2023-09-12,West,Partner,Grace Lee,Food & Beverage,Premium Coffee Blend,14,18.7,0.15,261.8,169.4,92.4,2023,3,9,Sep,37,Tuesday,35.29,$100-$500,0
ORD-00346,2023-09-12,East,In-Store,Alice Morgan,Home & Garden,Robot Vacuum,4,239.2,0.2,956.8,657.8,299.0,2023,3,9,Sep,37,Tuesday,31.25,$500-$2k,0
ORD-01793,2023-09-12,East,Online,David Kim,Sports,Protein Shaker,19,18.0,0.0,342.0,188.1,153.9,2023,3,9,Sep,37,Tuesday,45.0,$100-$500,0
ORD-00030,2023-09-13,North,Wholesale,Bob Chen,Sports,Resistance Bands,9,23.75,0.05,213.75,123.75,90.0,2023,3,9,Sep,37,Wednesday,42.11,$100-$500,0
ORD-01892,2023-09-13,North,In-Store,Henry Osei,Food & Beverage,Olive Oil 1L,9,13.6,0.15,122.4,79.2,43.2,2023,3,9,Sep,37,Wednesday,35.29,$100-$500,0
ORD-01285,2023-09-13,East,Online,Eva Patel,Food & Beverage,Protein Bars 12Pk,17,28.0,0.0,476.0,261.8,214.2,2023,3,9,Sep,37,Wednesday,45.0,$100-$500,0
ORD-00134,2023-09-14,West,Partner,David Kim,Home & Garden,Planter Set,14,38.25,0.15,535.5,346.5,189.0,2023,3,9,Sep,37,Thursday,35.29,$500-$2k,0
ORD-01867,2023-09-14,South,Partner,Henry Osei,Food & Beverage,Premium Coffee Blend,5,22.0,0.0,110.0,60.5,49.5,2023,3,9,Sep,37,Thursday,45.0,$100-$500,0
ORD-00733,2023-09-14,East,In-Store,Bob Chen,Sports,Resistance Bands,15,25.0,0.0,375.0,206.25,168.75,2023,3,9,Sep,37,Thursday,45.0,$100-$500,0
ORD-01078,2023-09-14,West,Partner,David Kim,Electronics,4K Monitor,9,539.1,0.1,4851.9,2965.05,1886.85,2023,3,9,Sep,37,Thursday,38.89,>$2k,0
ORD-00044,2023-09-15,North,Online,Grace Lee,Apparel,Yoga Set,17,52.25,0.05,888.25,514.25,374.0,2023,3,9,Sep,37,Friday,42.11,$500-$2k,0
ORD-01460,2023-09-15,South,Partner,Eva Patel,Sports,Gym Bag,1,70.0,0.0,70.0,38.5,31.5,2023,3,9,Sep,37,Friday,45.0,<$100,0
ORD-01801,2023-09-15,East,Online,Alice Morgan,Home & Garden,Planter Set,14,38.25,0.15,535.5,346.5,189.0,2023,3,9,Sep,37,Friday,35.29,$500-$2k,0
ORD-01499,2023-09-15,West,Partner,Bob Chen,Electronics,Wireless Earbuds,10,71.2,0.2,712.0,489.5,222.5,2023,3,9,Sep,37,Friday,31.25,$500-$2k,0
ORD-01962,2023-09-16,South,Online,Eva Patel,Sports,Foam Roller,8,27.0,0.1,216.0,132.0,84.0,2023,3,9,Sep,37,Saturday,38.89,$100-$500,0
ORD-01092,2023-09-16,Central,Wholesale,Alice Morgan,Apparel,Running Jacket,18,76.5,0.1,1377.0,841.5,535.5,2023,3,9,Sep,37,Saturday,38.89,$500-$2k,0
ORD-00213,2023-09-17,North,Partner,Bob Chen,Sports,Foam Roller,13,30.0,0.0,390.0,214.5,175.5,2023,3,9,Sep,37,Sunday,45.0,$100-$500,0
ORD-00911,2023-09-17,North,Online,Eva Patel,Electronics,Laptop Pro 15,16,1200.0,0.0,19200.0,10560.0,8640.0,2023,3,9,Sep,37,Sunday,45.0,>$2k,0
ORD-00531,2023-09-18,Central,In-Store,David Kim,Sports,Resistance Bands,14,25.0,0.0,350.0,192.5,157.5,2023,3,9,Sep,38,Monday,45.0,$100-$500,0
ORD-00599,2023-09-18,West,In-Store,Bob Chen,Food & Beverage,Premium Coffee Blend,14,22.0,0.0,308.0,169.4,138.6,2023,3,9,Sep,38,Monday,45.0,$100-$500,0
ORD-00960,2023-09-18,Central,Online,Henry Osei,Apparel,Yoga Set,15,52.25,0.05,783.75,453.75,330.0,2023,3,9,Sep,38,Monday,42.11,$500-$2k,0
ORD-00635,2023-09-18,West,Online,Henry Osei,Apparel,Running Jacket,7,68.0,0.2,476.0,327.25,148.75,2023,3,9,Sep,38,Monday,31.25,$100-$500,0
ORD-00998,2023-09-19,South,In-Store,Grace Lee,Electronics,4K Monitor,3,569.05,0.05,1707.15,988.35,718.8,2023,3,9,Sep,38,Tuesday,42.11,$500-$2k,0
ORD-00403,2023-09-19,North,Online,David Kim,Food & Beverage,Protein Bars 12Pk,12,28.0,0.0,336.0,184.8,151.2,2023,3,9,Sep,38,Tuesday,45.0,$100-$500,0
ORD-00504,2023-09-19,Central,Online,Alice Morgan,Home & Garden,Robot Vacuum,13,254.15,0.15,3303.95,2137.85,1166.1,2023,3,9,Sep,38,Tuesday,35.29,>$2k,0
ORD-00554,2023-09-20,Central,Partner,Alice Morgan,Home & Garden,Led Strip Kit,4,33.25,0.05,133.0,77.0,56.0,2023,3,9,Sep,38,Wednesday,42.11,$100-$500,0
ORD-01837,2023-09-21,North,Online,Alice Morgan,Home & Garden,Led Strip Kit,4,31.5,0.1,126.0,77.0,49.0,2023,3,9,Sep,38,Thursday,38.89,$100-$500,0
ORD-00802,2023-09-21,North,Online,Clara Diaz,Apparel,Yoga Set,9,44.0,0.2,396.0,272.25,123.75,2023,3,9,Sep,38,Thursday,31.25,$100-$500,0
ORD-01310,2023-09-21,Central,In-Store,Henry Osei,Food & Beverage,Premium Coffee Blend,13,18.7,0.15,243.1,157.3,85.8,2023,3,9,Sep,38,Thursday,35.29,$100-$500,0
ORD-00490,2023-09-22,Central,In-Store,Frank Russo,Electronics,4K Monitor,5,509.15,0.15,2545.75,1647.25,898.5,2023,3,9,Sep,38,Friday,35.29,>$2k,0
ORD-00400,2023-09-23,South,Partner,Clara Diaz,Sports,Gym Bag,17,63.0,0.1,1071.0,654.5,416.5,2023,3,9,Sep,38,Saturday,38.89,$500-$2k,0
ORD-01091,2023-09-23,Central,In-Store,Eva Patel,Food & Beverage,Protein Bars 12Pk,3,28.0,0.0,84.0,46.2,37.8,2023,3,9,Sep,38,Saturday,45.0,<$100,0
ORD-01222,2023-09-23,North,Partner,Bob Chen,Sports,Protein Shaker,8,18.0,0.0,144.0,79.2,64.8,2023,3,9,Sep,38,Saturday,45.0,$100-$500,0
ORD-00487,2023-09-23,West,Wholesale,Grace Lee,Apparel,Running Jacket,16,85.0,0.0,1360.0,748.0,612.0,2023,3,9,Sep,38,Saturday,45.0,$500-$2k,0
ORD-00876,2023-09-24,South,Wholesale,Frank Russo,Home & Garden,Air Purifier,10,199.0,0.0,1990.0,1094.5,895.5,2023,3,9,Sep,38,Sunday,45.0,$500-$2k,0
ORD-01502,2023-09-25,South,Partner,Alice Morgan,Electronics,Laptop Pro 15,11,1140.0,0.05,12540.0,7260.0,5280.0,2023,3,9,Sep,39,Monday,42.11,>$2k,0
ORD-00279,2023-09-25,West,In-Store,Henry Osei,Sports,Gym Bag,8,70.0,0.0,560.0,308.0,252.0,2023,3,9,Sep,39,Monday,45.0,$500-$2k,0
ORD-01081,2023-09-25,West,Partner,David Kim,Apparel,Yoga Set,11,46.75,0.15,514.25,332.75,181.5,2023,3,9,Sep,39,Monday,35.29,$500-$2k,0
ORD-00967,2023-09-25,Central,Online,Frank Russo,Sports,Foam Roller,6,25.5,0.15,153.0,99.0,54.0,2023,3,9,Sep,39,Monday,35.29,$100-$500,0
ORD-01463,2023-09-25,East,Partner,Clara Diaz,Sports,Protein Shaker,13,18.0,0.0,234.0,128.7,105.3,2023,3,9,Sep,39,Monday,45.0,$100-$500,0
ORD-01822,2023-09-25,East,Partner,Grace Lee,Food & Beverage,Olive Oil 1L,19,15.2,0.05,288.8,167.2,121.6,2023,3,9,Sep,39,Monday,42.11,$100-$500,0
ORD-00358,2023-09-26,West,Partner,Grace Lee,Home & Garden,Air Purifier,15,199.0,0.0,2985.0,1641.75,1343.25,2023,3,9,Sep,39,Tuesday,45.0,>$2k,0
ORD-00674,2023-09-27,Central,Partner,Henry Osei,Food & Beverage,Protein Bars 12Pk,15,28.0,0.0,420.0,231.0,189.0,2023,3,9,Sep,39,Wednesday,45.0,$100-$500,0
ORD-01564,2023-09-27,North,In-Store,Eva Patel,Electronics,4K Monitor,14,569.05,0.05,7966.7,4612.3,3354.4,2023,3,9,Sep,39,Wednesday,42.11,>$2k,0
ORD-01612,2023-09-27,Central,Online,Clara Diaz,Electronics,Wireless Earbuds,9,89.0,0.0,801.0,440.55,360.45,2023,3,9,Sep,39,Wednesday,45.0,$500-$2k,0
ORD-00458,2023-09-27,South,Partner,Alice Morgan,Electronics,Smart Watch,15,236.55,0.05,3548.25,2054.25,1494.0,2023,3,9,Sep,39,Wednesday,42.11,>$2k,0
ORD-00987,2023-09-28,Central,Partner,Grace Lee,Home & Garden,Planter Set,20,36.0,0.2,720.0,495.0,225.0,2023,3,9,Sep,39,Thursday,31.25,$500-$2k,0
ORD-01936,2023-09-30,North,Wholesale,Grace Lee,Food & Beverage,Olive Oil 1L,15,14.4,0.1,216.0,132.0,84.0,2023,3,9,Sep,39,Saturday,38.89,$100-$500,0
ORD-01440,2023-09-30,South,Online,Bob Chen,Electronics,Laptop Pro 15,2,1080.0,0.1,2160.0,1320.0,840.0,2023,3,9,Sep,39,Saturday,38.89,>$2k,0
ORD-01515,2023-10-01,East,Online,Alice Morgan,Home & Garden,Planter Set,8,40.5,0.1,324.0,198.0,126.0,2023,4,10,Oct,39,Sunday,38.89,$100-$500,0
ORD-01630,2023-10-01,North,In-Store,Henry Osei,Electronics,Wireless Earbuds,17,89.0,0.0,1513.0,832.15,680.85,2023,4,10,Oct,39,Sunday,45.0,$500-$2k,0
ORD-01669,2023-10-01,South,Partner,Frank Russo,Home & Garden,Planter Set,1,40.5,0.1,40.5,24.75,15.75,2023,4,10,Oct,39,Sunday,38.89,<$100,0
ORD-00515,2023-10-02,North,Partner,Frank Russo,Home & Garden,Planter Set,15,40.5,0.1,607.5,371.25,236.25,2023,4,10,Oct,40,Monday,38.89,$500-$2k,0
ORD-01253,2023-10-03,South,Partner,Clara Diaz,Apparel,Denim Jeans,3,55.25,0.15,165.75,107.25,58.5,2023,4,10,Oct,40,Tuesday,35.29,$100-$500,0
ORD-01587,2023-10-04,North,Online,Bob Chen,Electronics,4K Monitor,13,599.0,0.0,7787.0,4282.85,3504.15,2023,4,10,Oct,40,Wednesday,45.0,>$2k,0
ORD-01716,2023-10-05,Central,Online,Alice Morgan,Electronics,Smart Watch,17,249.0,0.0,4233.0,2328.15,1904.85,2023,4,10,Oct,40,Thursday,45.0,>$2k,0
ORD-01461,2023-10-05,South,In-Store,Grace Lee,Food & Beverage,Protein Bars 12Pk,3,23.8,0.15,71.4,46.2,25.2,2023,4,10,Oct,40,Thursday,35.29,<$100,0
ORD-00768,2023-10-05,South,Partner,David Kim,Food & Beverage,Green Tea Set,18,18.0,0.0,324.0,178.2,145.8,2023,4,10,Oct,40,Thursday,45.0,$100-$500,0
ORD-00656,2023-10-06,Central,Wholesale,David Kim,Electronics,4K Monitor,20,569.05,0.05,11381.0,6589.0,4792.0,2023,4,10,Oct,40,Friday,42.11,>$2k,0
ORD-00043,2023-10-06,East,In-Store,Frank Russo,Electronics,Laptop Pro 15,18,1200.0,0.0,21600.0,11880.0,9720.0,2023,4,10,Oct,40,Friday,45.0,>$2k,0
ORD-00140,2023-10-07,South,Partner,Henry Osei,Food & Beverage,Green Tea Set,17,16.2,0.1,275.4,168.3,107.1,2023,4,10,Oct,40,Saturday,38.89,$100-$500,0
ORD-01256,2023-10-07,South,In-Store,Eva Patel,Home & Garden,Robot Vacuum,12,299.0,0.0,3588.0,1973.4,1614.6,2023,4,10,Oct,40,Saturday,45.0,>$2k,0
ORD-00893,2023-10-07,West,In-Store,Henry Osei,Electronics,Laptop Pro 15,14,1020.0,0.15,14280.0,9240.0,5040.0,2023,4,10,Oct,40,Saturday,35.29,>$2k,0
ORD-00118,2023-10-07,West,Wholesale,Henry Osei,Sports,Gym Bag,17,59.5,0.15,1011.5,654.5,357.0,2023,4,10,Oct,40,Saturday,35.29,$500-$2k,0
ORD-01370,2023-10-08,West,Online,Eva Patel,Apparel,Running Jacket,5,85.0,0.0,425.0,233.75,191.25,2023,4,10,Oct,40,Sunday,45.0,$100-$500,0
ORD-01764,2023-10-09,East,Online,Clara Diaz,Electronics,4K Monitor,16,599.0,0.0,9584.0,5271.2,4312.8,2023,4,10,Oct,41,Monday,45.0,>$2k,0
ORD-00666,2023-10-10,Central,Online,Grace Lee,Sports,Gym Bag,1,70.0,0.0,70.0,38.5,31.5,2023,4,10,Oct,41,Tuesday,45.0,<$100,0
ORD-00294,2023-10-10,South,Online,Alice Morgan,Apparel,Wool Sweater,12,110.0,0.0,1320.0,726.0,594.0,2023,4,10,Oct,41,Tuesday,45.0,$500-$2k,0
ORD-01828,2023-10-10,Central,Partner,Alice Morgan,Apparel,Running Jacket,12,85.0,0.0,1020.0,561.0,459.0,2023,4,10,Oct,41,Tuesday,45.0,$500-$2k,0
ORD-00485,2023-10-11,East,Partner,Eva Patel,Electronics,4K Monitor,3,599.0,0.0,1797.0,988.35,808.65,2023,4,10,Oct,41,Wednesday,45.0,$500-$2k,0
ORD-00389,2023-10-11,North,In-Store,Eva Patel,Sports,Gym Bag,5,70.0,0.0,350.0,192.5,157.5,2023,4,10,Oct,41,Wednesday,45.0,$100-$500,0
ORD-00955,2023-10-12,Central,In-Store,Alice Morgan,Apparel,Running Jacket,9,68.0,0.2,612.0,420.75,191.25,2023,4,10,Oct,41,Thursday,31.25,$500-$2k,0
ORD-01414,2023-10-12,Central,Online,Grace Lee,Food & Beverage,Protein Bars 12Pk,4,25.2,0.1,100.8,61.6,39.2,2023,4,10,Oct,41,Thursday,38.89,$100-$500,0
ORD-01089,2023-10-12,Central,Wholesale,Clara Diaz,Apparel,Wool Sweater,4,88.0,0.2,352.0,242.0,110.0,2023,4,10,Oct,41,Thursday,31.25,$100-$500,0
ORD-00913,2023-10-12,Central,Partner,Frank Russo,Home & Garden,Robot Vacuum,3,299.0,0.0,897.0,493.35,403.65,2023,4,10,Oct,41,Thursday,45.0,$500-$2k,0
ORD-01689,2023-10-13,East,Partner,Bob Chen,Home & Garden,Air Purifier,14,179.1,0.1,2507.4,1532.3,975.1,2023,4,10,Oct,41,Friday,38.89,>$2k,0
ORD-00264,2023-10-13,Central,Partner,David Kim,Food & Beverage,Olive Oil 1L,7,16.0,0.0,112.0,61.6,50.4,2023,4,10,Oct,41,Friday,45.0,$100-$500,0
ORD-01516,2023-10-14,North,In-Store,Clara Diaz,Home & Garden,Led Strip Kit,20,33.25,0.05,665.0,385.0,280.0,2023,4,10,Oct,41,Saturday,42.11,$500-$2k,0
ORD-01309,2023-10-14,South,Partner,Alice Morgan,Electronics,Smart Watch,8,211.65,0.15,1693.2,1095.6,597.6,2023,4,10,Oct,41,Saturday,35.29,$500-$2k,0
ORD-01898,2023-10-14,Central,Online,Henry Osei,Home & Garden,Planter Set,7,40.5,0.1,283.5,173.25,110.25,2023,4,10,Oct,41,Saturday,38.89,$100-$500,0
ORD-00341,2023-10-15,West,Partner,Bob Chen,Sports,Resistance Bands,11,23.75,0.05,261.25,151.25,110.0,2023,4,10,Oct,41,Sunday,42.11,$100-$500,0
ORD-01406,2023-10-15,West,Online,Eva Patel,Home & Garden,Air Purifier,7,169.15,0.15,1184.05,766.15,417.9,2023,4,10,Oct,41,Sunday,35.29,$500-$2k,0
ORD-00249,2023-10-16,West,Wholesale,Eva Patel,Apparel,Yoga Set,2,55.0,0.0,110.0,60.5,49.5,2023,4,10,Oct,42,Monday,45.0,$100-$500,0
ORD-00201,2023-10-16,West,Wholesale,Clara Diaz,Food & Beverage,Olive Oil 1L,15,12.8,0.2,192.0,132.0,60.0,2023,4,10,Oct,42,Monday,31.25,$100-$500,0
ORD-01397,2023-10-17,East,In-Store,Bob Chen,Sports,Foam Roller,4,30.0,0.0,120.0,66.0,54.0,2023,4,10,Oct,42,Tuesday,45.0,$100-$500,0
ORD-01232,2023-10-17,East,In-Store,Grace Lee,Sports,Protein Shaker,3,16.2,0.1,48.6,29.7,18.9,2023,4,10,Oct,42,Tuesday,38.89,<$100,0
ORD-00104,2023-10-17,West,Online,David Kim,Electronics,Wireless Earbuds,10,75.65,0.15,756.5,489.5,267.0,2023,4,10,Oct,42,Tuesday,35.29,$500-$2k,0
ORD-00378,2023-10-18,East,In-Store,Henry Osei,Apparel,Wool Sweater,9,110.0,0.0,990.0,544.5,445.5,2023,4,10,Oct,42,Wednesday,45.0,$500-$2k,0
ORD-01382,2023-10-18,Central,Online,Bob Chen,Sports,Gym Bag,14,59.5,0.15,833.0,539.0,294.0,2023,4,10,Oct,42,Wednesday,35.29,$500-$2k,0
ORD-00877,2023-10-19,West,In-Store,Clara Diaz,Home & Garden,Robot Vacuum,5,299.0,0.0,1495.0,822.25,672.75,2023,4,10,Oct,42,Thursday,45.0,$500-$2k,0
ORD-01944,2023-10-19,South,In-Store,Frank Russo,Home & Garden,Air Purifier,20,189.05,0.05,3781.0,2189.0,1592.0,2023,4,10,Oct,42,Thursday,42.11,>$2k,0
ORD-00041,2023-10-19,South,Wholesale,Eva Patel,Home & Garden,Robot Vacuum,8,299.0,0.0,2392.0,1315.6,1076.4,2023,4,10,Oct,42,Thursday,45.0,>$2k,0
ORD-00570,2023-10-19,Central,Online,David Kim,Home & Garden,Air Purifier,8,199.0,0.0,1592.0,875.6,716.4,2023,4,10,Oct,42,Thursday,45.0,$500-$2k,0
ORD-00730,2023-10-20,West,In-Store,Grace Lee,Home & Garden,Led Strip Kit,13,35.0,0.0,455.0,250.25,204.75,2023,4,10,Oct,42,Friday,45.0,$100-$500,0
ORD-01915,2023-10-20,South,Wholesale,Eva Patel,Food & Beverage,Olive Oil 1L,17,13.6,0.15,231.2,149.6,81.6,2023,4,10,Oct,42,Friday,35.29,$100-$500,0
ORD-01636,2023-10-21,South,Partner,Clara Diaz,Home & Garden,Robot Vacuum,13,254.15,0.15,3303.95,2137.85,1166.1,2023,4,10,Oct,42,Saturday,35.29,>$2k,0
ORD-01547,2023-10-21,East,Partner,Bob Chen,Sports,Resistance Bands,20,25.0,0.0,500.0,275.0,225.0,2023,4,10,Oct,42,Saturday,45.0,$100-$500,0
ORD-00267,2023-10-22,North,Partner,Henry Osei,Home & Garden,Air Purifier,10,199.0,0.0,1990.0,1094.5,895.5,2023,4,10,Oct,42,Sunday,45.0,$500-$2k,0
ORD-01574,2023-10-22,West,Wholesale,Frank Russo,Electronics,Wireless Earbuds,4,71.2,0.2,284.8,195.8,89.0,2023,4,10,Oct,42,Sunday,31.25,$100-$500,0
ORD-00706,2023-10-22,North,Partner,Bob Chen,Electronics,Wireless Earbuds,20,89.0,0.0,1780.0,979.0,801.0,2023,4,10,Oct,42,Sunday,45.0,$500-$2k,0
ORD-00871,2023-10-23,North,Online,Clara Diaz,Electronics,Laptop Pro 15,13,1200.0,0.0,15600.0,8580.0,7020.0,2023,4,10,Oct,43,Monday,45.0,>$2k,0
ORD-01691,2023-10-23,North,Partner,Henry Osei,Sports,Resistance Bands,6,23.75,0.05,142.5,82.5,60.0,2023,4,10,Oct,43,Monday,42.11,$100-$500,0
ORD-00007,2023-10-24,North,In-Store,Bob Chen,Electronics,Laptop Pro 15,8,960.0,0.2,7680.0,5280.0,2400.0,2023,4,10,Oct,43,Tuesday,31.25,>$2k,0
ORD-00538,2023-10-25,East,In-Store,Clara Diaz,Apparel,Denim Jeans,20,55.25,0.15,1105.0,715.0,390.0,2023,4,10,Oct,43,Wednesday,35.29,$500-$2k,0
ORD-00231,2023-10-25,East,In-Store,Clara Diaz,Home & Garden,Robot Vacuum,18,269.1,0.1,4843.8,2960.1,1883.7,2023,4,10,Oct,43,Wednesday,38.89,>$2k,0
ORD-01743,2023-10-26,North,In-Store,Bob Chen,Home & Garden,Planter Set,18,40.5,0.1,729.0,445.5,283.5,2023,4,10,Oct,43,Thursday,38.89,$500-$2k,0
ORD-00096,2023-10-27,South,Wholesale,Bob Chen,Home & Garden,Robot Vacuum,2,269.1,0.1,538.2,328.9,209.3,2023,4,10,Oct,43,Friday,38.89,$500-$2k,0
ORD-00372,2023-10-27,East,Partner,Bob Chen,Food & Beverage,Protein Bars 12Pk,11,23.8,0.15,261.8,169.4,92.4,2023,4,10,Oct,43,Friday,35.29,$100-$500,0
ORD-00744,2023-10-27,West,In-Store,Bob Chen,Electronics,4K Monitor,18,599.0,0.0,10782.0,5930.1,4851.9,2023,4,10,Oct,43,Friday,45.0,>$2k,0
ORD-00930,2023-10-28,West,Wholesale,Eva Patel,Food & Beverage,Olive Oil 1L,15,16.0,0.0,240.0,132.0,108.0,2023,4,10,Oct,43,Saturday,45.0,$100-$500,0
ORD-00216,2023-10-28,South,Online,David Kim,Apparel,Running Jacket,15,85.0,0.0,1275.0,701.25,573.75,2023,4,10,Oct,43,Saturday,45.0,$500-$2k,0
ORD-01458,2023-10-29,North,Wholesale,Alice Morgan,Home & Garden,Led Strip Kit,10,35.0,0.0,350.0,192.5,157.5,2023,4,10,Oct,43,Sunday,45.0,$100-$500,0
ORD-01784,2023-10-30,South,Partner,Eva Patel,Electronics,Laptop Pro 15,18,1020.0,0.15,18360.0,11880.0,6480.0,2023,4,10,Oct,44,Monday,35.29,>$2k,0
ORD-00222,2023-10-30,East,Wholesale,Grace Lee,Electronics,Laptop Pro 15,11,1020.0,0.15,11220.0,7260.0,3960.0,2023,4,10,Oct,44,Monday,35.29,>$2k,0
ORD-00863,2023-10-31,West,Partner,David Kim,Sports,Gym Bag,17,70.0,0.0,1190.0,654.5,535.5,2023,4,10,Oct,44,Tuesday,45.0,$500-$2k,0
ORD-01320,2023-10-31,North,Wholesale,Clara Diaz,Electronics,Laptop Pro 15,4,1080.0,0.1,4320.0,2640.0,1680.0,2023,4,10,Oct,44,Tuesday,38.89,>$2k,0
ORD-01603,2023-10-31,North,Wholesale,Eva Patel,Apparel,Wool Sweater,13,110.0,0.0,1430.0,786.5,643.5,2023,4,10,Oct,44,Tuesday,45.0,$500-$2k,0
ORD-01820,2023-10-31,South,Online,Henry Osei,Sports,Resistance Bands,5,25.0,0.0,125.0,68.75,56.25,2023,4,10,Oct,44,Tuesday,45.0,$100-$500,0
ORD-01428,2023-10-31,North,Partner,David Kim,Sports,Resistance Bands,3,25.0,0.0,75.0,41.25,33.75,2023,4,10,Oct,44,Tuesday,45.0,<$100,0
ORD-01670,2023-11-01,North,Online,Frank Russo,Sports,Foam Roller,15,30.0,0.0,450.0,247.5,202.5,2023,4,11,Nov,44,Wednesday,45.0,$100-$500,0
ORD-01372,2023-11-01,South,In-Store,Frank Russo,Electronics,4K Monitor,11,479.2,0.2,5271.2,3623.95,1647.25,2023,4,11,Nov,44,Wednesday,31.25,>$2k,0
ORD-01046,2023-11-02,Central,Online,Henry Osei,Electronics,Laptop Pro 15,4,1140.0,0.05,4560.0,2640.0,1920.0,2023,4,11,Nov,44,Thursday,42.11,>$2k,0
ORD-01961,2023-11-02,South,Partner,Frank Russo,Apparel,Denim Jeans,19,55.25,0.15,1049.75,679.25,370.5,2023,4,11,Nov,44,Thursday,35.29,$500-$2k,0
ORD-00256,2023-11-03,Central,Partner,Henry Osei,Apparel,Wool Sweater,20,93.5,0.15,1870.0,1210.0,660.0,2023,4,11,Nov,44,Friday,35.29,$500-$2k,0
ORD-01137,2023-11-03,East,Partner,Grace Lee,Food & Beverage,Green Tea Set,1,14.4,0.2,14.4,9.9,4.5,2023,4,11,Nov,44,Friday,31.25,<$100,0
ORD-00743,2023-11-03,East,Partner,Grace Lee,Sports,Gym Bag,2,70.0,0.0,140.0,77.0,63.0,2023,4,11,Nov,44,Friday,45.0,$100-$500,0
ORD-01250,2023-11-03,South,In-Store,David Kim,Apparel,Running Jacket,7,85.0,0.0,595.0,327.25,267.75,2023,4,11,Nov,44,Friday,45.0,$500-$2k,0
ORD-00694,2023-11-04,North,Wholesale,Bob Chen,Sports,Foam Roller,20,25.5,0.15,510.0,330.0,180.0,2023,4,11,Nov,44,Saturday,35.29,$500-$2k,0
ORD-01722,2023-11-04,Central,Online,Grace Lee,Food & Beverage,Protein Bars 12Pk,20,26.6,0.05,532.0,308.0,224.0,2023,4,11,Nov,44,Saturday,42.11,$500-$2k,0
ORD-00335,2023-11-05,East,Wholesale,Clara Diaz,Sports,Resistance Bands,5,25.0,0.0,125.0,68.75,56.25,2023,4,11,Nov,44,Sunday,45.0,$100-$500,0
ORD-00082,2023-11-05,Central,Online,Alice Morgan,Electronics,Wireless Earbuds,4,75.65,0.15,302.6,195.8,106.8,2023,4,11,Nov,44,Sunday,35.29,$100-$500,0
ORD-00175,2023-11-05,South,In-Store,Eva Patel,Sports,Foam Roller,1,30.0,0.0,30.0,16.5,13.5,2023,4,11,Nov,44,Sunday,45.0,<$100,0
ORD-01465,2023-11-05,East,Online,Eva Patel,Apparel,Wool Sweater,18,110.0,0.0,1980.0,1089.0,891.0,2023,4,11,Nov,44,Sunday,45.0,$500-$2k,0
ORD-01674,2023-11-06,West,Wholesale,Alice Morgan,Food & Beverage,Premium Coffee Blend,11,18.7,0.15,205.7,133.1,72.6,2023,4,11,Nov,45,Monday,35.29,$100-$500,0
ORD-01238,2023-11-06,Central,In-Store,Grace Lee,Electronics,Wireless Earbuds,13,84.55,0.05,1099.15,636.35,462.8,2023,4,11,Nov,45,Monday,42.11,$500-$2k,0
ORD-00947,2023-11-06,Central,Partner,Grace Lee,Apparel,Yoga Set,3,46.75,0.15,140.25,90.75,49.5,2023,4,11,Nov,45,Monday,35.29,$100-$500,0
ORD-01013,2023-11-06,North,In-Store,Clara Diaz,Home & Garden,Planter Set,13,36.0,0.2,468.0,321.75,146.25,2023,4,11,Nov,45,Monday,31.25,$100-$500,0
ORD-00933,2023-11-07,South,Wholesale,Grace Lee,Electronics,Wireless Earbuds,18,75.65,0.15,1361.7,881.1,480.6,2023,4,11,Nov,45,Tuesday,35.29,$500-$2k,0
ORD-00824,2023-11-07,West,Online,Bob Chen,Electronics,Smart Watch,11,211.65,0.15,2328.15,1506.45,821.7,2023,4,11,Nov,45,Tuesday,35.29,>$2k,0
ORD-01087,2023-11-07,South,In-Store,Henry Osei,Apparel,Running Jacket,20,72.25,0.15,1445.0,935.0,510.0,2023,4,11,Nov,45,Tuesday,35.29,$500-$2k,0
ORD-00409,2023-11-08,Central,In-Store,Henry Osei,Home & Garden,Air Purifier,10,179.1,0.1,1791.0,1094.5,696.5,2023,4,11,Nov,45,Wednesday,38.89,$500-$2k,0
ORD-01040,2023-11-08,East,Partner,Alice Morgan,Sports,Protein Shaker,18,14.4,0.2,259.2,178.2,81.0,2023,4,11,Nov,45,Wednesday,31.25,$100-$500,0
ORD-01424,2023-11-08,North,Partner,Frank Russo,Home & Garden,Robot Vacuum,4,299.0,0.0,1196.0,657.8,538.2,2023,4,11,Nov,45,Wednesday,45.0,$500-$2k,0
ORD-00382,2023-11-09,South,Wholesale,Bob Chen,Apparel,Running Jacket,13,72.25,0.15,939.25,607.75,331.5,2023,4,11,Nov,45,Thursday,35.29,$500-$2k,0
ORD-00101,2023-11-09,Central,Online,Bob Chen,Sports,Gym Bag,19,66.5,0.05,1263.5,731.5,532.0,2023,4,11,Nov,45,Thursday,42.11,$500-$2k,0
ORD-01056,2023-11-09,East,Partner,Eva Patel,Food & Beverage,Protein Bars 12Pk,4,28.0,0.0,112.0,61.6,50.4,2023,4,11,Nov,45,Thursday,45.0,$100-$500,0
ORD-00696,2023-11-09,Central,Online,Frank Russo,Food & Beverage,Premium Coffee Blend,13,22.0,0.0,286.0,157.3,128.7,2023,4,11,Nov,45,Thursday,45.0,$100-$500,0
ORD-01341,2023-11-10,South,Wholesale,Clara Diaz,Food & Beverage,Green Tea Set,19,16.2,0.1,307.8,188.1,119.7,2023,4,11,Nov,45,Friday,38.89,$100-$500,0
ORD-01850,2023-11-10,West,Partner,Alice Morgan,Food & Beverage,Olive Oil 1L,20,15.2,0.05,304.0,176.0,128.0,2023,4,11,Nov,45,Friday,42.11,$100-$500,0
ORD-01733,2023-11-10,East,Partner,Frank Russo,Sports,Gym Bag,12,70.0,0.0,840.0,462.0,378.0,2023,4,11,Nov,45,Friday,45.0,$500-$2k,0
ORD-01129,2023-11-10,West,Wholesale,Clara Diaz,Sports,Resistance Bands,13,25.0,0.0,325.0,178.75,146.25,2023,4,11,Nov,45,Friday,45.0,$100-$500,0
ORD-00491,2023-11-11,West,Partner,Frank Russo,Electronics,Wireless Earbuds,12,89.0,0.0,1068.0,587.4,480.6,2023,4,11,Nov,45,Saturday,45.0,$500-$2k,0
ORD-01882,2023-11-11,South,Wholesale,Clara Diaz,Sports,Protein Shaker,12,15.3,0.15,183.6,118.8,64.8,2023,4,11,Nov,45,Saturday,35.29,$100-$500,0
ORD-01889,2023-11-11,North,Partner,Frank Russo,Home & Garden,Air Purifier,5,199.0,0.0,995.0,547.25,447.75,2023,4,11,Nov,45,Saturday,45.0,$500-$2k,0
ORD-00281,2023-11-11,South,Wholesale,Eva Patel,Apparel,Running Jacket,4,80.75,0.05,323.0,187.0,136.0,2023,4,11,Nov,45,Saturday,42.11,$100-$500,0
ORD-01851,2023-11-11,Central,In-Store,Frank Russo,Food & Beverage,Premium Coffee Blend,7,22.0,0.0,154.0,84.7,69.3,2023,4,11,Nov,45,Saturday,45.0,$100-$500,0
ORD-00106,2023-11-11,Central,Partner,Henry Osei,Apparel,Running Jacket,2,85.0,0.0,170.0,93.5,76.5,2023,4,11,Nov,45,Saturday,45.0,$100-$500,0
ORD-00020,2023-11-11,South,Online,David Kim,Electronics,Laptop Pro 15,12,960.0,0.2,11520.0,7920.0,3600.0,2023,4,11,Nov,45,Saturday,31.25,>$2k,0
ORD-00331,2023-11-12,West,Partner,Eva Patel,Home & Garden,Robot Vacuum,3,299.0,0.0,897.0,493.35,403.65,2023,4,11,Nov,45,Sunday,45.0,$500-$2k,0
ORD-01193,2023-11-12,Central,Online,Grace Lee,Sports,Gym Bag,13,66.5,0.05,864.5,500.5,364.0,2023,4,11,Nov,45,Sunday,42.11,$500-$2k,0
ORD-00736,2023-11-12,East,Wholesale,Eva Patel,Apparel,Denim Jeans,2,61.75,0.05,123.5,71.5,52.0,2023,4,11,Nov,45,Sunday,42.11,$100-$500,0
ORD-00168,2023-11-13,East,Partner,Alice Morgan,Electronics,Wireless Earbuds,9,75.65,0.15,680.85,440.55,240.3,2023,4,11,Nov,46,Monday,35.29,$500-$2k,0
ORD-00200,2023-11-13,West,In-Store,Frank Russo,Sports,Resistance Bands,18,25.0,0.0,450.0,247.5,202.5,2023,4,11,Nov,46,Monday,45.0,$100-$500,0
ORD-01109,2023-11-13,Central,Partner,Eva Patel,Home & Garden,Air Purifier,5,189.05,0.05,945.25,547.25,398.0,2023,4,11,Nov,46,Monday,42.11,$500-$2k,0
ORD-00396,2023-11-14,North,In-Store,Clara Diaz,Food & Beverage,Protein Bars 12Pk,9,28.0,0.0,252.0,138.6,113.4,2023,4,11,Nov,46,Tuesday,45.0,$100-$500,0
ORD-01622,2023-11-14,East,Online,Frank Russo,Home & Garden,Air Purifier,1,179.1,0.1,179.1,109.45,69.65,2023,4,11,Nov,46,Tuesday,38.89,$100-$500,0
ORD-00181,2023-11-14,East,In-Store,Frank Russo,Food & Beverage,Premium Coffee Blend,13,17.6,0.2,228.8,157.3,71.5,2023,4,11,Nov,46,Tuesday,31.25,$100-$500,0
ORD-01474,2023-11-15,North,Wholesale,David Kim,Apparel,Denim Jeans,10,55.25,0.15,552.5,357.5,195.0,2023,4,11,Nov,46,Wednesday,35.29,$500-$2k,0
ORD-01791,2023-11-16,South,Online,Alice Morgan,Electronics,Smart Watch,18,211.65,0.15,3809.7,2465.1,1344.6,2023,4,11,Nov,46,Thursday,35.29,>$2k,0
ORD-01108,2023-11-16,Central,Wholesale,Frank Russo,Apparel,Running Jacket,2,85.0,0.0,170.0,93.5,76.5,2023,4,11,Nov,46,Thursday,45.0,$100-$500,0
ORD-00572,2023-11-17,South,In-Store,Grace Lee,Home & Garden,Led Strip Kit,6,35.0,0.0,210.0,115.5,94.5,2023,4,11,Nov,46,Friday,45.0,$100-$500,0
ORD-01420,2023-11-17,West,Online,Grace Lee,Home & Garden,Led Strip Kit,3,31.5,0.1,94.5,57.75,36.75,2023,4,11,Nov,46,Friday,38.89,<$100,0
ORD-01558,2023-11-18,North,Partner,Eva Patel,Sports,Gym Bag,19,63.0,0.1,1197.0,731.5,465.5,2023,4,11,Nov,46,Saturday,38.89,$500-$2k,0
ORD-00520,2023-11-18,North,In-Store,Frank Russo,Electronics,Laptop Pro 15,9,1020.0,0.15,9180.0,5940.0,3240.0,2023,4,11,Nov,46,Saturday,35.29,>$2k,0
ORD-01943,2023-11-18,North,Partner,Henry Osei,Food & Beverage,Protein Bars 12Pk,20,26.6,0.05,532.0,308.0,224.0,2023,4,11,Nov,46,Saturday,42.11,$500-$2k,0
ORD-00758,2023-11-19,North,Partner,Grace Lee,Apparel,Running Jacket,10,72.25,0.15,722.5,467.5,255.0,2023,4,11,Nov,46,Sunday,35.29,$500-$2k,0
ORD-01020,2023-11-20,Central,Online,Eva Patel,Electronics,Laptop Pro 15,14,1080.0,0.1,15120.0,9240.0,5880.0,2023,4,11,Nov,47,Monday,38.89,>$2k,0
ORD-00039,2023-11-20,North,Online,Henry Osei,Sports,Resistance Bands,10,23.75,0.05,237.5,137.5,100.0,2023,4,11,Nov,47,Monday,42.11,$100-$500,0
ORD-00011,2023-11-20,West,Partner,Bob Chen,Electronics,Wireless Earbuds,2,71.2,0.2,142.4,97.9,44.5,2023,4,11,Nov,47,Monday,31.25,$100-$500,0
ORD-01886,2023-11-21,West,In-Store,Clara Diaz,Sports,Resistance Bands,5,23.75,0.05,118.75,68.75,50.0,2023,4,11,Nov,47,Tuesday,42.11,$100-$500,0
ORD-00435,2023-11-22,East,Online,Frank Russo,Apparel,Denim Jeans,8,58.5,0.1,468.0,286.0,182.0,2023,4,11,Nov,47,Wednesday,38.89,$100-$500,0
ORD-00951,2023-11-23,North,In-Store,Grace Lee,Apparel,Yoga Set,14,52.25,0.05,731.5,423.5,308.0,2023,4,11,Nov,47,Thursday,42.11,$500-$2k,0
ORD-00406,2023-11-24,East,Online,Frank Russo,Home & Garden,Air Purifier,14,169.15,0.15,2368.1,1532.3,835.8,2023,4,11,Nov,47,Friday,35.29,>$2k,0
ORD-00882,2023-11-24,South,Online,Frank Russo,Sports,Protein Shaker,5,17.1,0.05,85.5,49.5,36.0,2023,4,11,Nov,47,Friday,42.11,<$100,0
ORD-01854,2023-11-24,North,In-Store,Henry Osei,Sports,Resistance Bands,8,21.25,0.15,170.0,110.0,60.0,2023,4,11,Nov,47,Friday,35.29,$100-$500,0
ORD-00111,2023-11-25,North,In-Store,Frank Russo,Sports,Gym Bag,14,70.0,0.0,980.0,539.0,441.0,2023,4,11,Nov,47,Saturday,45.0,$500-$2k,0
ORD-01555,2023-11-25,West,In-Store,Eva Patel,Electronics,Smart Watch,15,236.55,0.05,3548.25,2054.25,1494.0,2023,4,11,Nov,47,Saturday,42.11,>$2k,0
ORD-01790,2023-11-26,South,Partner,Alice Morgan,Food & Beverage,Olive Oil 1L,16,15.2,0.05,243.2,140.8,102.4,2023,4,11,Nov,47,Sunday,42.11,$100-$500,0
ORD-01814,2023-11-27,North,Online,David Kim,Sports,Gym Bag,6,70.0,0.0,420.0,231.0,189.0,2023,4,11,Nov,48,Monday,45.0,$100-$500,0
ORD-00108,2023-11-27,Central,Partner,Alice Morgan,Electronics,Laptop Pro 15,14,1020.0,0.15,14280.0,9240.0,5040.0,2023,4,11,Nov,48,Monday,35.29,>$2k,0
ORD-01643,2023-11-27,North,Partner,Alice Morgan,Food & Beverage,Olive Oil 1L,19,16.0,0.0,304.0,167.2,136.8,2023,4,11,Nov,48,Monday,45.0,$100-$500,0
ORD-00752,2023-11-28,North,Online,Frank Russo,Home & Garden,Planter Set,17,40.5,0.1,688.5,420.75,267.75,2023,4,11,Nov,48,Tuesday,38.89,$500-$2k,0
ORD-00732,2023-11-28,West,Online,Clara Diaz,Apparel,Denim Jeans,13,61.75,0.05,802.75,464.75,338.0,2023,4,11,Nov,48,Tuesday,42.11,$500-$2k,0
ORD-00154,2023-11-28,North,In-Store,Eva Patel,Electronics,Smart Watch,8,224.1,0.1,1792.8,1095.6,697.2,2023,4,11,Nov,48,Tuesday,38.89,$500-$2k,0
ORD-00775,2023-11-29,West,Wholesale,Alice Morgan,Sports,Resistance Bands,11,20.0,0.2,220.0,151.25,68.75,2023,4,11,Nov,48,Wednesday,31.25,$100-$500,0
ORD-01921,2023-11-29,West,Wholesale,Henry Osei,Home & Garden,Led Strip Kit,15,33.25,0.05,498.75,288.75,210.0,2023,4,11,Nov,48,Wednesday,42.11,$100-$500,0
ORD-01984,2023-11-30,East,Wholesale,Grace Lee,Apparel,Yoga Set,16,55.0,0.0,880.0,484.0,396.0,2023,4,11,Nov,48,Thursday,45.0,$500-$2k,0
ORD-00940,2023-11-30,North,Wholesale,Grace Lee,Home & Garden,Air Purifier,1,179.1,0.1,179.1,109.45,69.65,2023,4,11,Nov,48,Thursday,38.89,$100-$500,0
ORD-00848,2023-11-30,West,In-Store,Frank Russo,Apparel,Wool Sweater,19,99.0,0.1,1881.0,1149.5,731.5,2023,4,11,Nov,48,Thursday,38.89,$500-$2k,0
ORD-01738,2023-11-30,West,Wholesale,Alice Morgan,Electronics,Laptop Pro 15,8,1200.0,0.0,9600.0,5280.0,4320.0,2023,4,11,Nov,48,Thursday,45.0,>$2k,0
ORD-00076,2023-12-01,East,Wholesale,Eva Patel,Sports,Gym Bag,7,66.5,0.05,465.5,269.5,196.0,2023,4,12,Dec,48,Friday,42.11,$100-$500,0
ORD-01932,2023-12-01,South,Partner,Henry Osei,Home & Garden,Led Strip Kit,8,35.0,0.0,280.0,154.0,126.0,2023,4,12,Dec,48,Friday,45.0,$100-$500,0
ORD-01655,2023-12-01,East,Wholesale,Grace Lee,Home & Garden,Air Purifier,13,159.2,0.2,2069.6,1422.85,646.75,2023,4,12,Dec,48,Friday,31.25,>$2k,0
ORD-01945,2023-12-01,Central,Wholesale,Frank Russo,Electronics,Laptop Pro 15,2,960.0,0.2,1920.0,1320.0,600.0,2023,4,12,Dec,48,Friday,31.25,$500-$2k,0
ORD-01861,2023-12-02,South,Partner,Grace Lee,Sports,Foam Roller,6,27.0,0.1,162.0,99.0,63.0,2023,4,12,Dec,48,Saturday,38.89,$100-$500,0
ORD-00144,2023-12-02,Central,In-Store,Bob Chen,Sports,Foam Roller,20,27.0,0.1,540.0,330.0,210.0,2023,4,12,Dec,48,Saturday,38.89,$500-$2k,0
ORD-00420,2023-12-02,South,Online,David Kim,Food & Beverage,Premium Coffee Blend,7,17.6,0.2,123.2,84.7,38.5,2023,4,12,Dec,48,Saturday,31.25,$100-$500,0
ORD-00052,2023-12-03,East,Online,Eva Patel,Apparel,Running Jacket,7,80.75,0.05,565.25,327.25,238.0,2023,4,12,Dec,48,Sunday,42.11,$500-$2k,0
ORD-01180,2023-12-03,South,Partner,Frank Russo,Electronics,Wireless Earbuds,20,84.55,0.05,1691.0,979.0,712.0,2023,4,12,Dec,48,Sunday,42.11,$500-$2k,0
ORD-01704,2023-12-04,North,Wholesale,Henry Osei,Sports,Resistance Bands,9,25.0,0.0,225.0,123.75,101.25,2023,4,12,Dec,49,Monday,45.0,$100-$500,0
ORD-01503,2023-12-04,North,In-Store,Henry Osei,Apparel,Denim Jeans,18,52.0,0.2,936.0,643.5,292.5,2023,4,12,Dec,49,Monday,31.25,$500-$2k,0
ORD-00354,2023-12-05,Central,Wholesale,Henry Osei,Food & Beverage,Protein Bars 12Pk,18,28.0,0.0,504.0,277.2,226.8,2023,4,12,Dec,49,Tuesday,45.0,$500-$2k,0
ORD-01211,2023-12-05,North,Online,Henry Osei,Food & Beverage,Premium Coffee Blend,12,17.6,0.2,211.2,145.2,66.0,2023,4,12,Dec,49,Tuesday,31.25,$100-$500,0
ORD-00303,2023-12-05,North,Wholesale,Frank Russo,Sports,Resistance Bands,9,25.0,0.0,225.0,123.75,101.25,2023,4,12,Dec,49,Tuesday,45.0,$100-$500,0
ORD-01933,2023-12-06,South,In-Store,Frank Russo,Home & Garden,Planter Set,19,36.0,0.2,684.0,470.25,213.75,2023,4,12,Dec,49,Wednesday,31.25,$500-$2k,0
ORD-00573,2023-12-06,West,Wholesale,Henry Osei,Home & Garden,Planter Set,5,38.25,0.15,191.25,123.75,67.5,2023,4,12,Dec,49,Wednesday,35.29,$100-$500,0
ORD-00707,2023-12-06,South,In-Store,David Kim,Home & Garden,Led Strip Kit,16,35.0,0.0,560.0,308.0,252.0,2023,4,12,Dec,49,Wednesday,45.0,$500-$2k,0
ORD-00495,2023-12-07,South,Partner,Alice Morgan,Home & Garden,Air Purifier,3,189.05,0.05,567.15,328.35,238.8,2023,4,12,Dec,49,Thursday,42.11,$500-$2k,0
ORD-00305,2023-12-07,East,Online,David Kim,Apparel,Denim Jeans,16,65.0,0.0,1040.0,572.0,468.0,2023,4,12,Dec,49,Thursday,45.0,$500-$2k,0
ORD-01963,2023-12-08,South,Wholesale,Grace Lee,Electronics,Wireless Earbuds,6,71.2,0.2,427.2,293.7,133.5,2023,4,12,Dec,49,Friday,31.25,$100-$500,0
ORD-00836,2023-12-10,North,Online,Eva Patel,Apparel,Running Jacket,19,85.0,0.0,1615.0,888.25,726.75,2023,4,12,Dec,49,Sunday,45.0,$500-$2k,0
ORD-00068,2023-12-10,East,Online,Clara Diaz,Electronics,Smart Watch,8,249.0,0.0,1992.0,1095.6,896.4,2023,4,12,Dec,49,Sunday,45.0,$500-$2k,0
ORD-00699,2023-12-11,North,Wholesale,Alice Morgan,Home & Garden,Led Strip Kit,5,35.0,0.0,175.0,96.25,78.75,2023,4,12,Dec,50,Monday,45.0,$100-$500,0
ORD-01644,2023-12-11,North,In-Store,Frank Russo,Apparel,Wool Sweater,16,110.0,0.0,1760.0,968.0,792.0,2023,4,12,Dec,50,Monday,45.0,$500-$2k,0
ORD-01880,2023-12-12,East,Wholesale,Clara Diaz,Sports,Protein Shaker,15,18.0,0.0,270.0,148.5,121.5,2023,4,12,Dec,50,Tuesday,45.0,$100-$500,0
ORD-01781,2023-12-12,South,Partner,Frank Russo,Electronics,Smart Watch,17,249.0,0.0,4233.0,2328.15,1904.85,2023,4,12,Dec,50,Tuesday,45.0,>$2k,0
ORD-01231,2023-12-12,West,Wholesale,Frank Russo,Apparel,Running Jacket,18,80.75,0.05,1453.5,841.5,612.0,2023,4,12,Dec,50,Tuesday,42.11,$500-$2k,0
ORD-01209,2023-12-12,Central,Wholesale,Frank Russo,Sports,Gym Bag,16,66.5,0.05,1064.0,616.0,448.0,2023,4,12,Dec,50,Tuesday,42.11,$500-$2k,0
ORD-00769,2023-12-13,Central,Wholesale,Alice Morgan,Apparel,Running Jacket,10,76.5,0.1,765.0,467.5,297.5,2023,4,12,Dec,50,Wednesday,38.89,$500-$2k,0
ORD-01845,2023-12-13,South,Partner,Clara Diaz,Sports,Foam Roller,18,30.0,0.0,540.0,297.0,243.0,2023,4,12,Dec,50,Wednesday,45.0,$500-$2k,0
ORD-01023,2023-12-14,Central,Wholesale,Clara Diaz,Apparel,Denim Jeans,19,55.25,0.15,1049.75,679.25,370.5,2023,4,12,Dec,50,Thursday,35.29,$500-$2k,0
ORD-00829,2023-12-14,North,Partner,Alice Morgan,Sports,Protein Shaker,1,18.0,0.0,18.0,9.9,8.1,2023,4,12,Dec,50,Thursday,45.0,<$100,0
ORD-00253,2023-12-14,Central,Partner,Clara Diaz,Apparel,Running Jacket,13,85.0,0.0,1105.0,607.75,497.25,2023,4,12,Dec,50,Thursday,45.0,$500-$2k,0
ORD-00617,2023-12-14,West,Wholesale,Alice Morgan,Food & Beverage,Olive Oil 1L,8,12.8,0.2,102.4,70.4,32.0,2023,4,12,Dec,50,Thursday,31.25,$100-$500,0
ORD-01003,2023-12-16,West,In-Store,Clara Diaz,Sports,Foam Roller,2,27.0,0.1,54.0,33.0,21.0,2023,4,12,Dec,50,Saturday,38.89,<$100,0
ORD-01556,2023-12-16,North,Wholesale,Eva Patel,Electronics,Wireless Earbuds,10,84.55,0.05,845.5,489.5,356.0,2023,4,12,Dec,50,Saturday,42.11,$500-$2k,0
ORD-00659,2023-12-17,West,Partner,Henry Osei,Apparel,Running Jacket,16,85.0,0.0,1360.0,748.0,612.0,2023,4,12,Dec,50,Sunday,45.0,$500-$2k,0
ORD-01782,2023-12-17,Central,Partner,Bob Chen,Sports,Protein Shaker,4,15.3,0.15,61.2,39.6,21.6,2023,4,12,Dec,50,Sunday,35.29,<$100,0
ORD-01640,2023-12-17,Central,Partner,Bob Chen,Sports,Gym Bag,10,70.0,0.0,700.0,385.0,315.0,2023,4,12,Dec,50,Sunday,45.0,$500-$2k,0
ORD-00263,2023-12-17,Central,Partner,Eva Patel,Home & Garden,Air Purifier,15,179.1,0.1,2686.5,1641.75,1044.75,2023,4,12,Dec,50,Sunday,38.89,>$2k,0
ORD-00450,2023-12-17,South,Wholesale,Clara Diaz,Home & Garden,Planter Set,4,45.0,0.0,180.0,99.0,81.0,2023,4,12,Dec,50,Sunday,45.0,$100-$500,0
ORD-00494,2023-12-17,West,Wholesale,Clara Diaz,Electronics,Wireless Earbuds,5,89.0,0.0,445.0,244.75,200.25,2023,4,12,Dec,50,Sunday,45.0,$100-$500,0
ORD-01509,2023-12-18,West,Online,David Kim,Food & Beverage,Green Tea Set,12,18.0,0.0,216.0,118.8,97.2,2023,4,12,Dec,51,Monday,45.0,$100-$500,0
ORD-00536,2023-12-18,East,Wholesale,Clara Diaz,Sports,Resistance Bands,9,23.75,0.05,213.75,123.75,90.0,2023,4,12,Dec,51,Monday,42.11,$100-$500,0
ORD-00629,2023-12-18,East,In-Store,Henry Osei,Apparel,Yoga Set,16,49.5,0.1,792.0,484.0,308.0,2023,4,12,Dec,51,Monday,38.89,$500-$2k,0
ORD-00353,2023-12-18,North,In-Store,David Kim,Home & Garden,Robot Vacuum,4,299.0,0.0,1196.0,657.8,538.2,2023,4,12,Dec,51,Monday,45.0,$500-$2k,0
ORD-00005,2023-12-19,Central,Partner,Alice Morgan,Electronics,4K Monitor,4,599.0,0.0,2396.0,1317.8,1078.2,2023,4,12,Dec,51,Tuesday,45.0,>$2k,0
ORD-00459,2023-12-19,Central,Wholesale,David Kim,Apparel,Running Jacket,3,72.25,0.15,216.75,140.25,76.5,2023,4,12,Dec,51,Tuesday,35.29,$100-$500,0
ORD-01917,2023-12-19,North,Wholesale,Bob Chen,Electronics,Laptop Pro 15,3,1140.0,0.05,3420.0,1980.0,1440.0,2023,4,12,Dec,51,Tuesday,42.11,>$2k,0
ORD-01672,2023-12-20,West,In-Store,Henry Osei,Apparel,Wool Sweater,14,110.0,0.0,1540.0,847.0,693.0,2023,4,12,Dec,51,Wednesday,45.0,$500-$2k,0
ORD-00411,2023-12-21,North,Partner,Alice Morgan,Sports,Foam Roller,8,27.0,0.1,216.0,132.0,84.0,2023,4,12,Dec,51,Thursday,38.89,$100-$500,0
ORD-00326,2023-12-21,North,Online,Grace Lee,Apparel,Running Jacket,17,72.25,0.15,1228.25,794.75,433.5,2023,4,12,Dec,51,Thursday,35.29,$500-$2k,0
ORD-01650,2023-12-21,West,Wholesale,Clara Diaz,Electronics,Smart Watch,5,199.2,0.2,996.0,684.75,311.25,2023,4,12,Dec,51,Thursday,31.25,$500-$2k,0
ORD-01456,2023-12-22,East,Online,Alice Morgan,Sports,Protein Shaker,19,14.4,0.2,273.6,188.1,85.5,2023,4,12,Dec,51,Friday,31.25,$100-$500,0
ORD-01307,2023-12-22,Central,Partner,Frank Russo,Apparel,Running Jacket,1,72.25,0.15,72.25,46.75,25.5,2023,4,12,Dec,51,Friday,35.29,<$100,0
ORD-01401,2023-12-22,West,Online,Clara Diaz,Apparel,Running Jacket,4,85.0,0.0,340.0,187.0,153.0,2023,4,12,Dec,51,Friday,45.0,$100-$500,0
ORD-00445,2023-12-22,East,In-Store,Bob Chen,Apparel,Yoga Set,3,55.0,0.0,165.0,90.75,74.25,2023,4,12,Dec,51,Friday,45.0,$100-$500,0
ORD-01522,2023-12-23,North,Partner,Eva Patel,Home & Garden,Robot Vacuum,18,239.2,0.2,4305.6,2960.1,1345.5,2023,4,12,Dec,51,Saturday,31.25,>$2k,0
ORD-00359,2023-12-23,East,Wholesale,Clara Diaz,Food & Beverage,Olive Oil 1L,19,16.0,0.0,304.0,167.2,136.8,2023,4,12,Dec,51,Saturday,45.0,$100-$500,0
ORD-01488,2023-12-23,Central,Wholesale,Bob Chen,Apparel,Yoga Set,19,49.5,0.1,940.5,574.75,365.75,2023,4,12,Dec,51,Saturday,38.89,$500-$2k,0
ORD-00613,2023-12-23,East,Partner,David Kim,Electronics,Smart Watch,18,224.1,0.1,4033.8,2465.1,1568.7,2023,4,12,Dec,51,Saturday,38.89,>$2k,0
ORD-01454,2023-12-24,East,Wholesale,Grace Lee,Food & Beverage,Protein Bars 12Pk,9,23.8,0.15,214.2,138.6,75.6,2023,4,12,Dec,51,Sunday,35.29,$100-$500,0
ORD-01274,2023-12-25,South,Wholesale,Frank Russo,Home & Garden,Planter Set,4,45.0,0.0,180.0,99.0,81.0,2023,4,12,Dec,52,Monday,45.0,$100-$500,0
ORD-01632,2023-12-26,North,Partner,Henry Osei,Electronics,Smart Watch,9,224.1,0.1,2016.9,1232.55,784.35,2023,4,12,Dec,52,Tuesday,38.89,>$2k,0
ORD-00938,2023-12-26,North,In-Store,David Kim,Sports,Gym Bag,12,66.5,0.05,798.0,462.0,336.0,2023,4,12,Dec,52,Tuesday,42.11,$500-$2k,0
ORD-01435,2023-12-27,East,Online,Bob Chen,Electronics,4K Monitor,17,569.05,0.05,9673.85,5600.65,4073.2,2023,4,12,Dec,52,Wednesday,42.11,>$2k,0
ORD-00186,2023-12-27,Central,Online,Eva Patel,Home & Garden,Planter Set,19,45.0,0.0,855.0,470.25,384.75,2023,4,12,Dec,52,Wednesday,45.0,$500-$2k,0
ORD-01811,2023-12-27,Central,In-Store,Frank Russo,Apparel,Wool Sweater,3,110.0,0.0,330.0,181.5,148.5,2023,4,12,Dec,52,Wednesday,45.0,$100-$500,0
ORD-00137,2023-12-27,South,In-Store,Eva Patel,Home & Garden,Air Purifier,20,159.2,0.2,3184.0,2189.0,995.0,2023,4,12,Dec,52,Wednesday,31.25,>$2k,0
ORD-00539,2023-12-27,Central,Wholesale,Grace Lee,Food & Beverage,Green Tea Set,4,14.4,0.2,57.6,39.6,18.0,2023,4,12,Dec,52,Wednesday,31.25,<$100,0
ORD-00585,2023-12-28,East,Wholesale,Henry Osei,Sports,Resistance Bands,17,23.75,0.05,403.75,233.75,170.0,2023,4,12,Dec,52,Thursday,42.11,$100-$500,0
ORD-00211,2023-12-28,South,Wholesale,Clara Diaz,Home & Garden,Led Strip Kit,1,31.5,0.1,31.5,19.25,12.25,2023,4,12,Dec,52,Thursday,38.89,<$100,0
ORD-01450,2023-12-28,East,Partner,Henry Osei,Home & Garden,Planter Set,15,45.0,0.0,675.0,371.25,303.75,2023,4,12,Dec,52,Thursday,45.0,$500-$2k,0
ORD-00427,2023-12-29,South,In-Store,Eva Patel,Electronics,4K Monitor,14,599.0,0.0,8386.0,4612.3,3773.7,2023,4,12,Dec,52,Friday,45.0,>$2k,0
ORD-01278,2023-12-29,West,Online,Frank Russo,Sports,Protein Shaker,6,18.0,0.0,108.0,59.4,48.6,2023,4,12,Dec,52,Friday,45.0,$100-$500,0
ORD-01786,2023-12-29,Central,In-Store,Alice Morgan,Apparel,Denim Jeans,1,65.0,0.0,65.0,35.75,29.25,2023,4,12,Dec,52,Friday,45.0,<$100,0
ORD-01236,2023-12-31,West,In-Store,Alice Morgan,Sports,Resistance Bands,2,25.0,0.0,50.0,27.5,22.5,2023,4,12,Dec,52,Sunday,45.0,<$100,0
ORD-01514,2024-01-01,South,Wholesale,Eva Patel,Food & Beverage,Protein Bars 12Pk,16,23.8,0.15,380.8,246.4,134.4,2024,1,1,Jan,1,Monday,35.29,$100-$500,1
ORD-01573,2024-01-01,Central,Wholesale,Eva Patel,Sports,Protein Shaker,13,16.2,0.1,210.6,128.7,81.9,2024,1,1,Jan,1,Monday,38.89,$100-$500,1
ORD-01116,2024-01-02,North,Online,Clara Diaz,Electronics,Smart Watch,1,249.0,0.0,249.0,136.95,112.05,2024,1,1,Jan,1,Tuesday,45.0,$100-$500,1
ORD-01529,2024-01-03,West,In-Store,Grace Lee,Sports,Foam Roller,15,30.0,0.0,450.0,247.5,202.5,2024,1,1,Jan,1,Wednesday,45.0,$100-$500,1
ORD-01980,2024-01-03,West,Wholesale,Clara Diaz,Electronics,Smart Watch,5,249.0,0.0,1245.0,684.75,560.25,2024,1,1,Jan,1,Wednesday,45.0,$500-$2k,1
ORD-01949,2024-01-04,East,Partner,Bob Chen,Electronics,Wireless Earbuds,8,89.0,0.0,712.0,391.6,320.4,2024,1,1,Jan,1,Thursday,45.0,$500-$2k,1
ORD-01214,2024-01-04,North,Partner,Henry Osei,Electronics,Smart Watch,1,211.65,0.15,211.65,136.95,74.7,2024,1,1,Jan,1,Thursday,35.29,$100-$500,1
ORD-01495,2024-01-04,West,Online,Frank Russo,Apparel,Running Jacket,5,85.0,0.0,425.0,233.75,191.25,2024,1,1,Jan,1,Thursday,45.0,$100-$500,1
ORD-00454,2024-01-05,North,Wholesale,Bob Chen,Food & Beverage,Olive Oil 1L,5,16.0,0.0,80.0,44.0,36.0,2024,1,1,Jan,1,Friday,45.0,<$100,1
ORD-00381,2024-01-05,East,Online,Frank Russo,Apparel,Yoga Set,3,46.75,0.15,140.25,90.75,49.5,2024,1,1,Jan,1,Friday,35.29,$100-$500,1
ORD-00582,2024-01-05,West,Wholesale,Henry Osei,Electronics,Wireless Earbuds,17,71.2,0.2,1210.4,832.15,378.25,2024,1,1,Jan,1,Friday,31.25,$500-$2k,1
ORD-00392,2024-01-05,East,In-Store,Grace Lee,Food & Beverage,Premium Coffee Blend,17,22.0,0.0,374.0,205.7,168.3,2024,1,1,Jan,1,Friday,45.0,$100-$500,1
ORD-00601,2024-01-06,North,In-Store,Grace Lee,Sports,Resistance Bands,11,23.75,0.05,261.25,151.25,110.0,2024,1,1,Jan,1,Saturday,42.11,$100-$500,1
ORD-00898,2024-01-06,Central,Wholesale,Grace Lee,Home & Garden,Led Strip Kit,3,31.5,0.1,94.5,57.75,36.75,2024,1,1,Jan,1,Saturday,38.89,<$100,1
ORD-01657,2024-01-06,East,Online,Grace Lee,Food & Beverage,Protein Bars 12Pk,8,28.0,0.0,224.0,123.2,100.8,2024,1,1,Jan,1,Saturday,45.0,$100-$500,1
ORD-01196,2024-01-06,North,In-Store,Eva Patel,Apparel,Wool Sweater,2,88.0,0.2,176.0,121.0,55.0,2024,1,1,Jan,1,Saturday,31.25,$100-$500,1
ORD-00114,2024-01-06,Central,Wholesale,Henry Osei,Sports,Foam Roller,7,27.0,0.1,189.0,115.5,73.5,2024,1,1,Jan,1,Saturday,38.89,$100-$500,1
ORD-01368,2024-01-06,West,Wholesale,David Kim,Food & Beverage,Olive Oil 1L,2,12.8,0.2,25.6,17.6,8.0,2024,1,1,Jan,1,Saturday,31.25,<$100,1
ORD-00195,2024-01-06,North,Partner,Eva Patel,Apparel,Running Jacket,14,76.5,0.1,1071.0,654.5,416.5,2024,1,1,Jan,1,Saturday,38.89,$500-$2k,1
ORD-00907,2024-01-07,South,Wholesale,Frank Russo,Sports,Gym Bag,10,59.5,0.15,595.0,385.0,210.0,2024,1,1,Jan,1,Sunday,35.29,$500-$2k,1
ORD-00734,2024-01-07,North,Wholesale,Clara Diaz,Electronics,Laptop Pro 15,15,1020.0,0.15,15300.0,9900.0,5400.0,2024,1,1,Jan,1,Sunday,35.29,>$2k,1
ORD-01225,2024-01-09,South,In-Store,Bob Chen,Sports,Protein Shaker,11,14.4,0.2,158.4,108.9,49.5,2024,1,1,Jan,2,Tuesday,31.25,$100-$500,1
ORD-00950,2024-01-09,West,In-Store,David Kim,Food & Beverage,Premium Coffee Blend,17,22.0,0.0,374.0,205.7,168.3,2024,1,1,Jan,2,Tuesday,45.0,$100-$500,1
ORD-00008,2024-01-09,South,Partner,Frank Russo,Sports,Gym Bag,15,59.5,0.15,892.5,577.5,315.0,2024,1,1,Jan,2,Tuesday,35.29,$500-$2k,1
ORD-01299,2024-01-10,West,Online,Grace Lee,Sports,Gym Bag,18,70.0,0.0,1260.0,693.0,567.0,2024,1,1,Jan,2,Wednesday,45.0,$500-$2k,1
ORD-01620,2024-01-10,West,Partner,Grace Lee,Home & Garden,Air Purifier,1,159.2,0.2,159.2,109.45,49.75,2024,1,1,Jan,2,Wednesday,31.25,$100-$500,1
ORD-01923,2024-01-10,North,Wholesale,Clara Diaz,Home & Garden,Led Strip Kit,5,33.25,0.05,166.25,96.25,70.0,2024,1,1,Jan,2,Wednesday,42.11,$100-$500,1
ORD-01269,2024-01-11,South,Partner,Alice Morgan,Apparel,Denim Jeans,6,65.0,0.0,390.0,214.5,175.5,2024,1,1,Jan,2,Thursday,45.0,$100-$500,1
ORD-01132,2024-01-12,West,Partner,Eva Patel,Sports,Protein Shaker,14,17.1,0.05,239.4,138.6,100.8,2024,1,1,Jan,2,Friday,42.11,$100-$500,1
ORD-00962,2024-01-12,East,Online,Alice Morgan,Home & Garden,Air Purifier,12,189.05,0.05,2268.6,1313.4,955.2,2024,1,1,Jan,2,Friday,42.11,>$2k,1
ORD-00870,2024-01-12,North,In-Store,Henry Osei,Food & Beverage,Green Tea Set,15,16.2,0.1,243.0,148.5,94.5,2024,1,1,Jan,2,Friday,38.89,$100-$500,1
ORD-00187,2024-01-13,East,Online,Bob Chen,Sports,Protein Shaker,2,18.0,0.0,36.0,19.8,16.2,2024,1,1,Jan,2,Saturday,45.0,<$100,1
ORD-01326,2024-01-13,East,Online,Alice Morgan,Electronics,Smart Watch,16,211.65,0.15,3386.4,2191.2,1195.2,2024,1,1,Jan,2,Saturday,35.29,>$2k,1
ORD-01895,2024-01-14,North,In-Store,Clara Diaz,Sports,Gym Bag,11,70.0,0.0,770.0,423.5,346.5,2024,1,1,Jan,2,Sunday,45.0,$500-$2k,1
ORD-00837,2024-01-14,Central,In-Store,Henry Osei,Apparel,Wool Sweater,6,93.5,0.15,561.0,363.0,198.0,2024,1,1,Jan,2,Sunday,35.29,$500-$2k,1
ORD-01055,2024-01-14,Central,Partner,Alice Morgan,Food & Beverage,Olive Oil 1L,4,16.0,0.0,64.0,35.2,28.8,2024,1,1,Jan,2,Sunday,45.0,<$100,1
ORD-00862,2024-01-15,West,Online,Bob Chen,Sports,Resistance Bands,13,25.0,0.0,325.0,178.75,146.25,2024,1,1,Jan,3,Monday,45.0,$100-$500,1
ORD-00244,2024-01-15,Central,Online,Frank Russo,Home & Garden,Planter Set,13,45.0,0.0,585.0,321.75,263.25,2024,1,1,Jan,3,Monday,45.0,$500-$2k,1
ORD-01605,2024-01-16,Central,Partner,Henry Osei,Food & Beverage,Protein Bars 12Pk,20,23.8,0.15,476.0,308.0,168.0,2024,1,1,Jan,3,Tuesday,35.29,$100-$500,1
ORD-01977,2024-01-16,Central,In-Store,Frank Russo,Food & Beverage,Protein Bars 12Pk,12,23.8,0.15,285.6,184.8,100.8,2024,1,1,Jan,3,Tuesday,35.29,$100-$500,1
ORD-00889,2024-01-17,North,Partner,Frank Russo,Apparel,Wool Sweater,12,104.5,0.05,1254.0,726.0,528.0,2024,1,1,Jan,3,Wednesday,42.11,$500-$2k,1
ORD-00630,2024-01-17,East,Wholesale,Eva Patel,Sports,Resistance Bands,14,21.25,0.15,297.5,192.5,105.0,2024,1,1,Jan,3,Wednesday,35.29,$100-$500,1
ORD-00163,2024-01-17,South,Online,Frank Russo,Electronics,Laptop Pro 15,14,1200.0,0.0,16800.0,9240.0,7560.0,2024,1,1,Jan,3,Wednesday,45.0,>$2k,1
ORD-01121,2024-01-17,South,Wholesale,Bob Chen,Sports,Resistance Bands,12,20.0,0.2,240.0,165.0,75.0,2024,1,1,Jan,3,Wednesday,31.25,$100-$500,1
ORD-01270,2024-01-18,North,Partner,David Kim,Sports,Protein Shaker,13,18.0,0.0,234.0,128.7,105.3,2024,1,1,Jan,3,Thursday,45.0,$100-$500,1
ORD-00705,2024-01-18,South,Online,Bob Chen,Electronics,Wireless Earbuds,7,75.65,0.15,529.55,342.65,186.9,2024,1,1,Jan,3,Thursday,35.29,$500-$2k,1
ORD-00530,2024-01-18,North,Online,Clara Diaz,Home & Garden,Planter Set,18,40.5,0.1,729.0,445.5,283.5,2024,1,1,Jan,3,Thursday,38.89,$500-$2k,1
ORD-01906,2024-01-18,North,In-Store,David Kim,Electronics,Wireless Earbuds,3,89.0,0.0,267.0,146.85,120.15,2024,1,1,Jan,3,Thursday,45.0,$100-$500,1
ORD-00315,2024-01-18,North,Wholesale,Henry Osei,Electronics,Wireless Earbuds,17,84.55,0.05,1437.35,832.15,605.2,2024,1,1,Jan,3,Thursday,42.11,$500-$2k,1
ORD-01736,2024-01-18,North,Partner,Grace Lee,Apparel,Denim Jeans,9,65.0,0.0,585.0,321.75,263.25,2024,1,1,Jan,3,Thursday,45.0,$500-$2k,1
ORD-01192,2024-01-19,West,Wholesale,Grace Lee,Electronics,Laptop Pro 15,17,1020.0,0.15,17340.0,11220.0,6120.0,2024,1,1,Jan,3,Friday,35.29,>$2k,1
ORD-01141,2024-01-19,South,In-Store,Eva Patel,Sports,Protein Shaker,18,18.0,0.0,324.0,178.2,145.8,2024,1,1,Jan,3,Friday,45.0,$100-$500,1
ORD-01388,2024-01-19,Central,Partner,Frank Russo,Electronics,Laptop Pro 15,5,960.0,0.2,4800.0,3300.0,1500.0,2024,1,1,Jan,3,Friday,31.25,>$2k,1
ORD-01990,2024-01-19,South,Partner,Grace Lee,Food & Beverage,Green Tea Set,11,17.1,0.05,188.1,108.9,79.2,2024,1,1,Jan,3,Friday,42.11,$100-$500,1
ORD-01115,2024-01-20,South,Wholesale,Clara Diaz,Apparel,Wool Sweater,11,88.0,0.2,968.0,665.5,302.5,2024,1,1,Jan,3,Saturday,31.25,$500-$2k,1
ORD-00757,2024-01-20,Central,In-Store,Grace Lee,Apparel,Yoga Set,1,55.0,0.0,55.0,30.25,24.75,2024,1,1,Jan,3,Saturday,45.0,<$100,1
ORD-01466,2024-01-20,West,Online,Clara Diaz,Food & Beverage,Olive Oil 1L,18,16.0,0.0,288.0,158.4,129.6,2024,1,1,Jan,3,Saturday,45.0,$100-$500,1
ORD-00482,2024-01-21,East,Wholesale,Eva Patel,Home & Garden,Planter Set,9,42.75,0.05,384.75,222.75,162.0,2024,1,1,Jan,3,Sunday,42.11,$100-$500,1
ORD-01229,2024-01-21,North,Partner,Clara Diaz,Apparel,Wool Sweater,10,93.5,0.15,935.0,605.0,330.0,2024,1,1,Jan,3,Sunday,35.29,$500-$2k,1
ORD-01568,2024-01-21,South,In-Store,Eva Patel,Electronics,Wireless Earbuds,5,80.1,0.1,400.5,244.75,155.75,2024,1,1,Jan,3,Sunday,38.89,$100-$500,1
ORD-00932,2024-01-21,West,Wholesale,Alice Morgan,Sports,Protein Shaker,11,14.4,0.2,158.4,108.9,49.5,2024,1,1,Jan,3,Sunday,31.25,$100-$500,1
ORD-00304,2024-01-22,Central,Online,Bob Chen,Electronics,Wireless Earbuds,2,89.0,0.0,178.0,97.9,80.1,2024,1,1,Jan,4,Monday,45.0,$100-$500,1
ORD-01257,2024-01-23,North,Online,Clara Diaz,Electronics,Laptop Pro 15,13,1200.0,0.0,15600.0,8580.0,7020.0,2024,1,1,Jan,4,Tuesday,45.0,>$2k,1
ORD-00584,2024-01-23,East,Online,Eva Patel,Food & Beverage,Protein Bars 12Pk,13,23.8,0.15,309.4,200.2,109.2,2024,1,1,Jan,4,Tuesday,35.29,$100-$500,1
ORD-00524,2024-01-23,West,In-Store,Bob Chen,Food & Beverage,Protein Bars 12Pk,18,23.8,0.15,428.4,277.2,151.2,2024,1,1,Jan,4,Tuesday,35.29,$100-$500,1
ORD-00807,2024-01-24,West,Wholesale,Eva Patel,Home & Garden,Led Strip Kit,18,35.0,0.0,630.0,346.5,283.5,2024,1,1,Jan,4,Wednesday,45.0,$500-$2k,1
ORD-01521,2024-01-24,South,Wholesale,Alice Morgan,Sports,Foam Roller,8,30.0,0.0,240.0,132.0,108.0,2024,1,1,Jan,4,Wednesday,45.0,$100-$500,1
ORD-01344,2024-01-25,South,Online,Frank Russo,Sports,Gym Bag,13,56.0,0.2,728.0,500.5,227.5,2024,1,1,Jan,4,Thursday,31.25,$500-$2k,1
ORD-00711,2024-01-25,Central,Online,Frank Russo,Electronics,Smart Watch,13,249.0,0.0,3237.0,1780.35,1456.65,2024,1,1,Jan,4,Thursday,45.0,>$2k,1
ORD-01993,2024-01-25,North,Wholesale,Bob Chen,Sports,Gym Bag,16,70.0,0.0,1120.0,616.0,504.0,2024,1,1,Jan,4,Thursday,45.0,$500-$2k,1
ORD-01966,2024-01-26,Central,In-Store,Bob Chen,Home & Garden,Robot Vacuum,10,284.05,0.05,2840.5,1644.5,1196.0,2024,1,1,Jan,4,Friday,42.11,>$2k,1
ORD-01103,2024-01-26,West,Online,Grace Lee,Electronics,Laptop Pro 15,10,960.0,0.2,9600.0,6600.0,3000.0,2024,1,1,Jan,4,Friday,31.25,>$2k,1
ORD-00894,2024-01-26,East,Wholesale,Alice Morgan,Food & Beverage,Protein Bars 12Pk,7,28.0,0.0,196.0,107.8,88.2,2024,1,1,Jan,4,Friday,45.0,$100-$500,1
ORD-00135,2024-01-26,Central,Partner,Eva Patel,Sports,Protein Shaker,4,18.0,0.0,72.0,39.6,32.4,2024,1,1,Jan,4,Friday,45.0,<$100,1
ORD-00143,2024-01-26,East,Online,David Kim,Sports,Gym Bag,9,63.0,0.1,567.0,346.5,220.5,2024,1,1,Jan,4,Friday,38.89,$500-$2k,1
ORD-00457,2024-01-26,East,In-Store,Henry Osei,Electronics,4K Monitor,6,599.0,0.0,3594.0,1976.7,1617.3,2024,1,1,Jan,4,Friday,45.0,>$2k,1
ORD-00618,2024-01-27,South,In-Store,Frank Russo,Sports,Foam Roller,9,30.0,0.0,270.0,148.5,121.5,2024,1,1,Jan,4,Saturday,45.0,$100-$500,1
ORD-00131,2024-01-27,Central,In-Store,Henry Osei,Apparel,Denim Jeans,3,58.5,0.1,175.5,107.25,68.25,2024,1,1,Jan,4,Saturday,38.89,$100-$500,1
ORD-00119,2024-01-28,South,In-Store,Bob Chen,Apparel,Wool Sweater,18,110.0,0.0,1980.0,1089.0,891.0,2024,1,1,Jan,4,Sunday,45.0,$500-$2k,1
ORD-01935,2024-01-29,South,Partner,Bob Chen,Electronics,Smart Watch,17,249.0,0.0,4233.0,2328.15,1904.85,2024,1,1,Jan,5,Monday,45.0,>$2k,1
ORD-00364,2024-01-29,Central,Wholesale,Grace Lee,Electronics,4K Monitor,5,599.0,0.0,2995.0,1647.25,1347.75,2024,1,1,Jan,5,Monday,45.0,>$2k,1
ORD-00963,2024-01-29,East,Partner,Bob Chen,Electronics,Wireless Earbuds,9,80.1,0.1,720.9,440.55,280.35,2024,1,1,Jan,5,Monday,38.89,$500-$2k,1
ORD-01852,2024-01-30,South,Partner,Alice Morgan,Electronics,Laptop Pro 15,2,1200.0,0.0,2400.0,1320.0,1080.0,2024,1,1,Jan,5,Tuesday,45.0,>$2k,1
ORD-01617,2024-01-30,West,Partner,Eva Patel,Apparel,Wool Sweater,13,88.0,0.2,1144.0,786.5,357.5,2024,1,1,Jan,5,Tuesday,31.25,$500-$2k,1
ORD-01922,2024-01-30,West,Online,Clara Diaz,Sports,Resistance Bands,5,21.25,0.15,106.25,68.75,37.5,2024,1,1,Jan,5,Tuesday,35.29,$100-$500,1
ORD-00447,2024-01-31,West,Wholesale,Clara Diaz,Home & Garden,Robot Vacuum,1,299.0,0.0,299.0,164.45,134.55,2024,1,1,Jan,5,Wednesday,45.0,$100-$500,1
ORD-00391,2024-01-31,North,In-Store,Henry Osei,Home & Garden,Robot Vacuum,8,284.05,0.05,2272.4,1315.6,956.8,2024,1,1,Jan,5,Wednesday,42.11,>$2k,1
ORD-01145,2024-01-31,South,Wholesale,Bob Chen,Apparel,Wool Sweater,3,99.0,0.1,297.0,181.5,115.5,2024,1,1,Jan,5,Wednesday,38.89,$100-$500,1
ORD-00724,2024-02-01,West,Wholesale,Clara Diaz,Apparel,Wool Sweater,12,110.0,0.0,1320.0,726.0,594.0,2024,1,2,Feb,5,Thursday,45.0,$500-$2k,1
ORD-00544,2024-02-01,West,Partner,Alice Morgan,Apparel,Yoga Set,2,52.25,0.05,104.5,60.5,44.0,2024,1,2,Feb,5,Thursday,42.11,$100-$500,1
ORD-00729,2024-02-01,Central,Online,David Kim,Food & Beverage,Olive Oil 1L,2,14.4,0.1,28.8,17.6,11.2,2024,1,2,Feb,5,Thursday,38.89,<$100,1
ORD-00560,2024-02-02,West,Wholesale,Grace Lee,Food & Beverage,Protein Bars 12Pk,9,26.6,0.05,239.4,138.6,100.8,2024,1,2,Feb,5,Friday,42.11,$100-$500,1
ORD-00999,2024-02-02,West,Partner,Clara Diaz,Electronics,Laptop Pro 15,7,1200.0,0.0,8400.0,4620.0,3780.0,2024,1,2,Feb,5,Friday,45.0,>$2k,1
ORD-00710,2024-02-02,East,Partner,Bob Chen,Electronics,4K Monitor,1,599.0,0.0,599.0,329.45,269.55,2024,1,2,Feb,5,Friday,45.0,$500-$2k,1
ORD-00361,2024-02-02,West,In-Store,Grace Lee,Apparel,Yoga Set,5,49.5,0.1,247.5,151.25,96.25,2024,1,2,Feb,5,Friday,38.89,$100-$500,1
ORD-00817,2024-02-02,East,Online,Eva Patel,Electronics,Smart Watch,2,236.55,0.05,473.1,273.9,199.2,2024,1,2,Feb,5,Friday,42.11,$100-$500,1
ORD-01363,2024-02-02,West,Online,Frank Russo,Food & Beverage,Olive Oil 1L,3,16.0,0.0,48.0,26.4,21.6,2024,1,2,Feb,5,Friday,45.0,<$100,1
ORD-01902,2024-02-02,North,Partner,Grace Lee,Sports,Resistance Bands,16,23.75,0.05,380.0,220.0,160.0,2024,1,2,Feb,5,Friday,42.11,$100-$500,1
ORD-00325,2024-02-03,Central,Partner,Grace Lee,Apparel,Denim Jeans,19,52.0,0.2,988.0,679.25,308.75,2024,1,2,Feb,5,Saturday,31.25,$500-$2k,1
ORD-01172,2024-02-03,South,Wholesale,David Kim,Electronics,4K Monitor,11,599.0,0.0,6589.0,3623.95,2965.05,2024,1,2,Feb,5,Saturday,45.0,>$2k,1
ORD-00784,2024-02-04,Central,Wholesale,David Kim,Apparel,Wool Sweater,18,110.0,0.0,1980.0,1089.0,891.0,2024,1,2,Feb,5,Sunday,45.0,$500-$2k,1
ORD-01752,2024-02-04,North,Online,David Kim,Food & Beverage,Green Tea Set,1,16.2,0.1,16.2,9.9,6.3,2024,1,2,Feb,5,Sunday,38.89,<$100,1
ORD-01070,2024-02-04,North,Partner,Clara Diaz,Apparel,Running Jacket,2,85.0,0.0,170.0,93.5,76.5,2024,1,2,Feb,5,Sunday,45.0,$100-$500,1
ORD-01390,2024-02-04,South,Wholesale,Frank Russo,Food & Beverage,Olive Oil 1L,5,13.6,0.15,68.0,44.0,24.0,2024,1,2,Feb,5,Sunday,35.29,<$100,1
ORD-01327,2024-02-04,West,Wholesale,Bob Chen,Apparel,Denim Jeans,11,65.0,0.0,715.0,393.25,321.75,2024,1,2,Feb,5,Sunday,45.0,$500-$2k,1
ORD-00645,2024-02-04,East,In-Store,David Kim,Home & Garden,Air Purifier,3,169.15,0.15,507.45,328.35,179.1,2024,1,2,Feb,5,Sunday,35.29,$500-$2k,1
ORD-01164,2024-02-05,South,Online,Alice Morgan,Apparel,Yoga Set,4,49.5,0.1,198.0,121.0,77.0,2024,1,2,Feb,6,Monday,38.89,$100-$500,1
ORD-00935,2024-02-05,East,Wholesale,Grace Lee,Sports,Resistance Bands,17,25.0,0.0,425.0,233.75,191.25,2024,1,2,Feb,6,Monday,45.0,$100-$500,1
ORD-01350,2024-02-05,East,In-Store,Bob Chen,Food & Beverage,Protein Bars 12Pk,11,22.4,0.2,246.4,169.4,77.0,2024,1,2,Feb,6,Monday,31.25,$100-$500,1
ORD-01389,2024-02-05,South,Wholesale,Alice Morgan,Apparel,Wool Sweater,8,99.0,0.1,792.0,484.0,308.0,2024,1,2,Feb,6,Monday,38.89,$500-$2k,1
ORD-01095,2024-02-06,South,Partner,Bob Chen,Sports,Protein Shaker,11,18.0,0.0,198.0,108.9,89.1,2024,1,2,Feb,6,Tuesday,45.0,$100-$500,1
ORD-01734,2024-02-07,West,Online,Grace Lee,Sports,Gym Bag,14,63.0,0.1,882.0,539.0,343.0,2024,1,2,Feb,6,Wednesday,38.89,$500-$2k,1
ORD-01470,2024-02-07,South,Wholesale,Alice Morgan,Food & Beverage,Green Tea Set,2,14.4,0.2,28.8,19.8,9.0,2024,1,2,Feb,6,Wednesday,31.25,<$100,1
ORD-00248,2024-02-07,Central,Wholesale,David Kim,Home & Garden,Led Strip Kit,1,35.0,0.0,35.0,19.25,15.75,2024,1,2,Feb,6,Wednesday,45.0,<$100,1
ORD-00713,2024-02-07,South,Online,Frank Russo,Apparel,Yoga Set,11,52.25,0.05,574.75,332.75,242.0,2024,1,2,Feb,6,Wednesday,42.11,$500-$2k,1
ORD-00626,2024-02-08,South,Wholesale,Bob Chen,Sports,Foam Roller,17,30.0,0.0,510.0,280.5,229.5,2024,1,2,Feb,6,Thursday,45.0,$500-$2k,1
ORD-01314,2024-02-08,Central,In-Store,Bob Chen,Electronics,Smart Watch,6,249.0,0.0,1494.0,821.7,672.3,2024,1,2,Feb,6,Thursday,45.0,$500-$2k,1
ORD-00923,2024-02-09,West,Online,Clara Diaz,Food & Beverage,Premium Coffee Blend,4,22.0,0.0,88.0,48.4,39.6,2024,1,2,Feb,6,Friday,45.0,<$100,1
ORD-00142,2024-02-09,North,Partner,Bob Chen,Food & Beverage,Green Tea Set,3,14.4,0.2,43.2,29.7,13.5,2024,1,2,Feb,6,Friday,31.25,<$100,1
ORD-00338,2024-02-10,East,Wholesale,Frank Russo,Electronics,Wireless Earbuds,10,89.0,0.0,890.0,489.5,400.5,2024,1,2,Feb,6,Saturday,45.0,$500-$2k,1
ORD-01746,2024-02-10,West,Online,Alice Morgan,Apparel,Running Jacket,14,80.75,0.05,1130.5,654.5,476.0,2024,1,2,Feb,6,Saturday,42.11,$500-$2k,1
ORD-00273,2024-02-11,West,In-Store,Eva Patel,Apparel,Wool Sweater,6,110.0,0.0,660.0,363.0,297.0,2024,1,2,Feb,6,Sunday,45.0,$500-$2k,1
ORD-01817,2024-02-11,South,Wholesale,Bob Chen,Apparel,Yoga Set,18,55.0,0.0,990.0,544.5,445.5,2024,1,2,Feb,6,Sunday,45.0,$500-$2k,1
ORD-00644,2024-02-11,Central,Online,Bob Chen,Sports,Foam Roller,1,24.0,0.2,24.0,16.5,7.5,2024,1,2,Feb,6,Sunday,31.25,<$100,1
ORD-00643,2024-02-11,North,Online,Bob Chen,Home & Garden,Robot Vacuum,7,299.0,0.0,2093.0,1151.15,941.85,2024,1,2,Feb,6,Sunday,45.0,>$2k,1
ORD-01436,2024-02-11,Central,Wholesale,Frank Russo,Home & Garden,Led Strip Kit,7,35.0,0.0,245.0,134.75,110.25,2024,1,2,Feb,6,Sunday,45.0,$100-$500,1
ORD-00464,2024-02-11,Central,Partner,Eva Patel,Electronics,Laptop Pro 15,13,1080.0,0.1,14040.0,8580.0,5460.0,2024,1,2,Feb,6,Sunday,38.89,>$2k,1
ORD-01701,2024-02-12,North,Partner,Grace Lee,Sports,Protein Shaker,2,18.0,0.0,36.0,19.8,16.2,2024,1,2,Feb,7,Monday,45.0,<$100,1
ORD-00217,2024-02-12,Central,Wholesale,Eva Patel,Electronics,Smart Watch,10,224.1,0.1,2241.0,1369.5,871.5,2024,1,2,Feb,7,Monday,38.89,>$2k,1
ORD-00980,2024-02-12,South,Wholesale,Grace Lee,Sports,Resistance Bands,11,21.25,0.15,233.75,151.25,82.5,2024,1,2,Feb,7,Monday,35.29,$100-$500,1
ORD-00456,2024-02-12,West,Wholesale,Eva Patel,Electronics,4K Monitor,4,599.0,0.0,2396.0,1317.8,1078.2,2024,1,2,Feb,7,Monday,45.0,>$2k,1
ORD-00700,2024-02-13,Central,Wholesale,Clara Diaz,Food & Beverage,Olive Oil 1L,9,16.0,0.0,144.0,79.2,64.8,2024,1,2,Feb,7,Tuesday,45.0,$100-$500,1
ORD-01153,2024-02-13,Central,In-Store,Frank Russo,Electronics,Wireless Earbuds,15,89.0,0.0,1335.0,734.25,600.75,2024,1,2,Feb,7,Tuesday,45.0,$500-$2k,1
ORD-00063,2024-02-14,South,In-Store,Alice Morgan,Sports,Resistance Bands,13,23.75,0.05,308.75,178.75,130.0,2024,1,2,Feb,7,Wednesday,42.11,$100-$500,1
ORD-01019,2024-02-14,West,Wholesale,David Kim,Sports,Gym Bag,2,66.5,0.05,133.0,77.0,56.0,2024,1,2,Feb,7,Wednesday,42.11,$100-$500,1
ORD-01950,2024-02-15,Central,Online,Grace Lee,Sports,Gym Bag,3,66.5,0.05,199.5,115.5,84.0,2024,1,2,Feb,7,Thursday,42.11,$100-$500,1
ORD-00974,2024-02-15,Central,Wholesale,Eva Patel,Apparel,Yoga Set,6,55.0,0.0,330.0,181.5,148.5,2024,1,2,Feb,7,Thursday,45.0,$100-$500,1
ORD-00169,2024-02-15,North,In-Store,Alice Morgan,Apparel,Denim Jeans,19,55.25,0.15,1049.75,679.25,370.5,2024,1,2,Feb,7,Thursday,35.29,$500-$2k,1
ORD-00112,2024-02-15,Central,Online,Henry Osei,Sports,Protein Shaker,10,15.3,0.15,153.0,99.0,54.0,2024,1,2,Feb,7,Thursday,35.29,$100-$500,1
ORD-00157,2024-02-16,West,Online,Henry Osei,Sports,Foam Roller,2,28.5,0.05,57.0,33.0,24.0,2024,1,2,Feb,7,Friday,42.11,<$100,1
ORD-01365,2024-02-16,East,Online,Frank Russo,Electronics,4K Monitor,14,599.0,0.0,8386.0,4612.3,3773.7,2024,1,2,Feb,7,Friday,45.0,>$2k,1
ORD-00945,2024-02-16,South,Online,Bob Chen,Home & Garden,Robot Vacuum,10,269.1,0.1,2691.0,1644.5,1046.5,2024,1,2,Feb,7,Friday,38.89,>$2k,1
ORD-00948,2024-02-16,East,Wholesale,Clara Diaz,Food & Beverage,Green Tea Set,7,17.1,0.05,119.7,69.3,50.4,2024,1,2,Feb,7,Friday,42.11,$100-$500,1
ORD-01978,2024-02-16,East,Wholesale,Frank Russo,Home & Garden,Led Strip Kit,6,31.5,0.1,189.0,115.5,73.5,2024,1,2,Feb,7,Friday,38.89,$100-$500,1
ORD-00107,2024-02-17,East,Wholesale,Henry Osei,Electronics,4K Monitor,10,509.15,0.15,5091.5,3294.5,1797.0,2024,1,2,Feb,7,Saturday,35.29,>$2k,1
ORD-01683,2024-02-17,North,Online,Henry Osei,Apparel,Denim Jeans,13,65.0,0.0,845.0,464.75,380.25,2024,1,2,Feb,7,Saturday,45.0,$500-$2k,1
ORD-00057,2024-02-17,East,In-Store,David Kim,Home & Garden,Planter Set,14,45.0,0.0,630.0,346.5,283.5,2024,1,2,Feb,7,Saturday,45.0,$500-$2k,1
ORD-01418,2024-02-17,North,Online,Frank Russo,Sports,Gym Bag,5,56.0,0.2,280.0,192.5,87.5,2024,1,2,Feb,7,Saturday,31.25,$100-$500,1
ORD-01690,2024-02-18,West,Wholesale,Eva Patel,Home & Garden,Led Strip Kit,8,28.0,0.2,224.0,154.0,70.0,2024,1,2,Feb,7,Sunday,31.25,$100-$500,1
ORD-00786,2024-02-18,South,Partner,Alice Morgan,Electronics,Laptop Pro 15,20,1080.0,0.1,21600.0,13200.0,8400.0,2024,1,2,Feb,7,Sunday,38.89,>$2k,1
ORD-01846,2024-02-18,North,Partner,Alice Morgan,Apparel,Wool Sweater,7,88.0,0.2,616.0,423.5,192.5,2024,1,2,Feb,7,Sunday,31.25,$500-$2k,1
ORD-00526,2024-02-18,West,Online,Alice Morgan,Electronics,4K Monitor,1,599.0,0.0,599.0,329.45,269.55,2024,1,2,Feb,7,Sunday,45.0,$500-$2k,1
ORD-01775,2024-02-18,East,Online,David Kim,Apparel,Running Jacket,4,72.25,0.15,289.0,187.0,102.0,2024,1,2,Feb,7,Sunday,35.29,$100-$500,1
ORD-00091,2024-02-19,South,Partner,Frank Russo,Electronics,Laptop Pro 15,10,1200.0,0.0,12000.0,6600.0,5400.0,2024,1,2,Feb,8,Monday,45.0,>$2k,1
ORD-00576,2024-02-19,Central,In-Store,Alice Morgan,Food & Beverage,Premium Coffee Blend,19,19.8,0.1,376.2,229.9,146.3,2024,1,2,Feb,8,Monday,38.89,$100-$500,1
ORD-01441,2024-02-19,West,Wholesale,Bob Chen,Home & Garden,Air Purifier,20,169.15,0.15,3383.0,2189.0,1194.0,2024,1,2,Feb,8,Monday,35.29,>$2k,1
ORD-00320,2024-02-20,West,Wholesale,Henry Osei,Home & Garden,Robot Vacuum,2,299.0,0.0,598.0,328.9,269.1,2024,1,2,Feb,8,Tuesday,45.0,$500-$2k,1
ORD-00319,2024-02-20,West,In-Store,David Kim,Home & Garden,Led Strip Kit,3,35.0,0.0,105.0,57.75,47.25,2024,1,2,Feb,8,Tuesday,45.0,$100-$500,1
ORD-01812,2024-02-20,East,Wholesale,Clara Diaz,Home & Garden,Robot Vacuum,3,254.15,0.15,762.45,493.35,269.1,2024,1,2,Feb,8,Tuesday,35.29,$500-$2k,1
ORD-00777,2024-02-20,North,Partner,Bob Chen,Home & Garden,Air Purifier,17,199.0,0.0,3383.0,1860.65,1522.35,2024,1,2,Feb,8,Tuesday,45.0,>$2k,1
ORD-01075,2024-02-21,West,Online,David Kim,Food & Beverage,Protein Bars 12Pk,10,25.2,0.1,252.0,154.0,98.0,2024,1,2,Feb,8,Wednesday,38.89,$100-$500,1
ORD-01073,2024-02-21,North,Wholesale,Alice Morgan,Electronics,Smart Watch,15,224.1,0.1,3361.5,2054.25,1307.25,2024,1,2,Feb,8,Wednesday,38.89,>$2k,1
ORD-01093,2024-02-21,East,Online,Henry Osei,Sports,Foam Roller,11,28.5,0.05,313.5,181.5,132.0,2024,1,2,Feb,8,Wednesday,42.11,$100-$500,1
ORD-01069,2024-02-22,South,Online,Frank Russo,Home & Garden,Robot Vacuum,5,299.0,0.0,1495.0,822.25,672.75,2024,1,2,Feb,8,Thursday,45.0,$500-$2k,1
ORD-01205,2024-02-23,West,Online,Clara Diaz,Apparel,Denim Jeans,9,52.0,0.2,468.0,321.75,146.25,2024,1,2,Feb,8,Friday,31.25,$100-$500,1
ORD-00725,2024-02-23,North,Partner,Grace Lee,Apparel,Denim Jeans,8,65.0,0.0,520.0,286.0,234.0,2024,1,2,Feb,8,Friday,45.0,$500-$2k,1
ORD-00191,2024-02-23,East,Online,Frank Russo,Home & Garden,Planter Set,10,42.75,0.05,427.5,247.5,180.0,2024,1,2,Feb,8,Friday,42.11,$100-$500,1
ORD-00103,2024-02-23,West,Wholesale,Eva Patel,Food & Beverage,Premium Coffee Blend,6,22.0,0.0,132.0,72.6,59.4,2024,1,2,Feb,8,Friday,45.0,$100-$500,1
ORD-00509,2024-02-24,East,In-Store,Alice Morgan,Home & Garden,Air Purifier,12,169.15,0.15,2029.8,1313.4,716.4,2024,1,2,Feb,8,Saturday,35.29,>$2k,1
ORD-01878,2024-02-25,Central,In-Store,Grace Lee,Home & Garden,Air Purifier,2,189.05,0.05,378.1,218.9,159.2,2024,1,2,Feb,8,Sunday,42.11,$100-$500,1
ORD-01149,2024-02-25,West,In-Store,Bob Chen,Home & Garden,Robot Vacuum,6,299.0,0.0,1794.0,986.7,807.3,2024,1,2,Feb,8,Sunday,45.0,$500-$2k,1
ORD-00234,2024-02-25,West,Online,Clara Diaz,Home & Garden,Led Strip Kit,16,31.5,0.1,504.0,308.0,196.0,2024,1,2,Feb,8,Sunday,38.89,$500-$2k,1
ORD-01996,2024-02-25,North,Online,Clara Diaz,Food & Beverage,Olive Oil 1L,7,14.4,0.1,100.8,61.6,39.2,2024,1,2,Feb,8,Sunday,38.89,$100-$500,1
ORD-00316,2024-02-26,North,Online,Eva Patel,Electronics,Laptop Pro 15,18,1080.0,0.1,19440.0,11880.0,7560.0,2024,1,2,Feb,9,Monday,38.89,>$2k,1
ORD-01383,2024-02-26,North,Wholesale,Bob Chen,Electronics,Laptop Pro 15,1,1080.0,0.1,1080.0,660.0,420.0,2024,1,2,Feb,9,Monday,38.89,$500-$2k,1
ORD-01703,2024-02-27,East,In-Store,David Kim,Food & Beverage,Premium Coffee Blend,6,22.0,0.0,132.0,72.6,59.4,2024,1,2,Feb,9,Tuesday,45.0,$100-$500,1
ORD-00778,2024-02-28,South,In-Store,Clara Diaz,Home & Garden,Led Strip Kit,13,31.5,0.1,409.5,250.25,159.25,2024,1,2,Feb,9,Wednesday,38.89,$100-$500,1
ORD-00750,2024-02-28,North,Partner,Frank Russo,Electronics,Wireless Earbuds,20,84.55,0.05,1691.0,979.0,712.0,2024,1,2,Feb,9,Wednesday,42.11,$500-$2k,1
ORD-00755,2024-02-28,North,Partner,Frank Russo,Sports,Gym Bag,15,56.0,0.2,840.0,577.5,262.5,2024,1,2,Feb,9,Wednesday,31.25,$500-$2k,1
ORD-00395,2024-03-01,West,Wholesale,Bob Chen,Food & Beverage,Green Tea Set,17,14.4,0.2,244.8,168.3,76.5,2024,1,3,Mar,9,Friday,31.25,$100-$500,1
ORD-00070,2024-03-01,North,In-Store,Grace Lee,Sports,Gym Bag,18,66.5,0.05,1197.0,693.0,504.0,2024,1,3,Mar,9,Friday,42.11,$500-$2k,1
ORD-00161,2024-03-01,North,Partner,Grace Lee,Sports,Gym Bag,15,66.5,0.05,997.5,577.5,420.0,2024,1,3,Mar,9,Friday,42.11,$500-$2k,1
ORD-01034,2024-03-01,North,In-Store,Henry Osei,Apparel,Running Jacket,7,80.75,0.05,565.25,327.25,238.0,2024,1,3,Mar,9,Friday,42.11,$500-$2k,1
ORD-00792,2024-03-01,West,Wholesale,Clara Diaz,Apparel,Running Jacket,5,72.25,0.15,361.25,233.75,127.5,2024,1,3,Mar,9,Friday,35.29,$100-$500,1
ORD-01419,2024-03-01,East,Partner,Frank Russo,Electronics,Laptop Pro 15,16,1200.0,0.0,19200.0,10560.0,8640.0,2024,1,3,Mar,9,Friday,45.0,>$2k,1
ORD-01891,2024-03-01,North,Wholesale,Clara Diaz,Electronics,Wireless Earbuds,5,89.0,0.0,445.0,244.75,200.25,2024,1,3,Mar,9,Friday,45.0,$100-$500,1
ORD-00350,2024-03-01,North,Online,Clara Diaz,Electronics,4K Monitor,4,599.0,0.0,2396.0,1317.8,1078.2,2024,1,3,Mar,9,Friday,45.0,>$2k,1
ORD-00139,2024-03-01,South,In-Store,Clara Diaz,Electronics,Smart Watch,11,211.65,0.15,2328.15,1506.45,821.7,2024,1,3,Mar,9,Friday,35.29,>$2k,1
ORD-00283,2024-03-01,Central,Wholesale,David Kim,Apparel,Wool Sweater,20,110.0,0.0,2200.0,1210.0,990.0,2024,1,3,Mar,9,Friday,45.0,>$2k,1
ORD-01732,2024-03-02,East,In-Store,Eva Patel,Food & Beverage,Olive Oil 1L,20,12.8,0.2,256.0,176.0,80.0,2024,1,3,Mar,9,Saturday,31.25,$100-$500,1
ORD-01504,2024-03-02,Central,Online,Henry Osei,Electronics,Laptop Pro 15,12,1200.0,0.0,14400.0,7920.0,6480.0,2024,1,3,Mar,9,Saturday,45.0,>$2k,1
ORD-00472,2024-03-02,Central,Online,David Kim,Home & Garden,Led Strip Kit,11,35.0,0.0,385.0,211.75,173.25,2024,1,3,Mar,9,Saturday,45.0,$100-$500,1
ORD-00790,2024-03-03,South,Partner,Clara Diaz,Apparel,Wool Sweater,12,88.0,0.2,1056.0,726.0,330.0,2024,1,3,Mar,9,Sunday,31.25,$500-$2k,1
ORD-01700,2024-03-03,East,Online,Alice Morgan,Food & Beverage,Olive Oil 1L,13,16.0,0.0,208.0,114.4,93.6,2024,1,3,Mar,9,Sunday,45.0,$100-$500,1
ORD-01546,2024-03-04,South,In-Store,David Kim,Food & Beverage,Protein Bars 12Pk,15,22.4,0.2,336.0,231.0,105.0,2024,1,3,Mar,10,Monday,31.25,$100-$500,1
ORD-01571,2024-03-04,East,Wholesale,David Kim,Sports,Resistance Bands,6,25.0,0.0,150.0,82.5,67.5,2024,1,3,Mar,10,Monday,45.0,$100-$500,1
ORD-00842,2024-03-04,North,In-Store,David Kim,Food & Beverage,Premium Coffee Blend,10,22.0,0.0,220.0,121.0,99.0,2024,1,3,Mar,10,Monday,45.0,$100-$500,1
ORD-00873,2024-03-06,West,Online,Eva Patel,Sports,Resistance Bands,16,25.0,0.0,400.0,220.0,180.0,2024,1,3,Mar,10,Wednesday,45.0,$100-$500,1
ORD-01384,2024-03-06,South,In-Store,Henry Osei,Sports,Foam Roller,10,24.0,0.2,240.0,165.0,75.0,2024,1,3,Mar,10,Wednesday,31.25,$100-$500,1
ORD-01879,2024-03-07,West,Wholesale,Henry Osei,Apparel,Yoga Set,7,52.25,0.05,365.75,211.75,154.0,2024,1,3,Mar,10,Thursday,42.11,$100-$500,1
ORD-01331,2024-03-07,Central,In-Store,Bob Chen,Sports,Foam Roller,19,25.5,0.15,484.5,313.5,171.0,2024,1,3,Mar,10,Thursday,35.29,$100-$500,1
ORD-00336,2024-03-07,East,Wholesale,Bob Chen,Electronics,Wireless Earbuds,14,89.0,0.0,1246.0,685.3,560.7,2024,1,3,Mar,10,Thursday,45.0,$500-$2k,1
ORD-01002,2024-03-08,East,In-Store,Grace Lee,Home & Garden,Led Strip Kit,3,28.0,0.2,84.0,57.75,26.25,2024,1,3,Mar,10,Friday,31.25,<$100,1
ORD-01016,2024-03-08,North,Online,Clara Diaz,Home & Garden,Led Strip Kit,5,33.25,0.05,166.25,96.25,70.0,2024,1,3,Mar,10,Friday,42.11,$100-$500,1
ORD-01777,2024-03-08,East,In-Store,Alice Morgan,Food & Beverage,Green Tea Set,5,18.0,0.0,90.0,49.5,40.5,2024,1,3,Mar,10,Friday,45.0,<$100,1
ORD-01188,2024-03-08,Central,Wholesale,Clara Diaz,Sports,Resistance Bands,16,23.75,0.05,380.0,220.0,160.0,2024,1,3,Mar,10,Friday,42.11,$100-$500,1
ORD-01989,2024-03-08,East,Wholesale,Alice Morgan,Electronics,Smart Watch,15,249.0,0.0,3735.0,2054.25,1680.75,2024,1,3,Mar,10,Friday,45.0,>$2k,1
ORD-01096,2024-03-09,North,In-Store,David Kim,Food & Beverage,Premium Coffee Blend,8,18.7,0.15,149.6,96.8,52.8,2024,1,3,Mar,10,Saturday,35.29,$100-$500,1
ORD-00868,2024-03-09,East,Online,Bob Chen,Home & Garden,Planter Set,17,38.25,0.15,650.25,420.75,229.5,2024,1,3,Mar,10,Saturday,35.29,$500-$2k,1
ORD-00891,2024-03-10,West,In-Store,Bob Chen,Sports,Protein Shaker,10,18.0,0.0,180.0,99.0,81.0,2024,1,3,Mar,10,Sunday,45.0,$100-$500,1
ORD-01903,2024-03-10,West,Partner,Clara Diaz,Home & Garden,Planter Set,17,36.0,0.2,612.0,420.75,191.25,2024,1,3,Mar,10,Sunday,31.25,$500-$2k,1
ORD-01335,2024-03-10,East,Online,Bob Chen,Apparel,Wool Sweater,1,93.5,0.15,93.5,60.5,33.0,2024,1,3,Mar,10,Sunday,35.29,<$100,1
ORD-01602,2024-03-10,West,In-Store,Henry Osei,Apparel,Wool Sweater,4,110.0,0.0,440.0,242.0,198.0,2024,1,3,Mar,10,Sunday,45.0,$100-$500,1
ORD-01329,2024-03-10,West,Wholesale,Frank Russo,Sports,Gym Bag,11,66.5,0.05,731.5,423.5,308.0,2024,1,3,Mar,10,Sunday,42.11,$500-$2k,1
ORD-00858,2024-03-11,Central,Wholesale,Henry Osei,Electronics,4K Monitor,17,599.0,0.0,10183.0,5600.65,4582.35,2024,1,3,Mar,11,Monday,45.0,>$2k,1
ORD-01610,2024-03-12,Central,Partner,Frank Russo,Electronics,Wireless Earbuds,9,89.0,0.0,801.0,440.55,360.45,2024,1,3,Mar,11,Tuesday,45.0,$500-$2k,1
ORD-01497,2024-03-13,West,Online,Bob Chen,Home & Garden,Air Purifier,3,189.05,0.05,567.15,328.35,238.8,2024,1,3,Mar,11,Wednesday,42.11,$500-$2k,1
ORD-01321,2024-03-13,West,In-Store,Frank Russo,Electronics,Wireless Earbuds,1,89.0,0.0,89.0,48.95,40.05,2024,1,3,Mar,11,Wednesday,45.0,<$100,1
ORD-00816,2024-03-13,East,Partner,Clara Diaz,Electronics,4K Monitor,9,479.2,0.2,4312.8,2965.05,1347.75,2024,1,3,Mar,11,Wednesday,31.25,>$2k,1
ORD-01290,2024-03-13,North,Partner,Bob Chen,Sports,Protein Shaker,2,16.2,0.1,32.4,19.8,12.6,2024,1,3,Mar,11,Wednesday,38.89,<$100,1
ORD-01277,2024-03-14,South,Partner,Bob Chen,Sports,Gym Bag,10,70.0,0.0,700.0,385.0,315.0,2024,1,3,Mar,11,Thursday,45.0,$500-$2k,1
ORD-01178,2024-03-14,South,Online,Alice Morgan,Food & Beverage,Premium Coffee Blend,10,22.0,0.0,220.0,121.0,99.0,2024,1,3,Mar,11,Thursday,45.0,$100-$500,1
ORD-00547,2024-03-14,East,Partner,Clara Diaz,Food & Beverage,Premium Coffee Blend,13,22.0,0.0,286.0,157.3,128.7,2024,1,3,Mar,11,Thursday,45.0,$100-$500,1
ORD-00921,2024-03-14,South,Online,Henry Osei,Food & Beverage,Olive Oil 1L,10,12.8,0.2,128.0,88.0,40.0,2024,1,3,Mar,11,Thursday,31.25,$100-$500,1
ORD-00380,2024-03-14,South,In-Store,Eva Patel,Apparel,Wool Sweater,15,110.0,0.0,1650.0,907.5,742.5,2024,1,3,Mar,11,Thursday,45.0,$500-$2k,1
ORD-01408,2024-03-15,South,Partner,Frank Russo,Food & Beverage,Premium Coffee Blend,20,20.9,0.05,418.0,242.0,176.0,2024,1,3,Mar,11,Friday,42.11,$100-$500,1
ORD-01591,2024-03-15,North,In-Store,Grace Lee,Food & Beverage,Olive Oil 1L,13,16.0,0.0,208.0,114.4,93.6,2024,1,3,Mar,11,Friday,45.0,$100-$500,1
ORD-00401,2024-03-15,East,Online,Eva Patel,Home & Garden,Robot Vacuum,1,299.0,0.0,299.0,164.45,134.55,2024,1,3,Mar,11,Friday,45.0,$100-$500,1
ORD-00356,2024-03-15,West,Online,David Kim,Food & Beverage,Protein Bars 12Pk,15,25.2,0.1,378.0,231.0,147.0,2024,1,3,Mar,11,Friday,38.89,$100-$500,1
ORD-00702,2024-03-16,East,Online,Bob Chen,Apparel,Running Jacket,9,68.0,0.2,612.0,420.75,191.25,2024,1,3,Mar,11,Saturday,31.25,$500-$2k,1
ORD-00347,2024-03-16,North,Online,Bob Chen,Food & Beverage,Olive Oil 1L,11,12.8,0.2,140.8,96.8,44.0,2024,1,3,Mar,11,Saturday,31.25,$100-$500,1
ORD-01550,2024-03-17,North,In-Store,Bob Chen,Electronics,Wireless Earbuds,2,71.2,0.2,142.4,97.9,44.5,2024,1,3,Mar,11,Sunday,31.25,$100-$500,1
ORD-00910,2024-03-17,North,In-Store,Bob Chen,Electronics,Laptop Pro 15,16,960.0,0.2,15360.0,10560.0,4800.0,2024,1,3,Mar,11,Sunday,31.25,>$2k,1
ORD-01293,2024-03-17,South,Partner,Henry Osei,Sports,Gym Bag,20,70.0,0.0,1400.0,770.0,630.0,2024,1,3,Mar,11,Sunday,45.0,$500-$2k,1
ORD-00332,2024-03-17,West,Wholesale,Bob Chen,Electronics,Wireless Earbuds,3,89.0,0.0,267.0,146.85,120.15,2024,1,3,Mar,11,Sunday,45.0,$100-$500,1
ORD-00819,2024-03-17,South,Online,Henry Osei,Sports,Foam Roller,5,27.0,0.1,135.0,82.5,52.5,2024,1,3,Mar,11,Sunday,38.89,$100-$500,1
ORD-00977,2024-03-17,South,In-Store,Eva Patel,Home & Garden,Led Strip Kit,13,35.0,0.0,455.0,250.25,204.75,2024,1,3,Mar,11,Sunday,45.0,$100-$500,1
ORD-01000,2024-03-18,East,In-Store,Frank Russo,Electronics,Smart Watch,16,199.2,0.2,3187.2,2191.2,996.0,2024,1,3,Mar,12,Monday,31.25,>$2k,1
ORD-01675,2024-03-19,North,In-Store,Eva Patel,Apparel,Yoga Set,3,44.0,0.2,132.0,90.75,41.25,2024,1,3,Mar,12,Tuesday,31.25,$100-$500,1
ORD-01254,2024-03-20,West,Online,David Kim,Sports,Resistance Bands,11,20.0,0.2,220.0,151.25,68.75,2024,1,3,Mar,12,Wednesday,31.25,$100-$500,1
ORD-00695,2024-03-20,West,Online,David Kim,Electronics,Smart Watch,12,199.2,0.2,2390.4,1643.4,747.0,2024,1,3,Mar,12,Wednesday,31.25,>$2k,1
ORD-00398,2024-03-20,North,Wholesale,Alice Morgan,Apparel,Running Jacket,8,85.0,0.0,680.0,374.0,306.0,2024,1,3,Mar,12,Wednesday,45.0,$500-$2k,1
ORD-01747,2024-03-23,North,Partner,Henry Osei,Food & Beverage,Green Tea Set,1,16.2,0.1,16.2,9.9,6.3,2024,1,3,Mar,12,Saturday,38.89,<$100,1
ORD-00441,2024-03-23,West,Partner,Clara Diaz,Home & Garden,Planter Set,5,45.0,0.0,225.0,123.75,101.25,2024,1,3,Mar,12,Saturday,45.0,$100-$500,1
ORD-01004,2024-03-23,North,Wholesale,Eva Patel,Sports,Foam Roller,10,28.5,0.05,285.0,165.0,120.0,2024,1,3,Mar,12,Saturday,42.11,$100-$500,1
ORD-01796,2024-03-24,East,Online,Henry Osei,Food & Beverage,Olive Oil 1L,8,13.6,0.15,108.8,70.4,38.4,2024,1,3,Mar,12,Sunday,35.29,$100-$500,1
ORD-00827,2024-03-24,South,In-Store,Alice Morgan,Home & Garden,Led Strip Kit,3,29.75,0.15,89.25,57.75,31.5,2024,1,3,Mar,12,Sunday,35.29,<$100,1
ORD-00563,2024-03-24,West,Wholesale,Alice Morgan,Food & Beverage,Premium Coffee Blend,10,17.6,0.2,176.0,121.0,55.0,2024,1,3,Mar,12,Sunday,31.25,$100-$500,1
ORD-00518,2024-03-24,South,Wholesale,Frank Russo,Sports,Protein Shaker,19,15.3,0.15,290.7,188.1,102.6,2024,1,3,Mar,12,Sunday,35.29,$100-$500,1
ORD-00658,2024-03-24,North,In-Store,Bob Chen,Home & Garden,Planter Set,5,38.25,0.15,191.25,123.75,67.5,2024,1,3,Mar,12,Sunday,35.29,$100-$500,1
ORD-01826,2024-03-24,West,Wholesale,Bob Chen,Home & Garden,Robot Vacuum,15,269.1,0.1,4036.5,2466.75,1569.75,2024,1,3,Mar,12,Sunday,38.89,>$2k,1
ORD-01869,2024-03-25,North,Wholesale,Bob Chen,Apparel,Denim Jeans,11,55.25,0.15,607.75,393.25,214.5,2024,1,3,Mar,13,Monday,35.29,$500-$2k,1
ORD-01518,2024-03-26,West,Online,Alice Morgan,Apparel,Running Jacket,8,72.25,0.15,578.0,374.0,204.0,2024,1,3,Mar,13,Tuesday,35.29,$500-$2k,1
ORD-00586,2024-03-26,South,In-Store,Bob Chen,Food & Beverage,Premium Coffee Blend,17,22.0,0.0,374.0,205.7,168.3,2024,1,3,Mar,13,Tuesday,45.0,$100-$500,1
ORD-01708,2024-03-26,East,In-Store,Clara Diaz,Food & Beverage,Green Tea Set,16,15.3,0.15,244.8,158.4,86.4,2024,1,3,Mar,13,Tuesday,35.29,$100-$500,1
ORD-00805,2024-03-26,South,In-Store,Frank Russo,Sports,Protein Shaker,8,15.3,0.15,122.4,79.2,43.2,2024,1,3,Mar,13,Tuesday,35.29,$100-$500,1
ORD-00219,2024-03-26,West,Partner,Clara Diaz,Home & Garden,Led Strip Kit,13,29.75,0.15,386.75,250.25,136.5,2024,1,3,Mar,13,Tuesday,35.29,$100-$500,1
ORD-00185,2024-03-26,North,Wholesale,Henry Osei,Food & Beverage,Green Tea Set,11,18.0,0.0,198.0,108.9,89.1,2024,1,3,Mar,13,Tuesday,45.0,$100-$500,1
ORD-00138,2024-03-27,North,Partner,Clara Diaz,Apparel,Running Jacket,2,85.0,0.0,170.0,93.5,76.5,2024,1,3,Mar,13,Wednesday,45.0,$100-$500,1
ORD-00097,2024-03-27,East,In-Store,Alice Morgan,Electronics,Smart Watch,16,236.55,0.05,3784.8,2191.2,1593.6,2024,1,3,Mar,13,Wednesday,42.11,>$2k,1
ORD-00739,2024-03-28,North,Online,David Kim,Apparel,Wool Sweater,15,104.5,0.05,1567.5,907.5,660.0,2024,1,3,Mar,13,Thursday,42.11,$500-$2k,1
ORD-01578,2024-03-28,West,Wholesale,Eva Patel,Home & Garden,Planter Set,14,42.75,0.05,598.5,346.5,252.0,2024,1,3,Mar,13,Thursday,42.11,$500-$2k,1
ORD-00704,2024-03-28,Central,In-Store,Henry Osei,Home & Garden,Air Purifier,12,179.1,0.1,2149.2,1313.4,835.8,2024,1,3,Mar,13,Thursday,38.89,>$2k,1
ORD-00172,2024-03-29,West,Wholesale,Henry Osei,Food & Beverage,Premium Coffee Blend,3,22.0,0.0,66.0,36.3,29.7,2024,1,3,Mar,13,Friday,45.0,<$100,1
ORD-00662,2024-03-29,South,Online,David Kim,Electronics,Laptop Pro 15,8,1140.0,0.05,9120.0,5280.0,3840.0,2024,1,3,Mar,13,Friday,42.11,>$2k,1
ORD-00545,2024-03-29,South,Partner,David Kim,Electronics,Smart Watch,7,224.1,0.1,1568.7,958.65,610.05,2024,1,3,Mar,13,Friday,38.89,$500-$2k,1
ORD-01818,2024-03-29,North,In-Store,Clara Diaz,Home & Garden,Robot Vacuum,11,299.0,0.0,3289.0,1808.95,1480.05,2024,1,3,Mar,13,Friday,45.0,>$2k,1
ORD-01758,2024-03-30,South,Wholesale,Alice Morgan,Sports,Foam Roller,13,30.0,0.0,390.0,214.5,175.5,2024,1,3,Mar,13,Saturday,45.0,$100-$500,1
ORD-01682,2024-03-31,South,Wholesale,Henry Osei,Home & Garden,Planter Set,11,45.0,0.0,495.0,272.25,222.75,2024,1,3,Mar,13,Sunday,45.0,$100-$500,1
ORD-01407,2024-04-01,West,Partner,Frank Russo,Apparel,Denim Jeans,16,61.75,0.05,988.0,572.0,416.0,2024,2,4,Apr,14,Monday,42.11,$500-$2k,1
ORD-00887,2024-04-01,North,Wholesale,David Kim,Apparel,Running Jacket,3,76.5,0.1,229.5,140.25,89.25,2024,2,4,Apr,14,Monday,38.89,$100-$500,1
ORD-01297,2024-04-01,North,Online,Frank Russo,Food & Beverage,Protein Bars 12Pk,7,23.8,0.15,166.6,107.8,58.8,2024,2,4,Apr,14,Monday,35.29,$100-$500,1
ORD-01100,2024-04-02,Central,Online,Bob Chen,Food & Beverage,Olive Oil 1L,4,13.6,0.15,54.4,35.2,19.2,2024,2,4,Apr,14,Tuesday,35.29,<$100,1
ORD-00808,2024-04-04,West,Partner,Alice Morgan,Apparel,Wool Sweater,1,110.0,0.0,110.0,60.5,49.5,2024,2,4,Apr,14,Thursday,45.0,$100-$500,1
ORD-01361,2024-04-05,East,Online,Alice Morgan,Home & Garden,Robot Vacuum,14,269.1,0.1,3767.4,2302.3,1465.1,2024,2,4,Apr,14,Friday,38.89,>$2k,1
ORD-01492,2024-04-05,West,In-Store,David Kim,Apparel,Yoga Set,4,46.75,0.15,187.0,121.0,66.0,2024,2,4,Apr,14,Friday,35.29,$100-$500,1
ORD-00793,2024-04-05,West,Partner,David Kim,Sports,Protein Shaker,18,14.4,0.2,259.2,178.2,81.0,2024,2,4,Apr,14,Friday,31.25,$100-$500,1
ORD-00245,2024-04-05,South,In-Store,Bob Chen,Apparel,Wool Sweater,4,110.0,0.0,440.0,242.0,198.0,2024,2,4,Apr,14,Friday,45.0,$100-$500,1
ORD-00204,2024-04-06,East,Online,Grace Lee,Sports,Foam Roller,8,24.0,0.2,192.0,132.0,60.0,2024,2,4,Apr,14,Saturday,31.25,$100-$500,1
ORD-00363,2024-04-06,Central,Online,Frank Russo,Home & Garden,Air Purifier,6,199.0,0.0,1194.0,656.7,537.3,2024,2,4,Apr,14,Saturday,45.0,$500-$2k,1
ORD-00375,2024-04-07,North,Online,Grace Lee,Food & Beverage,Green Tea Set,14,17.1,0.05,239.4,138.6,100.8,2024,2,4,Apr,14,Sunday,42.11,$100-$500,1
ORD-01750,2024-04-07,South,Partner,Bob Chen,Electronics,4K Monitor,9,569.05,0.05,5121.45,2965.05,2156.4,2024,2,4,Apr,14,Sunday,42.11,>$2k,1
ORD-00759,2024-04-07,East,In-Store,Eva Patel,Electronics,4K Monitor,8,599.0,0.0,4792.0,2635.6,2156.4,2024,2,4,Apr,14,Sunday,45.0,>$2k,1
ORD-00728,2024-04-07,West,Online,David Kim,Sports,Foam Roller,17,30.0,0.0,510.0,280.5,229.5,2024,2,4,Apr,14,Sunday,45.0,$500-$2k,1
ORD-01883,2024-04-08,East,Wholesale,Alice Morgan,Sports,Foam Roller,18,25.5,0.15,459.0,297.0,162.0,2024,2,4,Apr,15,Monday,35.29,$100-$500,1
ORD-00416,2024-04-08,East,In-Store,Bob Chen,Home & Garden,Led Strip Kit,11,35.0,0.0,385.0,211.75,173.25,2024,2,4,Apr,15,Monday,45.0,$100-$500,1
ORD-01190,2024-04-09,East,Wholesale,Henry Osei,Home & Garden,Led Strip Kit,15,35.0,0.0,525.0,288.75,236.25,2024,2,4,Apr,15,Tuesday,45.0,$500-$2k,1
ORD-00242,2024-04-09,North,Online,Clara Diaz,Sports,Resistance Bands,13,25.0,0.0,325.0,178.75,146.25,2024,2,4,Apr,15,Tuesday,45.0,$100-$500,1
ORD-00846,2024-04-09,North,Online,Alice Morgan,Sports,Gym Bag,11,63.0,0.1,693.0,423.5,269.5,2024,2,4,Apr,15,Tuesday,38.89,$500-$2k,1
ORD-01780,2024-04-09,Central,Partner,Henry Osei,Apparel,Wool Sweater,15,110.0,0.0,1650.0,907.5,742.5,2024,2,4,Apr,15,Tuesday,45.0,$500-$2k,1
ORD-00170,2024-04-09,East,In-Store,Frank Russo,Electronics,Wireless Earbuds,13,84.55,0.05,1099.15,636.35,462.8,2024,2,4,Apr,15,Tuesday,42.11,$500-$2k,1
ORD-00150,2024-04-10,North,In-Store,Alice Morgan,Sports,Gym Bag,7,70.0,0.0,490.0,269.5,220.5,2024,2,4,Apr,15,Wednesday,45.0,$100-$500,1
ORD-01315,2024-04-10,West,Online,Clara Diaz,Apparel,Running Jacket,14,85.0,0.0,1190.0,654.5,535.5,2024,2,4,Apr,15,Wednesday,45.0,$500-$2k,1
ORD-00501,2024-04-11,Central,Partner,Grace Lee,Electronics,Laptop Pro 15,10,1200.0,0.0,12000.0,6600.0,5400.0,2024,2,4,Apr,15,Thursday,45.0,>$2k,1
ORD-01252,2024-04-12,North,Partner,Grace Lee,Home & Garden,Led Strip Kit,6,33.25,0.05,199.5,115.5,84.0,2024,2,4,Apr,15,Friday,42.11,$100-$500,1
ORD-00648,2024-04-12,Central,Wholesale,Eva Patel,Food & Beverage,Protein Bars 12Pk,19,25.2,0.1,478.8,292.6,186.2,2024,2,4,Apr,15,Friday,38.89,$100-$500,1
ORD-00516,2024-04-12,East,Wholesale,Henry Osei,Apparel,Running Jacket,13,80.75,0.05,1049.75,607.75,442.0,2024,2,4,Apr,15,Friday,42.11,$500-$2k,1
ORD-01808,2024-04-12,East,Partner,Frank Russo,Home & Garden,Led Strip Kit,1,29.75,0.15,29.75,19.25,10.5,2024,2,4,Apr,15,Friday,35.29,<$100,1
ORD-00287,2024-04-12,Central,Online,Henry Osei,Sports,Resistance Bands,17,23.75,0.05,403.75,233.75,170.0,2024,2,4,Apr,15,Friday,42.11,$100-$500,1
ORD-01053,2024-04-13,South,Online,David Kim,Apparel,Denim Jeans,16,55.25,0.15,884.0,572.0,312.0,2024,2,4,Apr,15,Saturday,35.29,$500-$2k,1
ORD-01484,2024-04-14,East,Online,Clara Diaz,Home & Garden,Air Purifier,15,169.15,0.15,2537.25,1641.75,895.5,2024,2,4,Apr,15,Sunday,35.29,>$2k,1
ORD-00276,2024-04-14,East,In-Store,Alice Morgan,Electronics,Smart Watch,6,211.65,0.15,1269.9,821.7,448.2,2024,2,4,Apr,15,Sunday,35.29,$500-$2k,1
ORD-01375,2024-04-14,South,Wholesale,Frank Russo,Home & Garden,Planter Set,1,45.0,0.0,45.0,24.75,20.25,2024,2,4,Apr,15,Sunday,45.0,<$100,1
ORD-01590,2024-04-14,South,Online,Eva Patel,Food & Beverage,Premium Coffee Blend,10,22.0,0.0,220.0,121.0,99.0,2024,2,4,Apr,15,Sunday,45.0,$100-$500,1
ORD-01608,2024-04-14,East,Online,Alice Morgan,Apparel,Denim Jeans,4,58.5,0.1,234.0,143.0,91.0,2024,2,4,Apr,15,Sunday,38.89,$100-$500,1
ORD-01486,2024-04-15,South,Partner,Eva Patel,Apparel,Yoga Set,19,55.0,0.0,1045.0,574.75,470.25,2024,2,4,Apr,16,Monday,45.0,$500-$2k,1
ORD-00825,2024-04-15,East,In-Store,Clara Diaz,Home & Garden,Planter Set,3,36.0,0.2,108.0,74.25,33.75,2024,2,4,Apr,16,Monday,31.25,$100-$500,1
ORD-01226,2024-04-16,East,In-Store,Eva Patel,Sports,Foam Roller,18,24.0,0.2,432.0,297.0,135.0,2024,2,4,Apr,16,Tuesday,31.25,$100-$500,1
ORD-00051,2024-04-16,East,Partner,David Kim,Sports,Resistance Bands,7,20.0,0.2,140.0,96.25,43.75,2024,2,4,Apr,16,Tuesday,31.25,$100-$500,1
ORD-01806,2024-04-16,Central,Online,Grace Lee,Electronics,Smart Watch,15,199.2,0.2,2988.0,2054.25,933.75,2024,2,4,Apr,16,Tuesday,31.25,>$2k,1
ORD-01358,2024-04-16,East,Wholesale,Eva Patel,Electronics,Laptop Pro 15,6,1020.0,0.15,6120.0,3960.0,2160.0,2024,2,4,Apr,16,Tuesday,35.29,>$2k,1
ORD-00691,2024-04-16,East,In-Store,Clara Diaz,Food & Beverage,Protein Bars 12Pk,4,28.0,0.0,112.0,61.6,50.4,2024,2,4,Apr,16,Tuesday,45.0,$100-$500,1
ORD-00075,2024-04-17,South,Online,Eva Patel,Electronics,4K Monitor,5,479.2,0.2,2396.0,1647.25,748.75,2024,2,4,Apr,16,Wednesday,31.25,>$2k,1
ORD-00900,2024-04-17,South,Partner,Clara Diaz,Apparel,Running Jacket,5,85.0,0.0,425.0,233.75,191.25,2024,2,4,Apr,16,Wednesday,45.0,$100-$500,1
ORD-01468,2024-04-17,North,Online,Grace Lee,Sports,Protein Shaker,14,17.1,0.05,239.4,138.6,100.8,2024,2,4,Apr,16,Wednesday,42.11,$100-$500,1
ORD-00731,2024-04-19,West,Online,Bob Chen,Home & Garden,Robot Vacuum,17,299.0,0.0,5083.0,2795.65,2287.35,2024,2,4,Apr,16,Friday,45.0,>$2k,1
ORD-00895,2024-04-19,South,Online,Alice Morgan,Home & Garden,Planter Set,16,40.5,0.1,648.0,396.0,252.0,2024,2,4,Apr,16,Friday,38.89,$500-$2k,1
ORD-01104,2024-04-20,West,Online,Frank Russo,Apparel,Running Jacket,15,80.75,0.05,1211.25,701.25,510.0,2024,2,4,Apr,16,Saturday,42.11,$500-$2k,1
ORD-01667,2024-04-20,East,Online,Bob Chen,Food & Beverage,Olive Oil 1L,14,16.0,0.0,224.0,123.2,100.8,2024,2,4,Apr,16,Saturday,45.0,$100-$500,1
ORD-01575,2024-04-20,East,Online,Frank Russo,Apparel,Wool Sweater,4,110.0,0.0,440.0,242.0,198.0,2024,2,4,Apr,16,Saturday,45.0,$100-$500,1
ORD-01942,2024-04-21,South,Wholesale,Grace Lee,Electronics,4K Monitor,3,599.0,0.0,1797.0,988.35,808.65,2024,2,4,Apr,16,Sunday,45.0,$500-$2k,1
ORD-01364,2024-04-21,North,Online,Clara Diaz,Sports,Protein Shaker,18,14.4,0.2,259.2,178.2,81.0,2024,2,4,Apr,16,Sunday,31.25,$100-$500,1
ORD-00308,2024-04-22,North,Wholesale,Frank Russo,Home & Garden,Planter Set,17,42.75,0.05,726.75,420.75,306.0,2024,2,4,Apr,17,Monday,42.11,$500-$2k,1
ORD-00307,2024-04-22,Central,Partner,Eva Patel,Apparel,Yoga Set,10,52.25,0.05,522.5,302.5,220.0,2024,2,4,Apr,17,Monday,42.11,$500-$2k,1
ORD-00548,2024-04-22,South,Online,Clara Diaz,Apparel,Yoga Set,1,55.0,0.0,55.0,30.25,24.75,2024,2,4,Apr,17,Monday,45.0,<$100,1
ORD-01641,2024-04-23,East,Online,Bob Chen,Food & Beverage,Protein Bars 12Pk,9,28.0,0.0,252.0,138.6,113.4,2024,2,4,Apr,17,Tuesday,45.0,$100-$500,1
ORD-01642,2024-04-23,Central,Partner,Frank Russo,Food & Beverage,Protein Bars 12Pk,16,28.0,0.0,448.0,246.4,201.6,2024,2,4,Apr,17,Tuesday,45.0,$100-$500,1
ORD-01263,2024-04-24,Central,Partner,Eva Patel,Sports,Resistance Bands,15,25.0,0.0,375.0,206.25,168.75,2024,2,4,Apr,17,Wednesday,45.0,$100-$500,1
ORD-01385,2024-04-25,North,Partner,Henry Osei,Food & Beverage,Olive Oil 1L,4,16.0,0.0,64.0,35.2,28.8,2024,2,4,Apr,17,Thursday,45.0,<$100,1
ORD-01995,2024-04-25,North,Partner,Eva Patel,Sports,Gym Bag,8,63.0,0.1,504.0,308.0,196.0,2024,2,4,Apr,17,Thursday,38.89,$500-$2k,1
ORD-01191,2024-04-25,South,In-Store,David Kim,Electronics,Smart Watch,5,211.65,0.15,1058.25,684.75,373.5,2024,2,4,Apr,17,Thursday,35.29,$500-$2k,1
ORD-01607,2024-04-26,North,Online,Eva Patel,Home & Garden,Led Strip Kit,6,35.0,0.0,210.0,115.5,94.5,2024,2,4,Apr,17,Friday,45.0,$100-$500,1
ORD-01696,2024-04-28,South,Partner,Clara Diaz,Sports,Gym Bag,8,70.0,0.0,560.0,308.0,252.0,2024,2,4,Apr,17,Sunday,45.0,$500-$2k,1
ORD-01487,2024-04-28,Central,In-Store,Eva Patel,Sports,Foam Roller,16,28.5,0.05,456.0,264.0,192.0,2024,2,4,Apr,17,Sunday,42.11,$100-$500,1
ORD-00577,2024-04-28,South,Partner,Grace Lee,Food & Beverage,Green Tea Set,18,16.2,0.1,291.6,178.2,113.4,2024,2,4,Apr,17,Sunday,38.89,$100-$500,1
ORD-01616,2024-04-28,East,Partner,Bob Chen,Apparel,Wool Sweater,14,93.5,0.15,1309.0,847.0,462.0,2024,2,4,Apr,17,Sunday,35.29,$500-$2k,1
ORD-00270,2024-04-28,North,In-Store,Alice Morgan,Electronics,Laptop Pro 15,14,1200.0,0.0,16800.0,9240.0,7560.0,2024,2,4,Apr,17,Sunday,45.0,>$2k,1
ORD-00123,2024-04-29,West,Wholesale,Clara Diaz,Sports,Foam Roller,11,25.5,0.15,280.5,181.5,99.0,2024,2,4,Apr,18,Monday,35.29,$100-$500,1
ORD-00079,2024-04-29,North,In-Store,Henry Osei,Food & Beverage,Protein Bars 12Pk,8,28.0,0.0,224.0,123.2,100.8,2024,2,4,Apr,18,Monday,45.0,$100-$500,1
ORD-01893,2024-04-29,West,Wholesale,Clara Diaz,Electronics,Laptop Pro 15,5,1140.0,0.05,5700.0,3300.0,2400.0,2024,2,4,Apr,18,Monday,42.11,>$2k,1
ORD-01931,2024-04-29,North,Online,Henry Osei,Home & Garden,Air Purifier,12,179.1,0.1,2149.2,1313.4,835.8,2024,2,4,Apr,18,Monday,38.89,>$2k,1
ORD-01625,2024-04-29,Central,Online,Alice Morgan,Food & Beverage,Olive Oil 1L,16,16.0,0.0,256.0,140.8,115.2,2024,2,4,Apr,18,Monday,45.0,$100-$500,1
ORD-00468,2024-04-29,North,In-Store,Eva Patel,Sports,Protein Shaker,19,16.2,0.1,307.8,188.1,119.7,2024,2,4,Apr,18,Monday,38.89,$100-$500,1
ORD-00060,2024-04-29,South,Online,Eva Patel,Sports,Protein Shaker,7,16.2,0.1,113.4,69.3,44.1,2024,2,4,Apr,18,Monday,38.89,$100-$500,1
ORD-00258,2024-04-30,East,In-Store,Alice Morgan,Sports,Gym Bag,1,63.0,0.1,63.0,38.5,24.5,2024,2,4,Apr,18,Tuesday,38.89,<$100,1
ORD-00478,2024-04-30,Central,Partner,Frank Russo,Food & Beverage,Olive Oil 1L,6,12.8,0.2,76.8,52.8,24.0,2024,2,4,Apr,18,Tuesday,31.25,<$100,1
ORD-01445,2024-04-30,West,Partner,Alice Morgan,Sports,Resistance Bands,1,21.25,0.15,21.25,13.75,7.5,2024,2,4,Apr,18,Tuesday,35.29,<$100,1
ORD-00470,2024-05-01,East,Partner,Alice Morgan,Home & Garden,Air Purifier,2,169.15,0.15,338.3,218.9,119.4,2024,2,5,May,18,Wednesday,35.29,$100-$500,1
ORD-00062,2024-05-01,Central,Online,Henry Osei,Apparel,Running Jacket,2,85.0,0.0,170.0,93.5,76.5,2024,2,5,May,18,Wednesday,45.0,$100-$500,1
ORD-01366,2024-05-02,North,Partner,Henry Osei,Home & Garden,Led Strip Kit,7,29.75,0.15,208.25,134.75,73.5,2024,2,5,May,18,Thursday,35.29,$100-$500,1
ORD-01874,2024-05-02,Central,Wholesale,Eva Patel,Food & Beverage,Premium Coffee Blend,1,18.7,0.15,18.7,12.1,6.6,2024,2,5,May,18,Thursday,35.29,<$100,1
ORD-00271,2024-05-02,West,In-Store,Eva Patel,Food & Beverage,Protein Bars 12Pk,14,23.8,0.15,333.2,215.6,117.6,2024,2,5,May,18,Thursday,35.29,$100-$500,1
ORD-01220,2024-05-02,North,In-Store,Henry Osei,Home & Garden,Air Purifier,9,169.15,0.15,1522.35,985.05,537.3,2024,2,5,May,18,Thursday,35.29,$500-$2k,1
ORD-01012,2024-05-03,West,Wholesale,Henry Osei,Electronics,Laptop Pro 15,6,1020.0,0.15,6120.0,3960.0,2160.0,2024,2,5,May,18,Friday,35.29,>$2k,1
ORD-00071,2024-05-03,North,Partner,Eva Patel,Sports,Foam Roller,19,28.5,0.05,541.5,313.5,228.0,2024,2,5,May,18,Friday,42.11,$500-$2k,1
ORD-00776,2024-05-05,West,In-Store,Eva Patel,Electronics,4K Monitor,4,599.0,0.0,2396.0,1317.8,1078.2,2024,2,5,May,18,Sunday,45.0,>$2k,1
ORD-01312,2024-05-05,North,Wholesale,Clara Diaz,Apparel,Wool Sweater,12,110.0,0.0,1320.0,726.0,594.0,2024,2,5,May,18,Sunday,45.0,$500-$2k,1
ORD-01919,2024-05-06,East,Wholesale,Eva Patel,Home & Garden,Led Strip Kit,12,29.75,0.15,357.0,231.0,126.0,2024,2,5,May,19,Monday,35.29,$100-$500,1
ORD-01660,2024-05-07,North,Partner,Grace Lee,Home & Garden,Planter Set,13,38.25,0.15,497.25,321.75,175.5,2024,2,5,May,19,Tuesday,35.29,$100-$500,1
ORD-01187,2024-05-07,North,Partner,Grace Lee,Home & Garden,Led Strip Kit,7,35.0,0.0,245.0,134.75,110.25,2024,2,5,May,19,Tuesday,45.0,$100-$500,1
ORD-00510,2024-05-07,East,In-Store,Alice Morgan,Food & Beverage,Olive Oil 1L,7,13.6,0.15,95.2,61.6,33.6,2024,2,5,May,19,Tuesday,35.29,<$100,1
ORD-01404,2024-05-08,South,Online,Frank Russo,Electronics,Wireless Earbuds,9,89.0,0.0,801.0,440.55,360.45,2024,2,5,May,19,Wednesday,45.0,$500-$2k,1
ORD-01507,2024-05-08,North,Wholesale,Grace Lee,Apparel,Wool Sweater,1,99.0,0.1,99.0,60.5,38.5,2024,2,5,May,19,Wednesday,38.89,<$100,1
ORD-01472,2024-05-08,East,Online,Bob Chen,Food & Beverage,Premium Coffee Blend,10,19.8,0.1,198.0,121.0,77.0,2024,2,5,May,19,Wednesday,38.89,$100-$500,1
ORD-00592,2024-05-08,South,In-Store,Grace Lee,Apparel,Wool Sweater,20,104.5,0.05,2090.0,1210.0,880.0,2024,2,5,May,19,Wednesday,42.11,>$2k,1
ORD-01234,2024-05-09,East,In-Store,David Kim,Apparel,Denim Jeans,15,55.25,0.15,828.75,536.25,292.5,2024,2,5,May,19,Thursday,35.29,$500-$2k,1
ORD-01271,2024-05-09,East,Partner,David Kim,Food & Beverage,Premium Coffee Blend,10,22.0,0.0,220.0,121.0,99.0,2024,2,5,May,19,Thursday,45.0,$100-$500,1
ORD-01600,2024-05-09,Central,Online,Bob Chen,Apparel,Yoga Set,15,46.75,0.15,701.25,453.75,247.5,2024,2,5,May,19,Thursday,35.29,$500-$2k,1
ORD-01127,2024-05-09,West,Wholesale,Eva Patel,Home & Garden,Planter Set,17,38.25,0.15,650.25,420.75,229.5,2024,2,5,May,19,Thursday,35.29,$500-$2k,1
ORD-00094,2024-05-10,East,Partner,Bob Chen,Food & Beverage,Protein Bars 12Pk,7,28.0,0.0,196.0,107.8,88.2,2024,2,5,May,19,Friday,45.0,$100-$500,1
ORD-00473,2024-05-11,Central,Partner,Alice Morgan,Sports,Resistance Bands,14,21.25,0.15,297.5,192.5,105.0,2024,2,5,May,19,Saturday,35.29,$100-$500,1
ORD-00431,2024-05-11,East,Partner,Grace Lee,Home & Garden,Led Strip Kit,18,28.0,0.2,504.0,346.5,157.5,2024,2,5,May,19,Saturday,31.25,$500-$2k,1
ORD-00926,2024-05-11,Central,Partner,Clara Diaz,Home & Garden,Led Strip Kit,20,33.25,0.05,665.0,385.0,280.0,2024,2,5,May,19,Saturday,42.11,$500-$2k,1
ORD-01663,2024-05-12,West,Wholesale,Alice Morgan,Food & Beverage,Olive Oil 1L,15,16.0,0.0,240.0,132.0,108.0,2024,2,5,May,19,Sunday,45.0,$100-$500,1
ORD-01284,2024-05-12,North,Wholesale,David Kim,Sports,Protein Shaker,10,18.0,0.0,180.0,99.0,81.0,2024,2,5,May,19,Sunday,45.0,$100-$500,1
ORD-00021,2024-05-12,North,In-Store,Clara Diaz,Food & Beverage,Premium Coffee Blend,3,18.7,0.15,56.1,36.3,19.8,2024,2,5,May,19,Sunday,35.29,<$100,1
ORD-00026,2024-05-12,South,In-Store,Henry Osei,Food & Beverage,Protein Bars 12Pk,9,23.8,0.15,214.2,138.6,75.6,2024,2,5,May,19,Sunday,35.29,$100-$500,1
ORD-00196,2024-05-12,South,In-Store,Clara Diaz,Apparel,Denim Jeans,11,52.0,0.2,572.0,393.25,178.75,2024,2,5,May,19,Sunday,31.25,$500-$2k,1
ORD-01559,2024-05-13,West,In-Store,Clara Diaz,Apparel,Running Jacket,10,85.0,0.0,850.0,467.5,382.5,2024,2,5,May,20,Monday,45.0,$500-$2k,1
ORD-01926,2024-05-13,Central,Wholesale,Grace Lee,Food & Beverage,Green Tea Set,8,18.0,0.0,144.0,79.2,64.8,2024,2,5,May,20,Monday,45.0,$100-$500,1
ORD-01359,2024-05-14,North,Partner,Eva Patel,Sports,Resistance Bands,4,22.5,0.1,90.0,55.0,35.0,2024,2,5,May,20,Tuesday,38.89,<$100,1
ORD-00376,2024-05-14,East,Online,Bob Chen,Food & Beverage,Green Tea Set,12,17.1,0.05,205.2,118.8,86.4,2024,2,5,May,20,Tuesday,42.11,$100-$500,1
ORD-00701,2024-05-14,West,In-Store,David Kim,Apparel,Wool Sweater,18,110.0,0.0,1980.0,1089.0,891.0,2024,2,5,May,20,Tuesday,45.0,$500-$2k,1
ORD-00127,2024-05-14,Central,Online,Bob Chen,Food & Beverage,Olive Oil 1L,11,13.6,0.15,149.6,96.8,52.8,2024,2,5,May,20,Tuesday,35.29,$100-$500,1
ORD-00519,2024-05-14,North,Wholesale,Henry Osei,Food & Beverage,Premium Coffee Blend,5,20.9,0.05,104.5,60.5,44.0,2024,2,5,May,20,Tuesday,42.11,$100-$500,1
ORD-01904,2024-05-15,East,Partner,Bob Chen,Home & Garden,Planter Set,18,45.0,0.0,810.0,445.5,364.5,2024,2,5,May,20,Wednesday,45.0,$500-$2k,1
ORD-01599,2024-05-15,Central,Wholesale,Frank Russo,Home & Garden,Air Purifier,18,159.2,0.2,2865.6,1970.1,895.5,2024,2,5,May,20,Wednesday,31.25,>$2k,1
ORD-01240,2024-05-15,Central,In-Store,Alice Morgan,Electronics,Laptop Pro 15,3,1200.0,0.0,3600.0,1980.0,1620.0,2024,2,5,May,20,Wednesday,45.0,>$2k,1
ORD-01058,2024-05-15,North,Online,Frank Russo,Home & Garden,Air Purifier,6,159.2,0.2,955.2,656.7,298.5,2024,2,5,May,20,Wednesday,31.25,$500-$2k,1
ORD-00828,2024-05-15,West,Online,Eva Patel,Apparel,Running Jacket,19,85.0,0.0,1615.0,888.25,726.75,2024,2,5,May,20,Wednesday,45.0,$500-$2k,1
ORD-01576,2024-05-15,Central,Wholesale,David Kim,Sports,Resistance Bands,16,20.0,0.2,320.0,220.0,100.0,2024,2,5,May,20,Wednesday,31.25,$100-$500,1
ORD-01001,2024-05-16,West,Wholesale,Henry Osei,Electronics,Smart Watch,17,249.0,0.0,4233.0,2328.15,1904.85,2024,2,5,May,20,Thursday,45.0,>$2k,1
ORD-01619,2024-05-16,East,Online,Grace Lee,Apparel,Wool Sweater,18,104.5,0.05,1881.0,1089.0,792.0,2024,2,5,May,20,Thursday,42.11,$500-$2k,1
ORD-00927,2024-05-16,West,In-Store,Clara Diaz,Sports,Foam Roller,4,30.0,0.0,120.0,66.0,54.0,2024,2,5,May,20,Thursday,45.0,$100-$500,1
ORD-01258,2024-05-16,North,Partner,Eva Patel,Food & Beverage,Green Tea Set,19,14.4,0.2,273.6,188.1,85.5,2024,2,5,May,20,Thursday,31.25,$100-$500,1
ORD-00672,2024-05-16,South,In-Store,Frank Russo,Sports,Gym Bag,18,59.5,0.15,1071.0,693.0,378.0,2024,2,5,May,20,Thursday,35.29,$500-$2k,1
ORD-01449,2024-05-17,East,Partner,Henry Osei,Electronics,Smart Watch,11,236.55,0.05,2602.05,1506.45,1095.6,2024,2,5,May,20,Friday,42.11,>$2k,1
ORD-00818,2024-05-18,South,Wholesale,Clara Diaz,Home & Garden,Air Purifier,15,199.0,0.0,2985.0,1641.75,1343.25,2024,2,5,May,20,Saturday,45.0,>$2k,1
ORD-00471,2024-05-18,North,In-Store,Clara Diaz,Home & Garden,Planter Set,10,45.0,0.0,450.0,247.5,202.5,2024,2,5,May,20,Saturday,45.0,$100-$500,1
ORD-00922,2024-05-18,North,Wholesale,Henry Osei,Home & Garden,Air Purifier,1,169.15,0.15,169.15,109.45,59.7,2024,2,5,May,20,Saturday,35.29,$100-$500,1
ORD-00966,2024-05-18,West,Wholesale,Frank Russo,Electronics,Smart Watch,3,199.2,0.2,597.6,410.85,186.75,2024,2,5,May,20,Saturday,31.25,$500-$2k,1
ORD-00624,2024-05-19,Central,Partner,Henry Osei,Sports,Gym Bag,20,70.0,0.0,1400.0,770.0,630.0,2024,2,5,May,20,Sunday,45.0,$500-$2k,1
ORD-01724,2024-05-19,South,Partner,Henry Osei,Home & Garden,Led Strip Kit,20,35.0,0.0,700.0,385.0,315.0,2024,2,5,May,20,Sunday,45.0,$500-$2k,1
ORD-00436,2024-05-19,Central,Partner,Clara Diaz,Food & Beverage,Protein Bars 12Pk,19,28.0,0.0,532.0,292.6,239.4,2024,2,5,May,20,Sunday,45.0,$500-$2k,1
ORD-01597,2024-05-20,East,Wholesale,Eva Patel,Food & Beverage,Protein Bars 12Pk,2,22.4,0.2,44.8,30.8,14.0,2024,2,5,May,21,Monday,31.25,<$100,1
ORD-01531,2024-05-21,South,In-Store,Clara Diaz,Apparel,Yoga Set,9,55.0,0.0,495.0,272.25,222.75,2024,2,5,May,21,Tuesday,45.0,$100-$500,1
ORD-01802,2024-05-21,South,Wholesale,Eva Patel,Electronics,4K Monitor,8,539.1,0.1,4312.8,2635.6,1677.2,2024,2,5,May,21,Tuesday,38.89,>$2k,1
ORD-00990,2024-05-21,North,Wholesale,Frank Russo,Apparel,Wool Sweater,14,110.0,0.0,1540.0,847.0,693.0,2024,2,5,May,21,Tuesday,45.0,$500-$2k,1
ORD-01897,2024-05-21,North,Wholesale,Clara Diaz,Electronics,Smart Watch,20,199.2,0.2,3984.0,2739.0,1245.0,2024,2,5,May,21,Tuesday,31.25,>$2k,1
ORD-01520,2024-05-22,North,Wholesale,Grace Lee,Electronics,Smart Watch,20,236.55,0.05,4731.0,2739.0,1992.0,2024,2,5,May,21,Wednesday,42.11,>$2k,1
ORD-01405,2024-05-22,West,Wholesale,David Kim,Food & Beverage,Green Tea Set,15,15.3,0.15,229.5,148.5,81.0,2024,2,5,May,21,Wednesday,35.29,$100-$500,1
ORD-01863,2024-05-24,South,In-Store,Alice Morgan,Sports,Resistance Bands,3,22.5,0.1,67.5,41.25,26.25,2024,2,5,May,21,Friday,38.89,<$100,1
ORD-00176,2024-05-24,West,In-Store,Clara Diaz,Home & Garden,Planter Set,4,45.0,0.0,180.0,99.0,81.0,2024,2,5,May,21,Friday,45.0,$100-$500,1
ORD-01972,2024-05-24,West,Wholesale,Grace Lee,Sports,Protein Shaker,1,18.0,0.0,18.0,9.9,8.1,2024,2,5,May,21,Friday,45.0,<$100,1
ORD-01925,2024-05-24,West,In-Store,Eva Patel,Home & Garden,Planter Set,7,45.0,0.0,315.0,173.25,141.75,2024,2,5,May,21,Friday,45.0,$100-$500,1
ORD-01126,2024-05-25,Central,Wholesale,Clara Diaz,Food & Beverage,Olive Oil 1L,17,16.0,0.0,272.0,149.6,122.4,2024,2,5,May,21,Saturday,45.0,$100-$500,1
ORD-01498,2024-05-25,South,Online,Frank Russo,Apparel,Yoga Set,4,55.0,0.0,220.0,121.0,99.0,2024,2,5,May,21,Saturday,45.0,$100-$500,1
ORD-00012,2024-05-26,West,Wholesale,Clara Diaz,Apparel,Yoga Set,7,46.75,0.15,327.25,211.75,115.5,2024,2,5,May,21,Sunday,35.29,$100-$500,1
ORD-00986,2024-05-26,East,Partner,Grace Lee,Electronics,Smart Watch,2,249.0,0.0,498.0,273.9,224.1,2024,2,5,May,21,Sunday,45.0,$100-$500,1
ORD-00321,2024-05-26,West,Partner,Bob Chen,Electronics,Laptop Pro 15,6,1200.0,0.0,7200.0,3960.0,3240.0,2024,2,5,May,21,Sunday,45.0,>$2k,1
ORD-00712,2024-05-27,West,Online,Alice Morgan,Sports,Foam Roller,6,30.0,0.0,180.0,99.0,81.0,2024,2,5,May,22,Monday,45.0,$100-$500,1
ORD-00578,2024-05-28,Central,Online,Grace Lee,Apparel,Yoga Set,5,52.25,0.05,261.25,151.25,110.0,2024,2,5,May,22,Tuesday,42.11,$100-$500,1
ORD-00869,2024-05-28,Central,Online,Henry Osei,Home & Garden,Planter Set,15,42.75,0.05,641.25,371.25,270.0,2024,2,5,May,22,Tuesday,42.11,$500-$2k,1
ORD-01585,2024-05-28,West,Wholesale,Alice Morgan,Electronics,Laptop Pro 15,17,1200.0,0.0,20400.0,11220.0,9180.0,2024,2,5,May,22,Tuesday,45.0,>$2k,1
ORD-01729,2024-05-28,East,Partner,Henry Osei,Electronics,Wireless Earbuds,7,89.0,0.0,623.0,342.65,280.35,2024,2,5,May,22,Tuesday,45.0,$500-$2k,1
ORD-00714,2024-05-28,East,Online,Eva Patel,Home & Garden,Planter Set,10,45.0,0.0,450.0,247.5,202.5,2024,2,5,May,22,Tuesday,45.0,$100-$500,1
ORD-01351,2024-05-29,South,Online,Grace Lee,Home & Garden,Led Strip Kit,17,35.0,0.0,595.0,327.25,267.75,2024,2,5,May,22,Wednesday,45.0,$500-$2k,1
ORD-00562,2024-05-29,North,Partner,Eva Patel,Food & Beverage,Premium Coffee Blend,3,22.0,0.0,66.0,36.3,29.7,2024,2,5,May,22,Wednesday,45.0,<$100,1
ORD-01379,2024-05-29,North,Wholesale,Henry Osei,Home & Garden,Robot Vacuum,10,299.0,0.0,2990.0,1644.5,1345.5,2024,2,5,May,22,Wednesday,45.0,>$2k,1
ORD-00236,2024-05-29,North,Online,Clara Diaz,Food & Beverage,Protein Bars 12Pk,5,26.6,0.05,133.0,77.0,56.0,2024,2,5,May,22,Wednesday,42.11,$100-$500,1
ORD-00035,2024-05-29,Central,In-Store,Alice Morgan,Electronics,Laptop Pro 15,19,1140.0,0.05,21660.0,12540.0,9120.0,2024,2,5,May,22,Wednesday,42.11,>$2k,1
ORD-01300,2024-05-30,North,In-Store,Eva Patel,Electronics,4K Monitor,14,539.1,0.1,7547.4,4612.3,2935.1,2024,2,5,May,22,Thursday,38.89,>$2k,1
ORD-00297,2024-05-30,East,In-Store,Frank Russo,Food & Beverage,Protein Bars 12Pk,2,28.0,0.0,56.0,30.8,25.2,2024,2,5,May,22,Thursday,45.0,<$100,1
ORD-01541,2024-05-30,Central,Wholesale,Bob Chen,Electronics,Laptop Pro 15,8,1080.0,0.1,8640.0,5280.0,3360.0,2024,2,5,May,22,Thursday,38.89,>$2k,1
ORD-00500,2024-05-30,Central,Partner,Clara Diaz,Home & Garden,Air Purifier,4,189.05,0.05,756.2,437.8,318.4,2024,2,5,May,22,Thursday,42.11,$500-$2k,1
ORD-00984,2024-05-30,West,Partner,Henry Osei,Food & Beverage,Protein Bars 12Pk,9,28.0,0.0,252.0,138.6,113.4,2024,2,5,May,22,Thursday,45.0,$100-$500,1
ORD-01448,2024-05-30,South,In-Store,Bob Chen,Electronics,Smart Watch,8,224.1,0.1,1792.8,1095.6,697.2,2024,2,5,May,22,Thursday,38.89,$500-$2k,1
ORD-00615,2024-05-30,East,Partner,Bob Chen,Sports,Foam Roller,18,30.0,0.0,540.0,297.0,243.0,2024,2,5,May,22,Thursday,45.0,$500-$2k,1
ORD-00698,2024-05-31,North,In-Store,Grace Lee,Sports,Protein Shaker,20,16.2,0.1,324.0,198.0,126.0,2024,2,5,May,22,Friday,38.89,$100-$500,1
ORD-01940,2024-05-31,East,In-Store,Grace Lee,Home & Garden,Robot Vacuum,7,269.1,0.1,1883.7,1151.15,732.55,2024,2,5,May,22,Friday,38.89,$500-$2k,1
ORD-00252,2024-05-31,West,Partner,Bob Chen,Food & Beverage,Green Tea Set,3,17.1,0.05,51.3,29.7,21.6,2024,2,5,May,22,Friday,42.11,<$100,1
ORD-01431,2024-05-31,North,In-Store,David Kim,Home & Garden,Led Strip Kit,5,28.0,0.2,140.0,96.25,43.75,2024,2,5,May,22,Friday,31.25,$100-$500,1
ORD-00275,2024-05-31,West,Partner,David Kim,Sports,Protein Shaker,5,14.4,0.2,72.0,49.5,22.5,2024,2,5,May,22,Friday,31.25,<$100,1
ORD-01785,2024-05-31,South,Wholesale,David Kim,Sports,Protein Shaker,18,18.0,0.0,324.0,178.2,145.8,2024,2,5,May,22,Friday,45.0,$100-$500,1
ORD-01072,2024-05-31,West,Online,Eva Patel,Food & Beverage,Protein Bars 12Pk,16,25.2,0.1,403.2,246.4,156.8,2024,2,5,May,22,Friday,38.89,$100-$500,1
ORD-01545,2024-06-01,North,Partner,Henry Osei,Home & Garden,Robot Vacuum,12,269.1,0.1,3229.2,1973.4,1255.8,2024,2,6,Jun,22,Saturday,38.89,>$2k,1
ORD-00801,2024-06-01,North,Partner,Eva Patel,Home & Garden,Led Strip Kit,3,35.0,0.0,105.0,57.75,47.25,2024,2,6,Jun,22,Saturday,45.0,$100-$500,1
ORD-01476,2024-06-01,West,Wholesale,Alice Morgan,Apparel,Running Jacket,16,85.0,0.0,1360.0,748.0,612.0,2024,2,6,Jun,22,Saturday,45.0,$500-$2k,1
ORD-00414,2024-06-01,South,Wholesale,Bob Chen,Sports,Foam Roller,19,30.0,0.0,570.0,313.5,256.5,2024,2,6,Jun,22,Saturday,45.0,$500-$2k,1
ORD-00083,2024-06-02,East,Online,Grace Lee,Home & Garden,Led Strip Kit,12,35.0,0.0,420.0,231.0,189.0,2024,2,6,Jun,22,Sunday,45.0,$100-$500,1
ORD-00120,2024-06-03,East,Online,Eva Patel,Home & Garden,Led Strip Kit,11,28.0,0.2,308.0,211.75,96.25,2024,2,6,Jun,23,Monday,31.25,$100-$500,1
ORD-01912,2024-06-03,North,Online,Clara Diaz,Food & Beverage,Premium Coffee Blend,15,22.0,0.0,330.0,181.5,148.5,2024,2,6,Jun,23,Monday,45.0,$100-$500,1
ORD-00555,2024-06-04,West,Wholesale,Alice Morgan,Food & Beverage,Green Tea Set,17,14.4,0.2,244.8,168.3,76.5,2024,2,6,Jun,23,Tuesday,31.25,$100-$500,1
ORD-01561,2024-06-04,South,Online,Alice Morgan,Electronics,Wireless Earbuds,18,71.2,0.2,1281.6,881.1,400.5,2024,2,6,Jun,23,Tuesday,31.25,$500-$2k,1
ORD-01905,2024-06-05,North,Online,Clara Diaz,Sports,Foam Roller,11,24.0,0.2,264.0,181.5,82.5,2024,2,6,Jun,23,Wednesday,31.25,$100-$500,1
ORD-01302,2024-06-05,West,Wholesale,Grace Lee,Food & Beverage,Premium Coffee Blend,6,20.9,0.05,125.4,72.6,52.8,2024,2,6,Jun,23,Wednesday,42.11,$100-$500,1
ORD-01249,2024-06-06,South,Online,Alice Morgan,Food & Beverage,Green Tea Set,20,16.2,0.1,324.0,198.0,126.0,2024,2,6,Jun,23,Thursday,38.89,$100-$500,1
ORD-00638,2024-06-06,West,Wholesale,Bob Chen,Home & Garden,Planter Set,11,38.25,0.15,420.75,272.25,148.5,2024,2,6,Jun,23,Thursday,35.29,$100-$500,1
ORD-00888,2024-06-07,North,Partner,Grace Lee,Sports,Gym Bag,20,63.0,0.1,1260.0,770.0,490.0,2024,2,6,Jun,23,Friday,38.89,$500-$2k,1
ORD-00402,2024-06-07,East,Online,Henry Osei,Food & Beverage,Premium Coffee Blend,16,20.9,0.05,334.4,193.6,140.8,2024,2,6,Jun,23,Friday,42.11,$100-$500,1
ORD-01043,2024-06-07,Central,Partner,Frank Russo,Apparel,Yoga Set,7,55.0,0.0,385.0,211.75,173.25,2024,2,6,Jun,23,Friday,45.0,$100-$500,1
ORD-01409,2024-06-07,East,Wholesale,Eva Patel,Electronics,4K Monitor,6,599.0,0.0,3594.0,1976.7,1617.3,2024,2,6,Jun,23,Friday,45.0,>$2k,1
ORD-00173,2024-06-08,North,Partner,Grace Lee,Sports,Gym Bag,7,56.0,0.2,392.0,269.5,122.5,2024,2,6,Jun,23,Saturday,31.25,$100-$500,1
ORD-01138,2024-06-08,South,Wholesale,David Kim,Sports,Foam Roller,16,25.5,0.15,408.0,264.0,144.0,2024,2,6,Jun,23,Saturday,35.29,$100-$500,1
ORD-00537,2024-06-08,East,Partner,David Kim,Apparel,Wool Sweater,20,93.5,0.15,1870.0,1210.0,660.0,2024,2,6,Jun,23,Saturday,35.29,$500-$2k,1
ORD-00899,2024-06-08,Central,Online,Eva Patel,Home & Garden,Led Strip Kit,4,35.0,0.0,140.0,77.0,63.0,2024,2,6,Jun,23,Saturday,45.0,$100-$500,1
ORD-00798,2024-06-08,West,Partner,Grace Lee,Home & Garden,Robot Vacuum,16,284.05,0.05,4544.8,2631.2,1913.6,2024,2,6,Jun,23,Saturday,42.11,>$2k,1
ORD-00224,2024-06-09,South,Online,Clara Diaz,Electronics,Laptop Pro 15,13,1200.0,0.0,15600.0,8580.0,7020.0,2024,2,6,Jun,23,Sunday,45.0,>$2k,1
ORD-00255,2024-06-11,South,Partner,Frank Russo,Sports,Protein Shaker,5,16.2,0.1,81.0,49.5,31.5,2024,2,6,Jun,24,Tuesday,38.89,<$100,1
ORD-01139,2024-06-12,Central,Wholesale,Henry Osei,Apparel,Denim Jeans,16,65.0,0.0,1040.0,572.0,468.0,2024,2,6,Jun,24,Wednesday,45.0,$500-$2k,1
ORD-00407,2024-06-12,North,Wholesale,Bob Chen,Electronics,Laptop Pro 15,6,1200.0,0.0,7200.0,3960.0,3240.0,2024,2,6,Jun,24,Wednesday,45.0,>$2k,1
ORD-01037,2024-06-12,East,Online,Henry Osei,Sports,Protein Shaker,14,17.1,0.05,239.4,138.6,100.8,2024,2,6,Jun,24,Wednesday,42.11,$100-$500,1
ORD-00089,2024-06-13,South,Online,David Kim,Home & Garden,Planter Set,18,45.0,0.0,810.0,445.5,364.5,2024,2,6,Jun,24,Thursday,45.0,$500-$2k,1
ORD-01661,2024-06-13,North,Wholesale,Bob Chen,Apparel,Denim Jeans,13,55.25,0.15,718.25,464.75,253.5,2024,2,6,Jun,24,Thursday,35.29,$500-$2k,1
ORD-00023,2024-06-13,West,Online,David Kim,Home & Garden,Led Strip Kit,12,33.25,0.05,399.0,231.0,168.0,2024,2,6,Jun,24,Thursday,42.11,$100-$500,1
ORD-00220,2024-06-15,East,Online,Grace Lee,Sports,Protein Shaker,12,14.4,0.2,172.8,118.8,54.0,2024,2,6,Jun,24,Saturday,31.25,$100-$500,1
ORD-00348,2024-06-15,Central,In-Store,Henry Osei,Home & Garden,Air Purifier,17,169.15,0.15,2875.55,1860.65,1014.9,2024,2,6,Jun,24,Saturday,35.29,>$2k,1
ORD-01767,2024-06-15,South,In-Store,Frank Russo,Apparel,Wool Sweater,6,110.0,0.0,660.0,363.0,297.0,2024,2,6,Jun,24,Saturday,45.0,$500-$2k,1
ORD-01567,2024-06-17,East,In-Store,Alice Morgan,Electronics,4K Monitor,4,509.15,0.15,2036.6,1317.8,718.8,2024,2,6,Jun,25,Monday,35.29,>$2k,1
ORD-00483,2024-06-17,Central,Wholesale,Bob Chen,Apparel,Wool Sweater,10,93.5,0.15,935.0,605.0,330.0,2024,2,6,Jun,25,Monday,35.29,$500-$2k,1
ORD-00763,2024-06-18,North,Online,Eva Patel,Electronics,4K Monitor,13,509.15,0.15,6618.95,4282.85,2336.1,2024,2,6,Jun,25,Tuesday,35.29,>$2k,1
ORD-00460,2024-06-19,West,Wholesale,David Kim,Food & Beverage,Premium Coffee Blend,13,17.6,0.2,228.8,157.3,71.5,2024,2,6,Jun,25,Wednesday,31.25,$100-$500,1
ORD-00595,2024-06-19,Central,Wholesale,Clara Diaz,Apparel,Running Jacket,1,85.0,0.0,85.0,46.75,38.25,2024,2,6,Jun,25,Wednesday,45.0,<$100,1
ORD-01148,2024-06-20,North,Wholesale,Alice Morgan,Apparel,Denim Jeans,10,55.25,0.15,552.5,357.5,195.0,2024,2,6,Jun,25,Thursday,35.29,$500-$2k,1
ORD-01712,2024-06-21,West,In-Store,Henry Osei,Sports,Protein Shaker,6,14.4,0.2,86.4,59.4,27.0,2024,2,6,Jun,25,Friday,31.25,<$100,1
ORD-00892,2024-06-21,East,Online,Grace Lee,Apparel,Denim Jeans,10,61.75,0.05,617.5,357.5,260.0,2024,2,6,Jun,25,Friday,42.11,$500-$2k,1
ORD-01304,2024-06-21,East,Partner,David Kim,Food & Beverage,Olive Oil 1L,17,13.6,0.15,231.2,149.6,81.6,2024,2,6,Jun,25,Friday,35.29,$100-$500,1
ORD-00745,2024-06-21,South,In-Store,Alice Morgan,Home & Garden,Planter Set,17,42.75,0.05,726.75,420.75,306.0,2024,2,6,Jun,25,Friday,42.11,$500-$2k,1
ORD-01485,2024-06-21,West,Online,Clara Diaz,Home & Garden,Air Purifier,12,169.15,0.15,2029.8,1313.4,716.4,2024,2,6,Jun,25,Friday,35.29,>$2k,1
ORD-00300,2024-06-21,East,Wholesale,Grace Lee,Electronics,Smart Watch,13,199.2,0.2,2589.6,1780.35,809.25,2024,2,6,Jun,25,Friday,31.25,>$2k,1
ORD-00430,2024-06-22,South,Online,Grace Lee,Apparel,Wool Sweater,7,93.5,0.15,654.5,423.5,231.0,2024,2,6,Jun,25,Saturday,35.29,$500-$2k,1
ORD-00796,2024-06-23,East,Wholesale,Bob Chen,Food & Beverage,Olive Oil 1L,3,16.0,0.0,48.0,26.4,21.6,2024,2,6,Jun,25,Sunday,45.0,<$100,1
ORD-00174,2024-06-23,East,Online,David Kim,Electronics,Smart Watch,19,236.55,0.05,4494.45,2602.05,1892.4,2024,2,6,Jun,25,Sunday,42.11,>$2k,1
ORD-00646,2024-06-23,South,Online,Alice Morgan,Home & Garden,Led Strip Kit,5,35.0,0.0,175.0,96.25,78.75,2024,2,6,Jun,25,Sunday,45.0,$100-$500,1
ORD-00284,2024-06-24,East,Online,Bob Chen,Apparel,Running Jacket,17,80.75,0.05,1372.75,794.75,578.0,2024,2,6,Jun,26,Monday,42.11,$500-$2k,1
ORD-01338,2024-06-24,East,Wholesale,Grace Lee,Apparel,Wool Sweater,5,93.5,0.15,467.5,302.5,165.0,2024,2,6,Jun,26,Monday,35.29,$100-$500,1
ORD-01067,2024-06-24,East,Wholesale,Eva Patel,Sports,Resistance Bands,14,25.0,0.0,350.0,192.5,157.5,2024,2,6,Jun,26,Monday,45.0,$100-$500,1
ORD-00292,2024-06-25,South,In-Store,Alice Morgan,Electronics,Wireless Earbuds,18,84.55,0.05,1521.9,881.1,640.8,2024,2,6,Jun,26,Tuesday,42.11,$500-$2k,1
ORD-01838,2024-06-25,North,Online,Frank Russo,Home & Garden,Robot Vacuum,6,299.0,0.0,1794.0,986.7,807.3,2024,2,6,Jun,26,Tuesday,45.0,$500-$2k,1
ORD-01684,2024-06-26,East,Partner,Eva Patel,Food & Beverage,Green Tea Set,3,18.0,0.0,54.0,29.7,24.3,2024,2,6,Jun,26,Wednesday,45.0,<$100,1
ORD-00412,2024-06-26,South,Wholesale,Henry Osei,Sports,Gym Bag,4,70.0,0.0,280.0,154.0,126.0,2024,2,6,Jun,26,Wednesday,45.0,$100-$500,1
ORD-00227,2024-06-26,East,Wholesale,Frank Russo,Sports,Foam Roller,19,30.0,0.0,570.0,313.5,256.5,2024,2,6,Jun,26,Wednesday,45.0,$500-$2k,1
ORD-01036,2024-06-26,West,In-Store,Clara Diaz,Home & Garden,Air Purifier,5,159.2,0.2,796.0,547.25,248.75,2024,2,6,Jun,26,Wednesday,31.25,$500-$2k,1
ORD-00985,2024-06-27,West,In-Store,Eva Patel,Apparel,Running Jacket,11,72.25,0.15,794.75,514.25,280.5,2024,2,6,Jun,26,Thursday,35.29,$500-$2k,1
ORD-00019,2024-06-27,North,Partner,Henry Osei,Home & Garden,Air Purifier,18,159.2,0.2,2865.6,1970.1,895.5,2024,2,6,Jun,26,Thursday,31.25,>$2k,1
ORD-00159,2024-06-27,East,Wholesale,Grace Lee,Home & Garden,Planter Set,13,40.5,0.1,526.5,321.75,204.75,2024,2,6,Jun,26,Thursday,38.89,$500-$2k,1
ORD-01725,2024-06-28,South,Partner,Eva Patel,Food & Beverage,Green Tea Set,10,18.0,0.0,180.0,99.0,81.0,2024,2,6,Jun,26,Friday,45.0,$100-$500,1
ORD-01079,2024-06-30,Central,Online,Eva Patel,Food & Beverage,Green Tea Set,2,18.0,0.0,36.0,19.8,16.2,2024,2,6,Jun,26,Sunday,45.0,<$100,1
ORD-00498,2024-06-30,South,Partner,Alice Morgan,Sports,Protein Shaker,1,18.0,0.0,18.0,9.9,8.1,2024,2,6,Jun,26,Sunday,45.0,<$100,1
ORD-00881,2024-06-30,East,Online,Alice Morgan,Home & Garden,Led Strip Kit,18,35.0,0.0,630.0,346.5,283.5,2024,2,6,Jun,26,Sunday,45.0,$500-$2k,1
ORD-00074,2024-06-30,North,Wholesale,Alice Morgan,Apparel,Wool Sweater,5,99.0,0.1,495.0,302.5,192.5,2024,2,6,Jun,26,Sunday,38.89,$100-$500,1
ORD-00657,2024-07-01,North,In-Store,Bob Chen,Home & Garden,Robot Vacuum,5,299.0,0.0,1495.0,822.25,672.75,2024,3,7,Jul,27,Monday,45.0,$500-$2k,1
ORD-00377,2024-07-01,West,In-Store,Grace Lee,Sports,Gym Bag,3,56.0,0.2,168.0,115.5,52.5,2024,3,7,Jul,27,Monday,31.25,$100-$500,1
ORD-01524,2024-07-01,West,Wholesale,Eva Patel,Electronics,4K Monitor,10,479.2,0.2,4792.0,3294.5,1497.5,2024,3,7,Jul,27,Monday,31.25,>$2k,1
ORD-01011,2024-07-01,North,Online,Grace Lee,Food & Beverage,Green Tea Set,4,17.1,0.05,68.4,39.6,28.8,2024,3,7,Jul,27,Monday,42.11,<$100,1
ORD-01871,2024-07-01,North,In-Store,Frank Russo,Electronics,Laptop Pro 15,14,1080.0,0.1,15120.0,9240.0,5880.0,2024,3,7,Jul,27,Monday,38.89,>$2k,1
ORD-00602,2024-07-02,West,Partner,Eva Patel,Food & Beverage,Green Tea Set,9,14.4,0.2,129.6,89.1,40.5,2024,3,7,Jul,27,Tuesday,31.25,$100-$500,1
ORD-01583,2024-07-02,West,In-Store,Eva Patel,Home & Garden,Air Purifier,6,159.2,0.2,955.2,656.7,298.5,2024,3,7,Jul,27,Tuesday,31.25,$500-$2k,1
ORD-00418,2024-07-02,East,In-Store,Henry Osei,Sports,Gym Bag,14,70.0,0.0,980.0,539.0,441.0,2024,3,7,Jul,27,Tuesday,45.0,$500-$2k,1
ORD-00467,2024-07-02,East,Wholesale,Eva Patel,Food & Beverage,Premium Coffee Blend,10,17.6,0.2,176.0,121.0,55.0,2024,3,7,Jul,27,Tuesday,31.25,$100-$500,1
ORD-00210,2024-07-02,North,In-Store,Clara Diaz,Electronics,Laptop Pro 15,16,1080.0,0.1,17280.0,10560.0,6720.0,2024,3,7,Jul,27,Tuesday,38.89,>$2k,1
ORD-01939,2024-07-03,South,In-Store,Bob Chen,Home & Garden,Led Strip Kit,11,31.5,0.1,346.5,211.75,134.75,2024,3,7,Jul,27,Wednesday,38.89,$100-$500,1
ORD-01720,2024-07-03,North,Partner,Bob Chen,Food & Beverage,Olive Oil 1L,15,16.0,0.0,240.0,132.0,108.0,2024,3,7,Jul,27,Wednesday,45.0,$100-$500,1
ORD-01876,2024-07-03,East,In-Store,Clara Diaz,Sports,Protein Shaker,5,17.1,0.05,85.5,49.5,36.0,2024,3,7,Jul,27,Wednesday,42.11,<$100,1
ORD-01772,2024-07-03,West,In-Store,Alice Morgan,Sports,Protein Shaker,14,14.4,0.2,201.6,138.6,63.0,2024,3,7,Jul,27,Wednesday,31.25,$100-$500,1
ORD-01174,2024-07-03,Central,In-Store,Eva Patel,Home & Garden,Led Strip Kit,4,29.75,0.15,119.0,77.0,42.0,2024,3,7,Jul,27,Wednesday,35.29,$100-$500,1
ORD-00669,2024-07-03,North,In-Store,Henry Osei,Electronics,Smart Watch,5,211.65,0.15,1058.25,684.75,373.5,2024,3,7,Jul,27,Wednesday,35.29,$500-$2k,1
ORD-00146,2024-07-04,South,Wholesale,Henry Osei,Sports,Foam Roller,4,30.0,0.0,120.0,66.0,54.0,2024,3,7,Jul,27,Thursday,45.0,$100-$500,1
ORD-00362,2024-07-04,South,In-Store,Henry Osei,Sports,Resistance Bands,16,21.25,0.15,340.0,220.0,120.0,2024,3,7,Jul,27,Thursday,35.29,$100-$500,1
ORD-00915,2024-07-04,North,Online,David Kim,Apparel,Yoga Set,6,44.0,0.2,264.0,181.5,82.5,2024,3,7,Jul,27,Thursday,31.25,$100-$500,1
ORD-00366,2024-07-04,East,In-Store,Henry Osei,Home & Garden,Robot Vacuum,9,299.0,0.0,2691.0,1480.05,1210.95,2024,3,7,Jul,27,Thursday,45.0,>$2k,1
ORD-01740,2024-07-04,East,Wholesale,Eva Patel,Electronics,Laptop Pro 15,11,1200.0,0.0,13200.0,7260.0,5940.0,2024,3,7,Jul,27,Thursday,45.0,>$2k,1
ORD-00301,2024-07-04,West,In-Store,David Kim,Apparel,Yoga Set,13,55.0,0.0,715.0,393.25,321.75,2024,3,7,Jul,27,Thursday,45.0,$500-$2k,1
ORD-00268,2024-07-05,East,Partner,Clara Diaz,Home & Garden,Led Strip Kit,7,35.0,0.0,245.0,134.75,110.25,2024,3,7,Jul,27,Friday,45.0,$100-$500,1
ORD-00121,2024-07-05,West,Partner,Frank Russo,Home & Garden,Led Strip Kit,5,33.25,0.05,166.25,96.25,70.0,2024,3,7,Jul,27,Friday,42.11,$100-$500,1
ORD-00085,2024-07-05,West,Wholesale,Grace Lee,Apparel,Yoga Set,20,44.0,0.2,880.0,605.0,275.0,2024,3,7,Jul,27,Friday,31.25,$500-$2k,1
ORD-01581,2024-07-06,North,Online,Grace Lee,Food & Beverage,Green Tea Set,5,16.2,0.1,81.0,49.5,31.5,2024,3,7,Jul,27,Saturday,38.89,<$100,1
ORD-00843,2024-07-06,Central,In-Store,Henry Osei,Electronics,Laptop Pro 15,20,1200.0,0.0,24000.0,13200.0,10800.0,2024,3,7,Jul,27,Saturday,45.0,>$2k,1
ORD-00597,2024-07-06,North,Wholesale,Grace Lee,Electronics,4K Monitor,5,539.1,0.1,2695.5,1647.25,1048.25,2024,3,7,Jul,27,Saturday,38.89,>$2k,1
ORD-01770,2024-07-06,West,In-Store,Clara Diaz,Electronics,Wireless Earbuds,14,89.0,0.0,1246.0,685.3,560.7,2024,3,7,Jul,27,Saturday,45.0,$500-$2k,1
ORD-01044,2024-07-06,Central,Partner,David Kim,Apparel,Running Jacket,1,68.0,0.2,68.0,46.75,21.25,2024,3,7,Jul,27,Saturday,31.25,<$100,1
ORD-01823,2024-07-07,East,Online,Clara Diaz,Home & Garden,Planter Set,8,45.0,0.0,360.0,198.0,162.0,2024,3,7,Jul,27,Sunday,45.0,$100-$500,1
ORD-01218,2024-07-07,South,In-Store,David Kim,Sports,Foam Roller,16,25.5,0.15,408.0,264.0,144.0,2024,3,7,Jul,27,Sunday,35.29,$100-$500,1
ORD-00647,2024-07-07,East,Wholesale,Clara Diaz,Home & Garden,Planter Set,16,42.75,0.05,684.0,396.0,288.0,2024,3,7,Jul,27,Sunday,42.11,$500-$2k,1
ORD-01681,2024-07-08,West,Wholesale,Alice Morgan,Food & Beverage,Olive Oil 1L,20,16.0,0.0,320.0,176.0,144.0,2024,3,7,Jul,28,Monday,45.0,$100-$500,1
ORD-01611,2024-07-08,South,Online,Clara Diaz,Food & Beverage,Olive Oil 1L,9,14.4,0.1,129.6,79.2,50.4,2024,3,7,Jul,28,Monday,38.89,$100-$500,1
ORD-01346,2024-07-08,North,Online,David Kim,Electronics,Wireless Earbuds,10,89.0,0.0,890.0,489.5,400.5,2024,3,7,Jul,28,Monday,45.0,$500-$2k,1
ORD-01588,2024-07-08,Central,In-Store,Bob Chen,Food & Beverage,Olive Oil 1L,1,16.0,0.0,16.0,8.8,7.2,2024,3,7,Jul,28,Monday,45.0,<$100,1
ORD-01526,2024-07-09,East,Partner,Grace Lee,Home & Garden,Robot Vacuum,8,239.2,0.2,1913.6,1315.6,598.0,2024,3,7,Jul,28,Tuesday,31.25,$500-$2k,1
ORD-01979,2024-07-09,West,Partner,Grace Lee,Home & Garden,Air Purifier,16,169.15,0.15,2706.4,1751.2,955.2,2024,3,7,Jul,28,Tuesday,35.29,>$2k,1
ORD-01380,2024-07-09,West,Partner,Bob Chen,Sports,Protein Shaker,12,18.0,0.0,216.0,118.8,97.2,2024,3,7,Jul,28,Tuesday,45.0,$100-$500,1
ORD-00212,2024-07-11,Central,Online,Grace Lee,Electronics,Smart Watch,3,224.1,0.1,672.3,410.85,261.45,2024,3,7,Jul,28,Thursday,38.89,$500-$2k,1
ORD-00293,2024-07-11,West,Wholesale,David Kim,Electronics,Smart Watch,15,211.65,0.15,3174.75,2054.25,1120.5,2024,3,7,Jul,28,Thursday,35.29,>$2k,1
ORD-00105,2024-07-11,South,In-Store,Eva Patel,Home & Garden,Air Purifier,14,199.0,0.0,2786.0,1532.3,1253.7,2024,3,7,Jul,28,Thursday,45.0,>$2k,1
ORD-00961,2024-07-12,West,Wholesale,David Kim,Food & Beverage,Green Tea Set,4,18.0,0.0,72.0,39.6,32.4,2024,3,7,Jul,28,Friday,45.0,<$100,1
ORD-00072,2024-07-13,Central,In-Store,Henry Osei,Sports,Protein Shaker,18,15.3,0.15,275.4,178.2,97.2,2024,3,7,Jul,28,Saturday,35.29,$100-$500,1
ORD-00448,2024-07-13,West,Online,Henry Osei,Sports,Protein Shaker,13,18.0,0.0,234.0,128.7,105.3,2024,3,7,Jul,28,Saturday,45.0,$100-$500,1
ORD-01593,2024-07-13,North,Wholesale,David Kim,Electronics,4K Monitor,13,599.0,0.0,7787.0,4282.85,3504.15,2024,3,7,Jul,28,Saturday,45.0,>$2k,1
ORD-00133,2024-07-13,South,Online,Henry Osei,Electronics,4K Monitor,10,509.15,0.15,5091.5,3294.5,1797.0,2024,3,7,Jul,28,Saturday,35.29,>$2k,1
ORD-01134,2024-07-13,North,Partner,David Kim,Electronics,Smart Watch,17,224.1,0.1,3809.7,2328.15,1481.55,2024,3,7,Jul,28,Saturday,38.89,>$2k,1
ORD-00410,2024-07-13,South,In-Store,Alice Morgan,Home & Garden,Led Strip Kit,7,29.75,0.15,208.25,134.75,73.5,2024,3,7,Jul,28,Saturday,35.29,$100-$500,1
ORD-01810,2024-07-14,East,Wholesale,Frank Russo,Apparel,Denim Jeans,18,52.0,0.2,936.0,643.5,292.5,2024,3,7,Jul,28,Sunday,31.25,$500-$2k,1
ORD-00664,2024-07-16,Central,Online,Eva Patel,Home & Garden,Air Purifier,2,169.15,0.15,338.3,218.9,119.4,2024,3,7,Jul,29,Tuesday,35.29,$100-$500,1
ORD-01330,2024-07-16,West,Wholesale,David Kim,Apparel,Denim Jeans,13,61.75,0.05,802.75,464.75,338.0,2024,3,7,Jul,29,Tuesday,42.11,$500-$2k,1
ORD-00422,2024-07-17,South,Online,Henry Osei,Electronics,4K Monitor,15,539.1,0.1,8086.5,4941.75,3144.75,2024,3,7,Jul,29,Wednesday,38.89,>$2k,1
ORD-00092,2024-07-17,East,Partner,Henry Osei,Sports,Gym Bag,14,59.5,0.15,833.0,539.0,294.0,2024,3,7,Jul,29,Wednesday,35.29,$500-$2k,1
ORD-00606,2024-07-17,Central,Online,Clara Diaz,Food & Beverage,Olive Oil 1L,11,12.8,0.2,140.8,96.8,44.0,2024,3,7,Jul,29,Wednesday,31.25,$100-$500,1
ORD-00688,2024-07-17,East,Partner,Henry Osei,Food & Beverage,Protein Bars 12Pk,13,22.4,0.2,291.2,200.2,91.0,2024,3,7,Jul,29,Wednesday,31.25,$100-$500,1
ORD-01530,2024-07-18,East,Online,Henry Osei,Electronics,Laptop Pro 15,9,1080.0,0.1,9720.0,5940.0,3780.0,2024,3,7,Jul,29,Thursday,38.89,>$2k,1
ORD-01347,2024-07-18,South,Online,David Kim,Food & Beverage,Premium Coffee Blend,10,22.0,0.0,220.0,121.0,99.0,2024,3,7,Jul,29,Thursday,45.0,$100-$500,1
ORD-00238,2024-07-18,East,In-Store,Eva Patel,Electronics,Smart Watch,7,211.65,0.15,1481.55,958.65,522.9,2024,3,7,Jul,29,Thursday,35.29,$500-$2k,1
ORD-00233,2024-07-18,South,Online,Bob Chen,Home & Garden,Planter Set,15,36.0,0.2,540.0,371.25,168.75,2024,3,7,Jul,29,Thursday,31.25,$500-$2k,1
ORD-01718,2024-07-19,East,Online,David Kim,Apparel,Running Jacket,20,85.0,0.0,1700.0,935.0,765.0,2024,3,7,Jul,29,Friday,45.0,$500-$2k,1
ORD-00006,2024-07-19,East,Partner,David Kim,Sports,Foam Roller,13,30.0,0.0,390.0,214.5,175.5,2024,3,7,Jul,29,Friday,45.0,$100-$500,1
ORD-00016,2024-07-20,North,Online,Eva Patel,Sports,Protein Shaker,17,18.0,0.0,306.0,168.3,137.7,2024,3,7,Jul,29,Saturday,45.0,$100-$500,1
ORD-01582,2024-07-20,North,Online,David Kim,Electronics,Smart Watch,12,199.2,0.2,2390.4,1643.4,747.0,2024,3,7,Jul,29,Saturday,31.25,>$2k,1
ORD-01517,2024-07-20,South,Online,Frank Russo,Food & Beverage,Protein Bars 12Pk,10,23.8,0.15,238.0,154.0,84.0,2024,3,7,Jul,29,Saturday,35.29,$100-$500,1
ORD-01158,2024-07-20,North,Partner,Bob Chen,Apparel,Wool Sweater,14,88.0,0.2,1232.0,847.0,385.0,2024,3,7,Jul,29,Saturday,31.25,$500-$2k,1
ORD-01074,2024-07-21,Central,Online,David Kim,Sports,Resistance Bands,1,25.0,0.0,25.0,13.75,11.25,2024,3,7,Jul,29,Sunday,45.0,<$100,1
ORD-00188,2024-07-21,North,Wholesale,David Kim,Food & Beverage,Olive Oil 1L,15,14.4,0.1,216.0,132.0,84.0,2024,3,7,Jul,29,Sunday,38.89,$100-$500,1
ORD-00620,2024-07-21,South,Wholesale,Frank Russo,Electronics,4K Monitor,11,599.0,0.0,6589.0,3623.95,2965.05,2024,3,7,Jul,29,Sunday,45.0,>$2k,1
ORD-00565,2024-07-22,South,Online,Alice Morgan,Home & Garden,Planter Set,1,40.5,0.1,40.5,24.75,15.75,2024,3,7,Jul,30,Monday,38.89,<$100,1
ORD-00166,2024-07-23,East,Online,Eva Patel,Sports,Resistance Bands,4,25.0,0.0,100.0,55.0,45.0,2024,3,7,Jul,30,Tuesday,45.0,<$100,1
ORD-00740,2024-07-24,South,Online,Clara Diaz,Food & Beverage,Green Tea Set,20,15.3,0.15,306.0,198.0,108.0,2024,3,7,Jul,30,Wednesday,35.29,$100-$500,1
ORD-00603,2024-07-24,West,In-Store,Frank Russo,Sports,Resistance Bands,14,22.5,0.1,315.0,192.5,122.5,2024,3,7,Jul,30,Wednesday,38.89,$100-$500,1
ORD-00981,2024-07-24,North,Online,Frank Russo,Food & Beverage,Green Tea Set,3,18.0,0.0,54.0,29.7,24.3,2024,3,7,Jul,30,Wednesday,45.0,<$100,1
ORD-00681,2024-07-25,West,Partner,Alice Morgan,Electronics,4K Monitor,2,599.0,0.0,1198.0,658.9,539.1,2024,3,7,Jul,30,Thursday,45.0,$500-$2k,1
ORD-01827,2024-07-26,North,Partner,Henry Osei,Apparel,Running Jacket,18,80.75,0.05,1453.5,841.5,612.0,2024,3,7,Jul,30,Friday,42.11,$500-$2k,1
ORD-01343,2024-07-26,Central,Online,Henry Osei,Apparel,Wool Sweater,6,88.0,0.2,528.0,363.0,165.0,2024,3,7,Jul,30,Friday,31.25,$500-$2k,1
ORD-00528,2024-07-27,Central,Wholesale,Frank Russo,Electronics,Wireless Earbuds,15,89.0,0.0,1335.0,734.25,600.75,2024,3,7,Jul,30,Saturday,45.0,$500-$2k,1
ORD-00767,2024-07-27,Central,Online,David Kim,Home & Garden,Robot Vacuum,1,269.1,0.1,269.1,164.45,104.65,2024,3,7,Jul,30,Saturday,38.89,$100-$500,1
ORD-00636,2024-07-27,Central,Partner,Frank Russo,Home & Garden,Planter Set,12,45.0,0.0,540.0,297.0,243.0,2024,3,7,Jul,30,Saturday,45.0,$500-$2k,1
ORD-00787,2024-07-27,East,Online,Eva Patel,Home & Garden,Robot Vacuum,1,254.15,0.15,254.15,164.45,89.7,2024,3,7,Jul,30,Saturday,35.29,$100-$500,1
ORD-00013,2024-07-28,Central,Partner,Grace Lee,Home & Garden,Air Purifier,8,169.15,0.15,1353.2,875.6,477.6,2024,3,7,Jul,30,Sunday,35.29,$500-$2k,1
ORD-00262,2024-07-28,East,Wholesale,Grace Lee,Electronics,Wireless Earbuds,17,89.0,0.0,1513.0,832.15,680.85,2024,3,7,Jul,30,Sunday,45.0,$500-$2k,1
ORD-00167,2024-07-28,Central,Online,Eva Patel,Food & Beverage,Protein Bars 12Pk,14,22.4,0.2,313.6,215.6,98.0,2024,3,7,Jul,30,Sunday,31.25,$100-$500,1
ORD-00890,2024-07-28,North,In-Store,Henry Osei,Home & Garden,Planter Set,15,36.0,0.2,540.0,371.25,168.75,2024,3,7,Jul,30,Sunday,31.25,$500-$2k,1
ORD-01742,2024-07-29,North,Wholesale,David Kim,Apparel,Yoga Set,19,55.0,0.0,1045.0,574.75,470.25,2024,3,7,Jul,31,Monday,45.0,$500-$2k,1
ORD-01170,2024-07-29,South,In-Store,Grace Lee,Sports,Foam Roller,11,30.0,0.0,330.0,181.5,148.5,2024,3,7,Jul,31,Monday,45.0,$100-$500,1
ORD-00302,2024-07-29,West,Wholesale,Clara Diaz,Home & Garden,Air Purifier,15,199.0,0.0,2985.0,1641.75,1343.25,2024,3,7,Jul,31,Monday,45.0,>$2k,1
ORD-00099,2024-07-30,East,Online,David Kim,Food & Beverage,Premium Coffee Blend,5,22.0,0.0,110.0,60.5,49.5,2024,3,7,Jul,31,Tuesday,45.0,$100-$500,1
ORD-01975,2024-07-30,West,Wholesale,David Kim,Sports,Foam Roller,2,24.0,0.2,48.0,33.0,15.0,2024,3,7,Jul,31,Tuesday,31.25,<$100,1
ORD-01604,2024-07-31,South,In-Store,Eva Patel,Home & Garden,Planter Set,20,45.0,0.0,900.0,495.0,405.0,2024,3,7,Jul,31,Wednesday,45.0,$500-$2k,1
ORD-00323,2024-07-31,North,In-Store,Frank Russo,Electronics,Laptop Pro 15,9,1080.0,0.1,9720.0,5940.0,3780.0,2024,3,7,Jul,31,Wednesday,38.89,>$2k,1
ORD-00151,2024-08-01,South,Online,David Kim,Electronics,Smart Watch,8,249.0,0.0,1992.0,1095.6,896.4,2024,3,8,Aug,31,Thursday,45.0,$500-$2k,1
ORD-01803,2024-08-02,West,Wholesale,Alice Morgan,Electronics,4K Monitor,18,539.1,0.1,9703.8,5930.1,3773.7,2024,3,8,Aug,31,Friday,38.89,>$2k,1
ORD-00568,2024-08-03,North,Wholesale,Bob Chen,Apparel,Running Jacket,6,72.25,0.15,433.5,280.5,153.0,2024,3,8,Aug,31,Saturday,35.29,$100-$500,1
ORD-00975,2024-08-03,North,Online,Grace Lee,Apparel,Running Jacket,12,85.0,0.0,1020.0,561.0,459.0,2024,3,8,Aug,31,Saturday,45.0,$500-$2k,1
ORD-01873,2024-08-03,North,In-Store,Alice Morgan,Electronics,Laptop Pro 15,13,960.0,0.2,12480.0,8580.0,3900.0,2024,3,8,Aug,31,Saturday,31.25,>$2k,1
ORD-00946,2024-08-03,Central,Wholesale,Grace Lee,Food & Beverage,Green Tea Set,9,18.0,0.0,162.0,89.1,72.9,2024,3,8,Aug,31,Saturday,45.0,$100-$500,1
ORD-00795,2024-08-04,West,Partner,Bob Chen,Sports,Gym Bag,2,70.0,0.0,140.0,77.0,63.0,2024,3,8,Aug,31,Sunday,45.0,$100-$500,1
ORD-01821,2024-08-04,South,Wholesale,Clara Diaz,Sports,Protein Shaker,18,16.2,0.1,291.6,178.2,113.4,2024,3,8,Aug,31,Sunday,38.89,$100-$500,1
ORD-01885,2024-08-04,South,Partner,Clara Diaz,Sports,Foam Roller,7,28.5,0.05,199.5,115.5,84.0,2024,3,8,Aug,31,Sunday,42.11,$100-$500,1
ORD-00634,2024-08-04,North,Wholesale,Bob Chen,Home & Garden,Planter Set,18,36.0,0.2,648.0,445.5,202.5,2024,3,8,Aug,31,Sunday,31.25,$500-$2k,1
ORD-01839,2024-08-04,Central,Partner,Bob Chen,Sports,Gym Bag,1,56.0,0.2,56.0,38.5,17.5,2024,3,8,Aug,31,Sunday,31.25,<$100,1
ORD-01007,2024-08-05,East,Partner,Eva Patel,Sports,Foam Roller,15,25.5,0.15,382.5,247.5,135.0,2024,3,8,Aug,32,Monday,35.29,$100-$500,1
ORD-00058,2024-08-05,East,Wholesale,Alice Morgan,Sports,Protein Shaker,6,16.2,0.1,97.2,59.4,37.8,2024,3,8,Aug,32,Monday,38.89,<$100,1
ORD-01862,2024-08-06,East,Online,Bob Chen,Home & Garden,Planter Set,10,36.0,0.2,360.0,247.5,112.5,2024,3,8,Aug,32,Tuesday,31.25,$100-$500,1
ORD-01830,2024-08-06,Central,Wholesale,Clara Diaz,Home & Garden,Planter Set,11,45.0,0.0,495.0,272.25,222.75,2024,3,8,Aug,32,Tuesday,45.0,$100-$500,1
ORD-00311,2024-08-06,South,Wholesale,Frank Russo,Apparel,Yoga Set,8,52.25,0.05,418.0,242.0,176.0,2024,3,8,Aug,32,Tuesday,42.11,$100-$500,1
ORD-01313,2024-08-06,West,In-Store,Eva Patel,Sports,Resistance Bands,6,25.0,0.0,150.0,82.5,67.5,2024,3,8,Aug,32,Tuesday,45.0,$100-$500,1
ORD-00251,2024-08-06,Central,In-Store,Frank Russo,Home & Garden,Robot Vacuum,13,299.0,0.0,3887.0,2137.85,1749.15,2024,3,8,Aug,32,Tuesday,45.0,>$2k,1
ORD-01730,2024-08-07,South,Partner,Clara Diaz,Electronics,Smart Watch,20,249.0,0.0,4980.0,2739.0,2241.0,2024,3,8,Aug,32,Wednesday,45.0,>$2k,1
ORD-00993,2024-08-07,South,Wholesale,Bob Chen,Food & Beverage,Premium Coffee Blend,17,17.6,0.2,299.2,205.7,93.5,2024,3,8,Aug,32,Wednesday,31.25,$100-$500,1
ORD-00861,2024-08-07,Central,Online,Henry Osei,Home & Garden,Air Purifier,15,159.2,0.2,2388.0,1641.75,746.25,2024,3,8,Aug,32,Wednesday,31.25,>$2k,1
ORD-01894,2024-08-08,South,Wholesale,Alice Morgan,Electronics,Smart Watch,15,224.1,0.1,3361.5,2054.25,1307.25,2024,3,8,Aug,32,Thursday,38.89,>$2k,1
ORD-01779,2024-08-08,West,Wholesale,Frank Russo,Apparel,Wool Sweater,11,110.0,0.0,1210.0,665.5,544.5,2024,3,8,Aug,32,Thursday,45.0,$500-$2k,1
ORD-00280,2024-08-09,North,Partner,Frank Russo,Home & Garden,Planter Set,10,40.5,0.1,405.0,247.5,157.5,2024,3,8,Aug,32,Friday,38.89,$100-$500,1
ORD-00800,2024-08-09,North,Partner,Alice Morgan,Electronics,4K Monitor,19,599.0,0.0,11381.0,6259.55,5121.45,2024,3,8,Aug,32,Friday,45.0,>$2k,1
ORD-01200,2024-08-09,East,In-Store,Eva Patel,Sports,Foam Roller,4,25.5,0.15,102.0,66.0,36.0,2024,3,8,Aug,32,Friday,35.29,$100-$500,1
ORD-01059,2024-08-09,East,Wholesale,Frank Russo,Electronics,Laptop Pro 15,14,1140.0,0.05,15960.0,9240.0,6720.0,2024,3,8,Aug,32,Friday,42.11,>$2k,1
ORD-00511,2024-08-10,West,In-Store,Bob Chen,Electronics,Laptop Pro 15,4,960.0,0.2,3840.0,2640.0,1200.0,2024,3,8,Aug,32,Saturday,31.25,>$2k,1
ORD-00426,2024-08-10,West,Wholesale,Henry Osei,Electronics,4K Monitor,2,599.0,0.0,1198.0,658.9,539.1,2024,3,8,Aug,32,Saturday,45.0,$500-$2k,1
ORD-01676,2024-08-10,West,In-Store,Grace Lee,Home & Garden,Air Purifier,2,199.0,0.0,398.0,218.9,179.1,2024,3,8,Aug,32,Saturday,45.0,$100-$500,1
ORD-00266,2024-08-10,Central,Wholesale,Grace Lee,Home & Garden,Planter Set,10,45.0,0.0,450.0,247.5,202.5,2024,3,8,Aug,32,Saturday,45.0,$100-$500,1
ORD-00857,2024-08-10,North,Wholesale,Alice Morgan,Food & Beverage,Protein Bars 12Pk,19,28.0,0.0,532.0,292.6,239.4,2024,3,8,Aug,32,Saturday,45.0,$500-$2k,1
ORD-01841,2024-08-10,South,Wholesale,Clara Diaz,Electronics,Wireless Earbuds,20,89.0,0.0,1780.0,979.0,801.0,2024,3,8,Aug,32,Saturday,45.0,$500-$2k,1
ORD-00883,2024-08-10,South,Wholesale,Frank Russo,Home & Garden,Led Strip Kit,10,28.0,0.2,280.0,192.5,87.5,2024,3,8,Aug,32,Saturday,31.25,$100-$500,1
ORD-00747,2024-08-11,Central,Partner,Clara Diaz,Food & Beverage,Green Tea Set,9,16.2,0.1,145.8,89.1,56.7,2024,3,8,Aug,32,Sunday,38.89,$100-$500,1
ORD-00822,2024-08-11,North,Wholesale,Henry Osei,Home & Garden,Air Purifier,11,189.05,0.05,2079.55,1203.95,875.6,2024,3,8,Aug,32,Sunday,42.11,>$2k,1
ORD-00614,2024-08-11,North,Partner,Clara Diaz,Food & Beverage,Protein Bars 12Pk,15,26.6,0.05,399.0,231.0,168.0,2024,3,8,Aug,32,Sunday,42.11,$100-$500,1
ORD-00616,2024-08-11,East,Wholesale,Grace Lee,Food & Beverage,Green Tea Set,18,14.4,0.2,259.2,178.2,81.0,2024,3,8,Aug,32,Sunday,31.25,$100-$500,1
ORD-01235,2024-08-12,North,In-Store,Grace Lee,Apparel,Denim Jeans,1,65.0,0.0,65.0,35.75,29.25,2024,3,8,Aug,33,Monday,45.0,<$100,1
ORD-01983,2024-08-12,North,Partner,Clara Diaz,Electronics,Laptop Pro 15,17,1200.0,0.0,20400.0,11220.0,9180.0,2024,3,8,Aug,33,Monday,45.0,>$2k,1
ORD-01154,2024-08-12,North,Online,Eva Patel,Food & Beverage,Olive Oil 1L,15,15.2,0.05,228.0,132.0,96.0,2024,3,8,Aug,33,Monday,42.11,$100-$500,1
ORD-01500,2024-08-12,South,Partner,Grace Lee,Apparel,Yoga Set,3,49.5,0.1,148.5,90.75,57.75,2024,3,8,Aug,33,Monday,38.89,$100-$500,1
ORD-01913,2024-08-12,South,Online,Bob Chen,Apparel,Yoga Set,5,49.5,0.1,247.5,151.25,96.25,2024,3,8,Aug,33,Monday,38.89,$100-$500,1
ORD-00631,2024-08-12,South,Online,Eva Patel,Sports,Resistance Bands,19,25.0,0.0,475.0,261.25,213.75,2024,3,8,Aug,33,Monday,45.0,$100-$500,1
ORD-00625,2024-08-13,South,Online,Grace Lee,Apparel,Yoga Set,13,55.0,0.0,715.0,393.25,321.75,2024,3,8,Aug,33,Tuesday,45.0,$500-$2k,1
ORD-00794,2024-08-14,West,In-Store,Eva Patel,Apparel,Wool Sweater,20,110.0,0.0,2200.0,1210.0,990.0,2024,3,8,Aug,33,Wednesday,45.0,>$2k,1
ORD-00165,2024-08-14,Central,In-Store,Clara Diaz,Food & Beverage,Green Tea Set,12,18.0,0.0,216.0,118.8,97.2,2024,3,8,Aug,33,Wednesday,45.0,$100-$500,1
ORD-00604,2024-08-14,East,Wholesale,Clara Diaz,Food & Beverage,Olive Oil 1L,9,16.0,0.0,144.0,79.2,64.8,2024,3,8,Aug,33,Wednesday,45.0,$100-$500,1
ORD-01697,2024-08-14,West,Wholesale,David Kim,Home & Garden,Robot Vacuum,1,299.0,0.0,299.0,164.45,134.55,2024,3,8,Aug,33,Wednesday,45.0,$100-$500,1
ORD-01464,2024-08-15,South,In-Store,Eva Patel,Food & Beverage,Olive Oil 1L,11,12.8,0.2,140.8,96.8,44.0,2024,3,8,Aug,33,Thursday,31.25,$100-$500,1
ORD-01455,2024-08-16,Central,Partner,Bob Chen,Home & Garden,Planter Set,7,45.0,0.0,315.0,173.25,141.75,2024,3,8,Aug,33,Friday,45.0,$100-$500,1
ORD-00034,2024-08-16,Central,Online,Frank Russo,Apparel,Yoga Set,7,55.0,0.0,385.0,211.75,173.25,2024,3,8,Aug,33,Friday,45.0,$100-$500,1
ORD-00059,2024-08-16,Central,Partner,Henry Osei,Home & Garden,Planter Set,7,42.75,0.05,299.25,173.25,126.0,2024,3,8,Aug,33,Friday,42.11,$100-$500,1
ORD-00310,2024-08-16,West,Partner,Clara Diaz,Electronics,Smart Watch,18,224.1,0.1,4033.8,2465.1,1568.7,2024,3,8,Aug,33,Friday,38.89,>$2k,1
ORD-00867,2024-08-17,South,In-Store,Frank Russo,Food & Beverage,Premium Coffee Blend,16,18.7,0.15,299.2,193.6,105.6,2024,3,8,Aug,33,Saturday,35.29,$100-$500,1
ORD-01233,2024-08-17,North,Partner,Henry Osei,Electronics,Wireless Earbuds,11,71.2,0.2,783.2,538.45,244.75,2024,3,8,Aug,33,Saturday,31.25,$500-$2k,1
ORD-01311,2024-08-18,West,In-Store,Henry Osei,Apparel,Yoga Set,9,55.0,0.0,495.0,272.25,222.75,2024,3,8,Aug,33,Sunday,45.0,$100-$500,1
ORD-00214,2024-08-18,East,In-Store,Alice Morgan,Home & Garden,Air Purifier,4,159.2,0.2,636.8,437.8,199.0,2024,3,8,Aug,33,Sunday,31.25,$500-$2k,1
ORD-00345,2024-08-19,West,Wholesale,Alice Morgan,Electronics,4K Monitor,20,569.05,0.05,11381.0,6589.0,4792.0,2024,3,8,Aug,34,Monday,42.11,>$2k,1
ORD-01540,2024-08-19,North,In-Store,Grace Lee,Food & Beverage,Green Tea Set,7,17.1,0.05,119.7,69.3,50.4,2024,3,8,Aug,34,Monday,42.11,$100-$500,1
ORD-00979,2024-08-19,West,Online,Alice Morgan,Apparel,Wool Sweater,8,110.0,0.0,880.0,484.0,396.0,2024,3,8,Aug,34,Monday,45.0,$500-$2k,1
ORD-00193,2024-08-19,South,Partner,Eva Patel,Food & Beverage,Protein Bars 12Pk,11,28.0,0.0,308.0,169.4,138.6,2024,3,8,Aug,34,Monday,45.0,$100-$500,1
ORD-00810,2024-08-21,West,Wholesale,David Kim,Home & Garden,Robot Vacuum,9,254.15,0.15,2287.35,1480.05,807.3,2024,3,8,Aug,34,Wednesday,35.29,>$2k,1
ORD-00433,2024-08-21,South,In-Store,Bob Chen,Electronics,4K Monitor,17,599.0,0.0,10183.0,5600.65,4582.35,2024,3,8,Aug,34,Wednesday,45.0,>$2k,1
ORD-01426,2024-08-21,West,Wholesale,Bob Chen,Apparel,Yoga Set,5,44.0,0.2,220.0,151.25,68.75,2024,3,8,Aug,34,Wednesday,31.25,$100-$500,1
ORD-01639,2024-08-22,West,In-Store,David Kim,Home & Garden,Led Strip Kit,6,35.0,0.0,210.0,115.5,94.5,2024,3,8,Aug,34,Thursday,45.0,$100-$500,1
ORD-00850,2024-08-22,West,Online,Grace Lee,Sports,Resistance Bands,3,23.75,0.05,71.25,41.25,30.0,2024,3,8,Aug,34,Thursday,42.11,<$100,1
ORD-00534,2024-08-22,West,In-Store,Clara Diaz,Electronics,Laptop Pro 15,18,1140.0,0.05,20520.0,11880.0,8640.0,2024,3,8,Aug,34,Thursday,42.11,>$2k,1
ORD-01794,2024-08-22,South,In-Store,Henry Osei,Home & Garden,Air Purifier,13,199.0,0.0,2587.0,1422.85,1164.15,2024,3,8,Aug,34,Thursday,45.0,>$2k,1
ORD-00110,2024-08-22,West,Wholesale,Bob Chen,Sports,Protein Shaker,9,18.0,0.0,162.0,89.1,72.9,2024,3,8,Aug,34,Thursday,45.0,$100-$500,1
ORD-01117,2024-08-22,East,Online,Alice Morgan,Home & Garden,Led Strip Kit,7,29.75,0.15,208.25,134.75,73.5,2024,3,8,Aug,34,Thursday,35.29,$100-$500,1
ORD-00424,2024-08-23,East,Online,Alice Morgan,Sports,Gym Bag,3,63.0,0.1,189.0,115.5,73.5,2024,3,8,Aug,34,Friday,38.89,$100-$500,1
ORD-00612,2024-08-23,South,Online,Bob Chen,Sports,Gym Bag,13,66.5,0.05,864.5,500.5,364.0,2024,3,8,Aug,34,Friday,42.11,$500-$2k,1
ORD-01105,2024-08-24,South,Online,Bob Chen,Electronics,4K Monitor,17,599.0,0.0,10183.0,5600.65,4582.35,2024,3,8,Aug,34,Saturday,45.0,>$2k,1
ORD-01918,2024-08-25,East,Online,Eva Patel,Sports,Foam Roller,3,30.0,0.0,90.0,49.5,40.5,2024,3,8,Aug,34,Sunday,45.0,<$100,1
ORD-00466,2024-08-25,Central,Online,Bob Chen,Sports,Resistance Bands,5,22.5,0.1,112.5,68.75,43.75,2024,3,8,Aug,34,Sunday,38.89,$100-$500,1
ORD-01051,2024-08-25,Central,Wholesale,Eva Patel,Electronics,Smart Watch,17,236.55,0.05,4021.35,2328.15,1693.2,2024,3,8,Aug,34,Sunday,42.11,>$2k,1
ORD-00024,2024-08-25,Central,In-Store,David Kim,Apparel,Running Jacket,11,85.0,0.0,935.0,514.25,420.75,2024,3,8,Aug,34,Sunday,45.0,$500-$2k,1
ORD-01519,2024-08-25,West,Partner,Bob Chen,Sports,Foam Roller,9,30.0,0.0,270.0,148.5,121.5,2024,3,8,Aug,34,Sunday,45.0,$100-$500,1
ORD-01057,2024-08-26,West,Online,Eva Patel,Sports,Foam Roller,5,30.0,0.0,150.0,82.5,67.5,2024,3,8,Aug,35,Monday,45.0,$100-$500,1
ORD-00916,2024-08-26,South,Wholesale,Bob Chen,Food & Beverage,Olive Oil 1L,12,13.6,0.15,163.2,105.6,57.6,2024,3,8,Aug,35,Monday,35.29,$100-$500,1
ORD-01554,2024-08-26,Central,Online,Clara Diaz,Sports,Resistance Bands,6,21.25,0.15,127.5,82.5,45.0,2024,3,8,Aug,35,Monday,35.29,$100-$500,1
ORD-00442,2024-08-26,South,Wholesale,Eva Patel,Food & Beverage,Green Tea Set,8,15.3,0.15,122.4,79.2,43.2,2024,3,8,Aug,35,Monday,35.29,$100-$500,1
ORD-00788,2024-08-27,West,Partner,Grace Lee,Electronics,Wireless Earbuds,14,75.65,0.15,1059.1,685.3,373.8,2024,3,8,Aug,35,Tuesday,35.29,$500-$2k,1
ORD-00124,2024-08-27,East,Online,Henry Osei,Sports,Foam Roller,5,27.0,0.1,135.0,82.5,52.5,2024,3,8,Aug,35,Tuesday,38.89,$100-$500,1
ORD-00299,2024-08-28,South,Wholesale,Henry Osei,Home & Garden,Planter Set,2,40.5,0.1,81.0,49.5,31.5,2024,3,8,Aug,35,Wednesday,38.89,<$100,1
ORD-01223,2024-08-29,South,Online,Frank Russo,Electronics,Laptop Pro 15,11,1020.0,0.15,11220.0,7260.0,3960.0,2024,3,8,Aug,35,Thursday,35.29,>$2k,1
ORD-01613,2024-08-29,Central,Partner,Henry Osei,Food & Beverage,Olive Oil 1L,11,14.4,0.1,158.4,96.8,61.6,2024,3,8,Aug,35,Thursday,38.89,$100-$500,1
ORD-01648,2024-08-30,North,In-Store,Clara Diaz,Sports,Gym Bag,19,66.5,0.05,1263.5,731.5,532.0,2024,3,8,Aug,35,Friday,42.11,$500-$2k,1
ORD-00875,2024-08-30,Central,Wholesale,Henry Osei,Food & Beverage,Green Tea Set,11,17.1,0.05,188.1,108.9,79.2,2024,3,8,Aug,35,Friday,42.11,$100-$500,1
ORD-00484,2024-08-31,Central,Partner,Eva Patel,Electronics,Smart Watch,18,211.65,0.15,3809.7,2465.1,1344.6,2024,3,8,Aug,35,Saturday,35.29,>$2k,1
ORD-01260,2024-08-31,West,Wholesale,Clara Diaz,Apparel,Yoga Set,18,49.5,0.1,891.0,544.5,346.5,2024,3,8,Aug,35,Saturday,38.89,$500-$2k,1
ORD-01336,2024-08-31,South,Online,Clara Diaz,Food & Beverage,Premium Coffee Blend,16,17.6,0.2,281.6,193.6,88.0,2024,3,8,Aug,35,Saturday,31.25,$100-$500,1
ORD-00036,2024-09-01,North,In-Store,Grace Lee,Food & Beverage,Premium Coffee Blend,6,22.0,0.0,132.0,72.6,59.4,2024,3,9,Sep,35,Sunday,45.0,$100-$500,1
ORD-00054,2024-09-02,West,Partner,Frank Russo,Food & Beverage,Green Tea Set,2,18.0,0.0,36.0,19.8,16.2,2024,3,9,Sep,36,Monday,45.0,<$100,1
ORD-00432,2024-09-03,South,Online,Eva Patel,Home & Garden,Air Purifier,1,199.0,0.0,199.0,109.45,89.55,2024,3,9,Sep,36,Tuesday,45.0,$100-$500,1
ORD-01374,2024-09-03,South,Online,Clara Diaz,Food & Beverage,Olive Oil 1L,1,14.4,0.1,14.4,8.8,5.6,2024,3,9,Sep,36,Tuesday,38.89,<$100,1
ORD-01976,2024-09-04,East,Wholesale,Henry Osei,Electronics,Smart Watch,12,249.0,0.0,2988.0,1643.4,1344.6,2024,3,9,Sep,36,Wednesday,45.0,>$2k,1
ORD-01668,2024-09-05,East,Partner,Grace Lee,Sports,Protein Shaker,12,18.0,0.0,216.0,118.8,97.2,2024,3,9,Sep,36,Thursday,45.0,$100-$500,1
ORD-00610,2024-09-05,Central,In-Store,Clara Diaz,Apparel,Yoga Set,7,55.0,0.0,385.0,211.75,173.25,2024,3,9,Sep,36,Thursday,45.0,$100-$500,1
ORD-01930,2024-09-05,South,Partner,Frank Russo,Food & Beverage,Olive Oil 1L,20,16.0,0.0,320.0,176.0,144.0,2024,3,9,Sep,36,Thursday,45.0,$100-$500,1
ORD-01082,2024-09-05,East,Online,Clara Diaz,Home & Garden,Planter Set,7,42.75,0.05,299.25,173.25,126.0,2024,3,9,Sep,36,Thursday,42.11,$100-$500,1
ORD-00673,2024-09-05,Central,In-Store,Bob Chen,Home & Garden,Led Strip Kit,9,28.0,0.2,252.0,173.25,78.75,2024,3,9,Sep,36,Thursday,31.25,$100-$500,1
ORD-00920,2024-09-06,East,Wholesale,David Kim,Electronics,4K Monitor,10,569.05,0.05,5690.5,3294.5,2396.0,2024,3,9,Sep,36,Friday,42.11,>$2k,1
ORD-00535,2024-09-06,Central,Partner,Grace Lee,Apparel,Running Jacket,13,72.25,0.15,939.25,607.75,331.5,2024,3,9,Sep,36,Friday,35.29,$500-$2k,1
ORD-01859,2024-09-06,North,Wholesale,Alice Morgan,Home & Garden,Air Purifier,16,199.0,0.0,3184.0,1751.2,1432.8,2024,3,9,Sep,36,Friday,45.0,>$2k,1
ORD-01227,2024-09-07,East,In-Store,Alice Morgan,Apparel,Wool Sweater,15,110.0,0.0,1650.0,907.5,742.5,2024,3,9,Sep,36,Saturday,45.0,$500-$2k,1
ORD-01221,2024-09-07,North,Partner,Grace Lee,Electronics,Smart Watch,8,224.1,0.1,1792.8,1095.6,697.2,2024,3,9,Sep,36,Saturday,38.89,$500-$2k,1
ORD-01755,2024-09-08,North,In-Store,Frank Russo,Apparel,Running Jacket,1,76.5,0.1,76.5,46.75,29.75,2024,3,9,Sep,36,Sunday,38.89,<$100,1
ORD-01799,2024-09-09,Central,Partner,David Kim,Food & Beverage,Premium Coffee Blend,3,18.7,0.15,56.1,36.3,19.8,2024,3,9,Sep,37,Monday,35.29,<$100,1
ORD-00274,2024-09-09,North,Partner,Eva Patel,Electronics,Laptop Pro 15,10,1080.0,0.1,10800.0,6600.0,4200.0,2024,3,9,Sep,37,Monday,38.89,>$2k,1
ORD-01144,2024-09-09,Central,Wholesale,Grace Lee,Apparel,Yoga Set,19,46.75,0.15,888.25,574.75,313.5,2024,3,9,Sep,37,Monday,35.29,$500-$2k,1
ORD-01475,2024-09-10,North,Online,David Kim,Electronics,Laptop Pro 15,1,1200.0,0.0,1200.0,660.0,540.0,2024,3,9,Sep,37,Tuesday,45.0,$500-$2k,1
ORD-00854,2024-09-10,South,In-Store,David Kim,Apparel,Yoga Set,8,55.0,0.0,440.0,242.0,198.0,2024,3,9,Sep,37,Tuesday,45.0,$100-$500,1
ORD-00717,2024-09-11,East,Wholesale,Clara Diaz,Apparel,Denim Jeans,14,65.0,0.0,910.0,500.5,409.5,2024,3,9,Sep,37,Wednesday,45.0,$500-$2k,1
ORD-01618,2024-09-11,South,In-Store,Eva Patel,Food & Beverage,Green Tea Set,17,18.0,0.0,306.0,168.3,137.7,2024,3,9,Sep,37,Wednesday,45.0,$100-$500,1
ORD-01295,2024-09-11,East,In-Store,Eva Patel,Home & Garden,Planter Set,19,40.5,0.1,769.5,470.25,299.25,2024,3,9,Sep,37,Wednesday,38.89,$500-$2k,1
ORD-01402,2024-09-12,North,Online,Clara Diaz,Food & Beverage,Green Tea Set,4,18.0,0.0,72.0,39.6,32.4,2024,3,9,Sep,37,Thursday,45.0,<$100,1
ORD-01589,2024-09-12,East,Partner,Grace Lee,Food & Beverage,Olive Oil 1L,7,12.8,0.2,89.6,61.6,28.0,2024,3,9,Sep,37,Thursday,31.25,<$100,1
ORD-00390,2024-09-13,Central,In-Store,Grace Lee,Electronics,Smart Watch,7,224.1,0.1,1568.7,958.65,610.05,2024,3,9,Sep,37,Friday,38.89,$500-$2k,1
ORD-01216,2024-09-13,South,In-Store,Alice Morgan,Sports,Foam Roller,13,30.0,0.0,390.0,214.5,175.5,2024,3,9,Sep,37,Friday,45.0,$100-$500,1
ORD-01537,2024-09-13,East,Partner,Grace Lee,Home & Garden,Air Purifier,1,199.0,0.0,199.0,109.45,89.55,2024,3,9,Sep,37,Friday,45.0,$100-$500,1
ORD-01739,2024-09-13,Central,Wholesale,Alice Morgan,Sports,Protein Shaker,8,18.0,0.0,144.0,79.2,64.8,2024,3,9,Sep,37,Friday,45.0,$100-$500,1
ORD-00022,2024-09-13,West,In-Store,David Kim,Sports,Resistance Bands,9,22.5,0.1,202.5,123.75,78.75,2024,3,9,Sep,37,Friday,38.89,$100-$500,1
ORD-00080,2024-09-13,North,In-Store,Eva Patel,Home & Garden,Planter Set,6,40.5,0.1,243.0,148.5,94.5,2024,3,9,Sep,37,Friday,38.89,$100-$500,1
ORD-00158,2024-09-14,South,Online,Clara Diaz,Sports,Foam Roller,3,30.0,0.0,90.0,49.5,40.5,2024,3,9,Sep,37,Saturday,45.0,<$100,1
ORD-01552,2024-09-15,Central,Online,Alice Morgan,Electronics,Smart Watch,11,224.1,0.1,2465.1,1506.45,958.65,2024,3,9,Sep,37,Sunday,38.89,>$2k,1
ORD-00833,2024-09-17,South,Online,Bob Chen,Electronics,Smart Watch,4,236.55,0.05,946.2,547.8,398.4,2024,3,9,Sep,38,Tuesday,42.11,$500-$2k,1
ORD-01031,2024-09-17,Central,Online,Alice Morgan,Sports,Protein Shaker,4,18.0,0.0,72.0,39.6,32.4,2024,3,9,Sep,38,Tuesday,45.0,<$100,1
ORD-00722,2024-09-18,Central,Partner,David Kim,Electronics,Wireless Earbuds,6,89.0,0.0,534.0,293.7,240.3,2024,3,9,Sep,38,Wednesday,45.0,$500-$2k,1
ORD-01308,2024-09-18,East,Partner,Alice Morgan,Electronics,Smart Watch,5,236.55,0.05,1182.75,684.75,498.0,2024,3,9,Sep,38,Wednesday,42.11,$500-$2k,1
ORD-00229,2024-09-18,East,Wholesale,David Kim,Home & Garden,Planter Set,15,45.0,0.0,675.0,371.25,303.75,2024,3,9,Sep,38,Wednesday,45.0,$500-$2k,1
ORD-00973,2024-09-18,South,Online,Henry Osei,Electronics,Laptop Pro 15,18,1020.0,0.15,18360.0,11880.0,6480.0,2024,3,9,Sep,38,Wednesday,35.29,>$2k,1
ORD-01844,2024-09-19,East,Wholesale,Grace Lee,Sports,Resistance Bands,20,25.0,0.0,500.0,275.0,225.0,2024,3,9,Sep,38,Thursday,45.0,$100-$500,1
ORD-01155,2024-09-19,South,Wholesale,David Kim,Sports,Gym Bag,10,66.5,0.05,665.0,385.0,280.0,2024,3,9,Sep,38,Thursday,42.11,$500-$2k,1
ORD-01215,2024-09-19,North,Partner,Grace Lee,Apparel,Wool Sweater,13,93.5,0.15,1215.5,786.5,429.0,2024,3,9,Sep,38,Thursday,35.29,$500-$2k,1
ORD-00628,2024-09-19,East,In-Store,Eva Patel,Food & Beverage,Premium Coffee Blend,11,22.0,0.0,242.0,133.1,108.9,2024,3,9,Sep,38,Thursday,45.0,$100-$500,1
ORD-01887,2024-09-19,Central,Online,Bob Chen,Sports,Gym Bag,20,56.0,0.2,1120.0,770.0,350.0,2024,3,9,Sep,38,Thursday,31.25,$500-$2k,1
ORD-01628,2024-09-20,North,Partner,Frank Russo,Food & Beverage,Green Tea Set,7,15.3,0.15,107.1,69.3,37.8,2024,3,9,Sep,38,Friday,35.29,$100-$500,1
ORD-00327,2024-09-20,Central,Wholesale,Frank Russo,Apparel,Running Jacket,11,76.5,0.1,841.5,514.25,327.25,2024,3,9,Sep,38,Friday,38.89,$500-$2k,1
ORD-00438,2024-09-20,South,In-Store,Frank Russo,Food & Beverage,Olive Oil 1L,1,16.0,0.0,16.0,8.8,7.2,2024,3,9,Sep,38,Friday,45.0,<$100,1
ORD-00579,2024-09-20,South,In-Store,Henry Osei,Home & Garden,Robot Vacuum,8,239.2,0.2,1913.6,1315.6,598.0,2024,3,9,Sep,38,Friday,31.25,$500-$2k,1
ORD-00451,2024-09-20,West,Online,Grace Lee,Electronics,Laptop Pro 15,11,1080.0,0.1,11880.0,7260.0,4620.0,2024,3,9,Sep,38,Friday,38.89,>$2k,1
ORD-00428,2024-09-20,Central,In-Store,Eva Patel,Home & Garden,Led Strip Kit,5,35.0,0.0,175.0,96.25,78.75,2024,3,9,Sep,38,Friday,45.0,$100-$500,1
ORD-00596,2024-09-21,Central,Online,Bob Chen,Food & Beverage,Premium Coffee Blend,6,20.9,0.05,125.4,72.6,52.8,2024,3,9,Sep,38,Saturday,42.11,$100-$500,1
ORD-00834,2024-09-22,South,Online,David Kim,Electronics,4K Monitor,20,479.2,0.2,9584.0,6589.0,2995.0,2024,3,9,Sep,38,Sunday,31.25,>$2k,1
ORD-01865,2024-09-22,East,Wholesale,Clara Diaz,Electronics,Laptop Pro 15,8,1140.0,0.05,9120.0,5280.0,3840.0,2024,3,9,Sep,38,Sunday,42.11,>$2k,1
ORD-00246,2024-09-22,West,In-Store,Clara Diaz,Electronics,Smart Watch,13,199.2,0.2,2589.6,1780.35,809.25,2024,3,9,Sep,38,Sunday,31.25,>$2k,1
ORD-01123,2024-09-22,Central,In-Store,Eva Patel,Home & Garden,Led Strip Kit,8,35.0,0.0,280.0,154.0,126.0,2024,3,9,Sep,38,Sunday,45.0,$100-$500,1
ORD-00571,2024-09-23,East,In-Store,Frank Russo,Home & Garden,Led Strip Kit,15,35.0,0.0,525.0,288.75,236.25,2024,3,9,Sep,39,Monday,45.0,$500-$2k,1
ORD-01267,2024-09-23,South,Online,Grace Lee,Sports,Foam Roller,13,30.0,0.0,390.0,214.5,175.5,2024,3,9,Sep,39,Monday,45.0,$100-$500,1
ORD-01288,2024-09-23,South,Online,Alice Morgan,Apparel,Denim Jeans,14,65.0,0.0,910.0,500.5,409.5,2024,3,9,Sep,39,Monday,45.0,$500-$2k,1
ORD-00552,2024-09-25,Central,Wholesale,Alice Morgan,Home & Garden,Planter Set,7,36.0,0.2,252.0,173.25,78.75,2024,3,9,Sep,39,Wednesday,31.25,$100-$500,1
ORD-00329,2024-09-25,East,In-Store,Bob Chen,Apparel,Wool Sweater,3,88.0,0.2,264.0,181.5,82.5,2024,3,9,Sep,39,Wednesday,31.25,$100-$500,1
ORD-00100,2024-09-25,South,Wholesale,Henry Osei,Electronics,4K Monitor,20,539.1,0.1,10782.0,6589.0,4193.0,2024,3,9,Sep,39,Wednesday,38.89,>$2k,1
ORD-00318,2024-09-26,Central,Partner,Frank Russo,Electronics,Wireless Earbuds,8,89.0,0.0,712.0,391.6,320.4,2024,3,9,Sep,39,Thursday,45.0,$500-$2k,1
ORD-00675,2024-09-26,East,In-Store,Frank Russo,Electronics,4K Monitor,6,599.0,0.0,3594.0,1976.7,1617.3,2024,3,9,Sep,39,Thursday,45.0,>$2k,1
ORD-01077,2024-09-27,East,In-Store,Alice Morgan,Electronics,Laptop Pro 15,15,960.0,0.2,14400.0,9900.0,4500.0,2024,3,9,Sep,39,Friday,31.25,>$2k,1
ORD-01938,2024-09-27,West,In-Store,Eva Patel,Electronics,Smart Watch,12,199.2,0.2,2390.4,1643.4,747.0,2024,3,9,Sep,39,Friday,31.25,>$2k,1
ORD-01107,2024-09-27,West,In-Store,David Kim,Home & Garden,Led Strip Kit,16,29.75,0.15,476.0,308.0,168.0,2024,3,9,Sep,39,Friday,35.29,$100-$500,1
ORD-01432,2024-09-27,Central,In-Store,Grace Lee,Home & Garden,Led Strip Kit,15,28.0,0.2,420.0,288.75,131.25,2024,3,9,Sep,39,Friday,31.25,$100-$500,1
ORD-01523,2024-09-28,West,Wholesale,Alice Morgan,Food & Beverage,Protein Bars 12Pk,1,28.0,0.0,28.0,15.4,12.6,2024,3,9,Sep,39,Saturday,45.0,<$100,1
ORD-01857,2024-09-28,East,Wholesale,Eva Patel,Apparel,Denim Jeans,20,65.0,0.0,1300.0,715.0,585.0,2024,3,9,Sep,39,Saturday,45.0,$500-$2k,1
ORD-00929,2024-09-28,Central,Online,Bob Chen,Sports,Gym Bag,5,70.0,0.0,350.0,192.5,157.5,2024,3,9,Sep,39,Saturday,45.0,$100-$500,1
ORD-01251,2024-09-29,West,Online,Eva Patel,Food & Beverage,Green Tea Set,9,18.0,0.0,162.0,89.1,72.9,2024,3,9,Sep,39,Sunday,45.0,$100-$500,1
ORD-01842,2024-09-29,North,Online,Eva Patel,Food & Beverage,Protein Bars 12Pk,15,28.0,0.0,420.0,231.0,189.0,2024,3,9,Sep,39,Sunday,45.0,$100-$500,1
ORD-01021,2024-09-29,East,Wholesale,Grace Lee,Sports,Protein Shaker,4,17.1,0.05,68.4,39.6,28.8,2024,3,9,Sep,39,Sunday,42.11,<$100,1
ORD-00507,2024-09-29,Central,In-Store,Grace Lee,Sports,Foam Roller,17,30.0,0.0,510.0,280.5,229.5,2024,3,9,Sep,39,Sunday,45.0,$500-$2k,1
ORD-00708,2024-09-29,South,Online,Grace Lee,Food & Beverage,Green Tea Set,18,17.1,0.05,307.8,178.2,129.6,2024,3,9,Sep,39,Sunday,42.11,$100-$500,1
ORD-00679,2024-09-30,Central,Partner,Alice Morgan,Electronics,4K Monitor,16,539.1,0.1,8625.6,5271.2,3354.4,2024,3,9,Sep,40,Monday,38.89,>$2k,1
ORD-01354,2024-09-30,West,Online,Grace Lee,Apparel,Yoga Set,10,55.0,0.0,550.0,302.5,247.5,2024,3,9,Sep,40,Monday,45.0,$500-$2k,1
ORD-01061,2024-10-01,Central,Wholesale,Grace Lee,Sports,Resistance Bands,11,25.0,0.0,275.0,151.25,123.75,2024,4,10,Oct,40,Tuesday,45.0,$100-$500,1
ORD-01901,2024-10-01,North,Online,Eva Patel,Food & Beverage,Premium Coffee Blend,5,17.6,0.2,88.0,60.5,27.5,2024,4,10,Oct,40,Tuesday,31.25,<$100,1
ORD-01981,2024-10-02,South,Partner,Clara Diaz,Electronics,Smart Watch,17,199.2,0.2,3386.4,2328.15,1058.25,2024,4,10,Oct,40,Wednesday,31.25,>$2k,1
ORD-01399,2024-10-02,North,In-Store,Grace Lee,Electronics,4K Monitor,3,569.05,0.05,1707.15,988.35,718.8,2024,4,10,Oct,40,Wednesday,42.11,$500-$2k,1
ORD-00937,2024-10-02,East,Wholesale,Bob Chen,Home & Garden,Planter Set,19,45.0,0.0,855.0,470.25,384.75,2024,4,10,Oct,40,Wednesday,45.0,$500-$2k,1
ORD-00337,2024-10-02,West,In-Store,Henry Osei,Home & Garden,Planter Set,8,38.25,0.15,306.0,198.0,108.0,2024,4,10,Oct,40,Wednesday,35.29,$100-$500,1
ORD-00018,2024-10-02,East,In-Store,Clara Diaz,Food & Beverage,Protein Bars 12Pk,17,28.0,0.0,476.0,261.8,214.2,2024,4,10,Oct,40,Wednesday,45.0,$100-$500,1
ORD-01634,2024-10-03,North,In-Store,Alice Morgan,Electronics,Wireless Earbuds,11,80.1,0.1,881.1,538.45,342.65,2024,4,10,Oct,40,Thursday,38.89,$500-$2k,1
ORD-00379,2024-10-03,West,Online,Bob Chen,Home & Garden,Robot Vacuum,2,299.0,0.0,598.0,328.9,269.1,2024,4,10,Oct,40,Thursday,45.0,$500-$2k,1
ORD-00575,2024-10-03,North,Online,Alice Morgan,Apparel,Denim Jeans,9,55.25,0.15,497.25,321.75,175.5,2024,4,10,Oct,40,Thursday,35.29,$100-$500,1
ORD-01102,2024-10-03,West,Online,Bob Chen,Sports,Foam Roller,10,27.0,0.1,270.0,165.0,105.0,2024,4,10,Oct,40,Thursday,38.89,$100-$500,1
ORD-01015,2024-10-03,Central,In-Store,Bob Chen,Sports,Resistance Bands,8,23.75,0.05,190.0,110.0,80.0,2024,4,10,Oct,40,Thursday,42.11,$100-$500,1
ORD-01098,2024-10-03,East,Partner,David Kim,Sports,Foam Roller,19,24.0,0.2,456.0,313.5,142.5,2024,4,10,Oct,40,Thursday,31.25,$100-$500,1
ORD-01097,2024-10-03,North,Online,Henry Osei,Apparel,Yoga Set,10,55.0,0.0,550.0,302.5,247.5,2024,4,10,Oct,40,Thursday,45.0,$500-$2k,1
ORD-00067,2024-10-03,South,Partner,Henry Osei,Apparel,Yoga Set,17,52.25,0.05,888.25,514.25,374.0,2024,4,10,Oct,40,Thursday,42.11,$500-$2k,1
ORD-00463,2024-10-04,South,Partner,Frank Russo,Electronics,4K Monitor,7,479.2,0.2,3354.4,2306.15,1048.25,2024,4,10,Oct,40,Friday,31.25,>$2k,1
ORD-01047,2024-10-04,Central,In-Store,Frank Russo,Home & Garden,Air Purifier,19,179.1,0.1,3402.9,2079.55,1323.35,2024,4,10,Oct,40,Friday,38.89,>$2k,1
ORD-01157,2024-10-05,Central,Partner,Bob Chen,Electronics,Wireless Earbuds,6,89.0,0.0,534.0,293.7,240.3,2024,4,10,Oct,40,Saturday,45.0,$500-$2k,1
ORD-00184,2024-10-05,West,Wholesale,Henry Osei,Food & Beverage,Protein Bars 12Pk,3,28.0,0.0,84.0,46.2,37.8,2024,4,10,Oct,40,Saturday,45.0,<$100,1
ORD-00902,2024-10-05,South,Online,Clara Diaz,Home & Garden,Robot Vacuum,17,299.0,0.0,5083.0,2795.65,2287.35,2024,4,10,Oct,40,Saturday,45.0,>$2k,1
ORD-00969,2024-10-05,East,Partner,Bob Chen,Apparel,Running Jacket,13,85.0,0.0,1105.0,607.75,497.25,2024,4,10,Oct,40,Saturday,45.0,$500-$2k,1
ORD-01124,2024-10-06,East,In-Store,Henry Osei,Apparel,Yoga Set,8,55.0,0.0,440.0,242.0,198.0,2024,4,10,Oct,40,Sunday,45.0,$100-$500,1
ORD-01183,2024-10-06,North,Online,Henry Osei,Food & Beverage,Green Tea Set,6,17.1,0.05,102.6,59.4,43.2,2024,4,10,Oct,40,Sunday,42.11,$100-$500,1
ORD-00259,2024-10-06,Central,Wholesale,Clara Diaz,Food & Beverage,Olive Oil 1L,6,14.4,0.1,86.4,52.8,33.6,2024,4,10,Oct,40,Sunday,38.89,<$100,1
ORD-01553,2024-10-07,West,Wholesale,Eva Patel,Electronics,Smart Watch,15,236.55,0.05,3548.25,2054.25,1494.0,2024,4,10,Oct,41,Monday,42.11,>$2k,1
ORD-00314,2024-10-07,South,Online,Clara Diaz,Electronics,Laptop Pro 15,14,1200.0,0.0,16800.0,9240.0,7560.0,2024,4,10,Oct,41,Monday,45.0,>$2k,1
ORD-01566,2024-10-07,Central,Online,Frank Russo,Food & Beverage,Green Tea Set,9,17.1,0.05,153.9,89.1,64.8,2024,4,10,Oct,41,Monday,42.11,$100-$500,1
ORD-00633,2024-10-07,Central,Partner,Henry Osei,Apparel,Wool Sweater,16,110.0,0.0,1760.0,968.0,792.0,2024,4,10,Oct,41,Monday,45.0,$500-$2k,1
ORD-00797,2024-10-07,North,Partner,Alice Morgan,Food & Beverage,Premium Coffee Blend,8,20.9,0.05,167.2,96.8,70.4,2024,4,10,Oct,41,Monday,42.11,$100-$500,1
ORD-01929,2024-10-08,South,Partner,Eva Patel,Sports,Protein Shaker,1,18.0,0.0,18.0,9.9,8.1,2024,4,10,Oct,41,Tuesday,45.0,<$100,1
ORD-01394,2024-10-08,East,In-Store,David Kim,Electronics,Wireless Earbuds,15,75.65,0.15,1134.75,734.25,400.5,2024,4,10,Oct,41,Tuesday,35.29,$500-$2k,1
ORD-00838,2024-10-09,Central,Wholesale,Clara Diaz,Apparel,Running Jacket,5,85.0,0.0,425.0,233.75,191.25,2024,4,10,Oct,41,Wednesday,45.0,$100-$500,1
ORD-01239,2024-10-09,West,Partner,Alice Morgan,Electronics,4K Monitor,13,599.0,0.0,7787.0,4282.85,3504.15,2024,4,10,Oct,41,Wednesday,45.0,>$2k,1
ORD-00748,2024-10-09,West,Wholesale,Clara Diaz,Food & Beverage,Olive Oil 1L,17,13.6,0.15,231.2,149.6,81.6,2024,4,10,Oct,41,Wednesday,35.29,$100-$500,1
ORD-00687,2024-10-10,West,Partner,David Kim,Home & Garden,Planter Set,12,42.75,0.05,513.0,297.0,216.0,2024,4,10,Oct,41,Thursday,42.11,$500-$2k,1
ORD-00497,2024-10-10,West,Wholesale,Grace Lee,Electronics,Wireless Earbuds,20,84.55,0.05,1691.0,979.0,712.0,2024,4,10,Oct,41,Thursday,42.11,$500-$2k,1
ORD-01788,2024-10-11,Central,In-Store,Clara Diaz,Apparel,Running Jacket,6,72.25,0.15,433.5,280.5,153.0,2024,4,10,Oct,41,Friday,35.29,$100-$500,1
ORD-01664,2024-10-11,North,Wholesale,Frank Russo,Home & Garden,Led Strip Kit,9,29.75,0.15,267.75,173.25,94.5,2024,4,10,Oct,41,Friday,35.29,$100-$500,1
ORD-01954,2024-10-11,West,Online,Eva Patel,Food & Beverage,Green Tea Set,11,17.1,0.05,188.1,108.9,79.2,2024,4,10,Oct,41,Friday,42.11,$100-$500,1
ORD-00397,2024-10-11,North,Partner,Grace Lee,Food & Beverage,Green Tea Set,13,16.2,0.1,210.6,128.7,81.9,2024,4,10,Oct,41,Friday,38.89,$100-$500,1
ORD-00944,2024-10-12,North,In-Store,Eva Patel,Home & Garden,Led Strip Kit,7,33.25,0.05,232.75,134.75,98.0,2024,4,10,Oct,41,Saturday,42.11,$100-$500,1
ORD-00009,2024-10-12,South,In-Store,Clara Diaz,Apparel,Yoga Set,3,49.5,0.1,148.5,90.75,57.75,2024,4,10,Oct,41,Saturday,38.89,$100-$500,1
ORD-00084,2024-10-12,West,In-Store,Grace Lee,Sports,Foam Roller,14,30.0,0.0,420.0,231.0,189.0,2024,4,10,Oct,41,Saturday,45.0,$100-$500,1
ORD-01679,2024-10-12,East,Online,David Kim,Home & Garden,Planter Set,15,40.5,0.1,607.5,371.25,236.25,2024,4,10,Oct,41,Saturday,38.89,$500-$2k,1
ORD-01723,2024-10-12,Central,Wholesale,Alice Morgan,Electronics,4K Monitor,7,539.1,0.1,3773.7,2306.15,1467.55,2024,4,10,Oct,41,Saturday,38.89,>$2k,1
ORD-01969,2024-10-13,North,Wholesale,Clara Diaz,Home & Garden,Led Strip Kit,7,35.0,0.0,245.0,134.75,110.25,2024,4,10,Oct,41,Sunday,45.0,$100-$500,1
ORD-00896,2024-10-13,West,Online,Eva Patel,Apparel,Yoga Set,10,46.75,0.15,467.5,302.5,165.0,2024,4,10,Oct,41,Sunday,35.29,$100-$500,1
ORD-00901,2024-10-13,East,Online,Eva Patel,Electronics,Smart Watch,12,236.55,0.05,2838.6,1643.4,1195.2,2024,4,10,Oct,41,Sunday,42.11,>$2k,1
ORD-01478,2024-10-13,North,In-Store,Clara Diaz,Food & Beverage,Premium Coffee Blend,14,22.0,0.0,308.0,169.4,138.6,2024,4,10,Oct,41,Sunday,45.0,$100-$500,1
ORD-01795,2024-10-14,North,Partner,Bob Chen,Apparel,Yoga Set,11,55.0,0.0,605.0,332.75,272.25,2024,4,10,Oct,42,Monday,45.0,$500-$2k,1
ORD-01709,2024-10-14,South,Online,David Kim,Apparel,Yoga Set,13,55.0,0.0,715.0,393.25,321.75,2024,4,10,Oct,42,Monday,45.0,$500-$2k,1
ORD-00721,2024-10-14,East,In-Store,David Kim,Sports,Gym Bag,15,59.5,0.15,892.5,577.5,315.0,2024,4,10,Oct,42,Monday,35.29,$500-$2k,1
ORD-01627,2024-10-14,North,Partner,Bob Chen,Sports,Foam Roller,2,28.5,0.05,57.0,33.0,24.0,2024,4,10,Oct,42,Monday,42.11,<$100,1
ORD-01860,2024-10-14,North,Online,Clara Diaz,Sports,Resistance Bands,8,25.0,0.0,200.0,110.0,90.0,2024,4,10,Oct,42,Monday,45.0,$100-$500,1
ORD-00591,2024-10-14,North,Partner,Bob Chen,Food & Beverage,Olive Oil 1L,20,14.4,0.1,288.0,176.0,112.0,2024,4,10,Oct,42,Monday,38.89,$100-$500,1
ORD-01800,2024-10-15,North,Partner,Eva Patel,Sports,Protein Shaker,14,18.0,0.0,252.0,138.6,113.4,2024,4,10,Oct,42,Tuesday,45.0,$100-$500,1
ORD-00132,2024-10-15,East,Wholesale,Eva Patel,Food & Beverage,Protein Bars 12Pk,8,26.6,0.05,212.8,123.2,89.6,2024,4,10,Oct,42,Tuesday,42.11,$100-$500,1
ORD-00444,2024-10-16,Central,Online,Henry Osei,Apparel,Yoga Set,20,55.0,0.0,1100.0,605.0,495.0,2024,4,10,Oct,42,Wednesday,45.0,$500-$2k,1
ORD-01262,2024-10-16,East,In-Store,Grace Lee,Food & Beverage,Green Tea Set,2,15.3,0.15,30.6,19.8,10.8,2024,4,10,Oct,42,Wednesday,35.29,<$100,1
ORD-01453,2024-10-16,North,Partner,Henry Osei,Apparel,Running Jacket,7,80.75,0.05,565.25,327.25,238.0,2024,4,10,Oct,42,Wednesday,42.11,$500-$2k,1
ORD-01367,2024-10-17,South,Partner,Alice Morgan,Electronics,Wireless Earbuds,16,89.0,0.0,1424.0,783.2,640.8,2024,4,10,Oct,42,Thursday,45.0,$500-$2k,1
ORD-01451,2024-10-17,North,In-Store,Grace Lee,Electronics,Smart Watch,17,211.65,0.15,3598.05,2328.15,1269.9,2024,4,10,Oct,42,Thursday,35.29,>$2k,1
ORD-00821,2024-10-17,North,Online,Grace Lee,Electronics,4K Monitor,5,509.15,0.15,2545.75,1647.25,898.5,2024,4,10,Oct,42,Thursday,35.29,>$2k,1
ORD-00355,2024-10-17,West,Wholesale,Alice Morgan,Apparel,Wool Sweater,6,110.0,0.0,660.0,363.0,297.0,2024,4,10,Oct,42,Thursday,45.0,$500-$2k,1
ORD-00202,2024-10-18,West,Partner,Bob Chen,Apparel,Denim Jeans,9,65.0,0.0,585.0,321.75,263.25,2024,4,10,Oct,42,Friday,45.0,$500-$2k,1
ORD-01421,2024-10-18,North,Partner,Bob Chen,Home & Garden,Led Strip Kit,16,28.0,0.2,448.0,308.0,140.0,2024,4,10,Oct,42,Friday,31.25,$100-$500,1
ORD-00313,2024-10-19,North,Online,Bob Chen,Food & Beverage,Olive Oil 1L,6,14.4,0.1,86.4,52.8,33.6,2024,4,10,Oct,42,Saturday,38.89,<$100,1
ORD-00553,2024-10-19,Central,In-Store,Alice Morgan,Electronics,Smart Watch,15,249.0,0.0,3735.0,2054.25,1680.75,2024,4,10,Oct,42,Saturday,45.0,>$2k,1
ORD-01815,2024-10-19,Central,Partner,Clara Diaz,Food & Beverage,Green Tea Set,17,15.3,0.15,260.1,168.3,91.8,2024,4,10,Oct,42,Saturday,35.29,$100-$500,1
ORD-01804,2024-10-20,North,Online,Bob Chen,Food & Beverage,Premium Coffee Blend,19,17.6,0.2,334.4,229.9,104.5,2024,4,10,Oct,42,Sunday,31.25,$100-$500,1
ORD-01272,2024-10-20,Central,Online,Henry Osei,Electronics,4K Monitor,7,599.0,0.0,4193.0,2306.15,1886.85,2024,4,10,Oct,42,Sunday,45.0,>$2k,1
ORD-00512,2024-10-21,South,Wholesale,Eva Patel,Food & Beverage,Premium Coffee Blend,4,22.0,0.0,88.0,48.4,39.6,2024,4,10,Oct,43,Monday,45.0,<$100,1
ORD-01041,2024-10-21,South,Wholesale,Frank Russo,Home & Garden,Air Purifier,13,189.05,0.05,2457.65,1422.85,1034.8,2024,4,10,Oct,43,Monday,42.11,>$2k,1
ORD-00845,2024-10-22,East,Partner,David Kim,Apparel,Denim Jeans,2,65.0,0.0,130.0,71.5,58.5,2024,4,10,Oct,43,Tuesday,45.0,$100-$500,1
ORD-00641,2024-10-22,West,Partner,Henry Osei,Home & Garden,Planter Set,9,40.5,0.1,364.5,222.75,141.75,2024,4,10,Oct,43,Tuesday,38.89,$100-$500,1
ORD-00897,2024-10-22,South,Online,Bob Chen,Sports,Resistance Bands,16,21.25,0.15,340.0,220.0,120.0,2024,4,10,Oct,43,Tuesday,35.29,$100-$500,1
ORD-00670,2024-10-22,East,Wholesale,David Kim,Apparel,Yoga Set,18,44.0,0.2,792.0,544.5,247.5,2024,4,10,Oct,43,Tuesday,31.25,$500-$2k,1
ORD-00832,2024-10-26,South,Online,Clara Diaz,Food & Beverage,Premium Coffee Blend,8,18.7,0.15,149.6,96.8,52.8,2024,4,10,Oct,43,Saturday,35.29,$100-$500,1
ORD-00206,2024-10-27,East,In-Store,Clara Diaz,Apparel,Running Jacket,11,85.0,0.0,935.0,514.25,420.75,2024,4,10,Oct,43,Sunday,45.0,$500-$2k,1
ORD-01483,2024-10-28,Central,Wholesale,Alice Morgan,Food & Beverage,Green Tea Set,2,15.3,0.15,30.6,19.8,10.8,2024,4,10,Oct,44,Monday,35.29,<$100,1
ORD-00339,2024-10-28,Central,In-Store,Eva Patel,Sports,Gym Bag,14,56.0,0.2,784.0,539.0,245.0,2024,4,10,Oct,44,Monday,31.25,$500-$2k,1
ORD-00809,2024-10-29,East,Partner,Eva Patel,Electronics,Smart Watch,14,224.1,0.1,3137.4,1917.3,1220.1,2024,4,10,Oct,44,Tuesday,38.89,>$2k,1
ORD-01692,2024-10-30,West,Wholesale,Grace Lee,Apparel,Running Jacket,13,76.5,0.1,994.5,607.75,386.75,2024,4,10,Oct,44,Wednesday,38.89,$500-$2k,1
ORD-00830,2024-10-31,Central,Wholesale,Clara Diaz,Sports,Foam Roller,7,24.0,0.2,168.0,115.5,52.5,2024,4,10,Oct,44,Thursday,31.25,$100-$500,1
ORD-01659,2024-10-31,South,Wholesale,Clara Diaz,Sports,Foam Roller,11,28.5,0.05,313.5,181.5,132.0,2024,4,10,Oct,44,Thursday,42.11,$100-$500,1
ORD-01695,2024-10-31,West,In-Store,Clara Diaz,Home & Garden,Robot Vacuum,20,239.2,0.2,4784.0,3289.0,1495.0,2024,4,10,Oct,44,Thursday,31.25,>$2k,1
ORD-01532,2024-11-01,North,In-Store,Henry Osei,Apparel,Running Jacket,8,85.0,0.0,680.0,374.0,306.0,2024,4,11,Nov,44,Friday,45.0,$500-$2k,1
ORD-01202,2024-11-01,East,Wholesale,Clara Diaz,Electronics,4K Monitor,17,569.05,0.05,9673.85,5600.65,4073.2,2024,4,11,Nov,44,Friday,42.11,>$2k,1
ORD-01916,2024-11-01,East,Partner,Clara Diaz,Home & Garden,Air Purifier,17,199.0,0.0,3383.0,1860.65,1522.35,2024,4,11,Nov,44,Friday,45.0,>$2k,1
ORD-01512,2024-11-01,South,Partner,Clara Diaz,Electronics,Smart Watch,12,224.1,0.1,2689.2,1643.4,1045.8,2024,4,11,Nov,44,Friday,38.89,>$2k,1
ORD-00373,2024-11-02,South,In-Store,David Kim,Apparel,Wool Sweater,2,110.0,0.0,220.0,121.0,99.0,2024,4,11,Nov,44,Saturday,45.0,$100-$500,1
ORD-01900,2024-11-03,West,Online,Frank Russo,Sports,Gym Bag,2,70.0,0.0,140.0,77.0,63.0,2024,4,11,Nov,44,Sunday,45.0,$100-$500,1
ORD-01276,2024-11-03,East,In-Store,Henry Osei,Electronics,4K Monitor,1,599.0,0.0,599.0,329.45,269.55,2024,4,11,Nov,44,Sunday,45.0,$500-$2k,1
ORD-01973,2024-11-03,North,Partner,Eva Patel,Apparel,Running Jacket,19,85.0,0.0,1615.0,888.25,726.75,2024,4,11,Nov,44,Sunday,45.0,$500-$2k,1
ORD-01110,2024-11-04,South,Online,David Kim,Home & Garden,Robot Vacuum,17,269.1,0.1,4574.7,2795.65,1779.05,2024,4,11,Nov,45,Monday,38.89,>$2k,1
ORD-00489,2024-11-04,Central,In-Store,Eva Patel,Food & Beverage,Green Tea Set,6,14.4,0.2,86.4,59.4,27.0,2024,4,11,Nov,45,Monday,31.25,<$100,1
ORD-00686,2024-11-04,South,Wholesale,Frank Russo,Apparel,Wool Sweater,17,110.0,0.0,1870.0,1028.5,841.5,2024,4,11,Nov,45,Monday,45.0,$500-$2k,1
ORD-01756,2024-11-04,South,In-Store,Eva Patel,Electronics,Smart Watch,11,249.0,0.0,2739.0,1506.45,1232.55,2024,4,11,Nov,45,Monday,45.0,>$2k,1
ORD-00529,2024-11-05,South,Online,Frank Russo,Sports,Foam Roller,4,24.0,0.2,96.0,66.0,30.0,2024,4,11,Nov,45,Tuesday,31.25,<$100,1
ORD-00533,2024-11-05,Central,In-Store,Henry Osei,Electronics,Laptop Pro 15,15,1140.0,0.05,17100.0,9900.0,7200.0,2024,4,11,Nov,45,Tuesday,42.11,>$2k,1
ORD-00344,2024-11-05,South,Wholesale,Grace Lee,Apparel,Yoga Set,8,55.0,0.0,440.0,242.0,198.0,2024,4,11,Nov,45,Tuesday,45.0,$100-$500,1
ORD-01156,2024-11-05,South,Online,Grace Lee,Apparel,Wool Sweater,15,104.5,0.05,1567.5,907.5,660.0,2024,4,11,Nov,45,Tuesday,42.11,$500-$2k,1
ORD-01213,2024-11-05,West,Wholesale,David Kim,Home & Garden,Led Strip Kit,20,29.75,0.15,595.0,385.0,210.0,2024,4,11,Nov,45,Tuesday,35.29,$500-$2k,1
ORD-01542,2024-11-06,Central,Wholesale,Frank Russo,Food & Beverage,Premium Coffee Blend,20,20.9,0.05,418.0,242.0,176.0,2024,4,11,Nov,45,Wednesday,42.11,$100-$500,1
ORD-01527,2024-11-06,East,Online,Bob Chen,Electronics,Smart Watch,12,249.0,0.0,2988.0,1643.4,1344.6,2024,4,11,Nov,45,Wednesday,45.0,>$2k,1
ORD-01776,2024-11-06,East,Partner,Henry Osei,Apparel,Yoga Set,6,46.75,0.15,280.5,181.5,99.0,2024,4,11,Nov,45,Wednesday,35.29,$100-$500,1
ORD-00580,2024-11-06,South,Wholesale,Frank Russo,Apparel,Denim Jeans,19,58.5,0.1,1111.5,679.25,432.25,2024,4,11,Nov,45,Wednesday,38.89,$500-$2k,1
ORD-00549,2024-11-08,East,Wholesale,Frank Russo,Home & Garden,Robot Vacuum,20,239.2,0.2,4784.0,3289.0,1495.0,2024,4,11,Nov,45,Friday,31.25,>$2k,1
ORD-01268,2024-11-08,Central,Online,Henry Osei,Food & Beverage,Green Tea Set,8,15.3,0.15,122.4,79.2,43.2,2024,4,11,Nov,45,Friday,35.29,$100-$500,1
ORD-01427,2024-11-08,West,Partner,Frank Russo,Food & Beverage,Protein Bars 12Pk,19,26.6,0.05,505.4,292.6,212.8,2024,4,11,Nov,45,Friday,42.11,$500-$2k,1
ORD-01166,2024-11-09,North,Wholesale,Eva Patel,Sports,Foam Roller,17,25.5,0.15,433.5,280.5,153.0,2024,4,11,Nov,45,Saturday,35.29,$100-$500,1
ORD-01847,2024-11-10,East,Wholesale,David Kim,Sports,Foam Roller,17,30.0,0.0,510.0,280.5,229.5,2024,4,11,Nov,45,Sunday,45.0,$500-$2k,1
ORD-01125,2024-11-10,Central,Online,Clara Diaz,Apparel,Running Jacket,16,68.0,0.2,1088.0,748.0,340.0,2024,4,11,Nov,45,Sunday,31.25,$500-$2k,1
ORD-00042,2024-11-10,North,In-Store,Eva Patel,Food & Beverage,Premium Coffee Blend,18,22.0,0.0,396.0,217.8,178.2,2024,4,11,Nov,45,Sunday,45.0,$100-$500,1
ORD-01182,2024-11-11,South,In-Store,Grace Lee,Apparel,Denim Jeans,18,65.0,0.0,1170.0,643.5,526.5,2024,4,11,Nov,46,Monday,45.0,$500-$2k,1
ORD-01908,2024-11-11,North,Online,Alice Morgan,Food & Beverage,Olive Oil 1L,11,12.8,0.2,140.8,96.8,44.0,2024,4,11,Nov,46,Monday,31.25,$100-$500,1
ORD-01629,2024-11-11,West,Wholesale,Alice Morgan,Apparel,Yoga Set,17,55.0,0.0,935.0,514.25,420.75,2024,4,11,Nov,46,Monday,45.0,$500-$2k,1
ORD-00685,2024-11-12,West,Online,Clara Diaz,Food & Beverage,Green Tea Set,15,15.3,0.15,229.5,148.5,81.0,2024,4,11,Nov,46,Tuesday,35.29,$100-$500,1
ORD-00164,2024-11-12,West,Online,Eva Patel,Electronics,4K Monitor,12,479.2,0.2,5750.4,3953.4,1797.0,2024,4,11,Nov,46,Tuesday,31.25,>$2k,1
ORD-00943,2024-11-14,East,In-Store,Eva Patel,Home & Garden,Led Strip Kit,17,28.0,0.2,476.0,327.25,148.75,2024,4,11,Nov,46,Thursday,31.25,$100-$500,1
ORD-01325,2024-11-14,East,Partner,Frank Russo,Food & Beverage,Protein Bars 12Pk,14,28.0,0.0,392.0,215.6,176.4,2024,4,11,Nov,46,Thursday,45.0,$100-$500,1
ORD-00177,2024-11-15,East,Online,Grace Lee,Sports,Resistance Bands,17,22.5,0.1,382.5,233.75,148.75,2024,4,11,Nov,46,Friday,38.89,$100-$500,1
ORD-00087,2024-11-15,West,Partner,Alice Morgan,Apparel,Wool Sweater,19,99.0,0.1,1881.0,1149.5,731.5,2024,4,11,Nov,46,Friday,38.89,$500-$2k,1
ORD-01371,2024-11-16,East,In-Store,Alice Morgan,Sports,Protein Shaker,17,18.0,0.0,306.0,168.3,137.7,2024,4,11,Nov,46,Saturday,45.0,$100-$500,1
ORD-00269,2024-11-16,Central,In-Store,David Kim,Electronics,Wireless Earbuds,8,89.0,0.0,712.0,391.6,320.4,2024,4,11,Nov,46,Saturday,45.0,$500-$2k,1
ORD-00278,2024-11-16,North,In-Store,Clara Diaz,Food & Beverage,Green Tea Set,3,17.1,0.05,51.3,29.7,21.6,2024,4,11,Nov,46,Saturday,42.11,<$100,1
ORD-00038,2024-11-16,East,In-Store,Eva Patel,Food & Beverage,Green Tea Set,9,18.0,0.0,162.0,89.1,72.9,2024,4,11,Nov,46,Saturday,45.0,$100-$500,1
ORD-01656,2024-11-16,Central,Online,David Kim,Food & Beverage,Premium Coffee Blend,12,20.9,0.05,250.8,145.2,105.6,2024,4,11,Nov,46,Saturday,42.11,$100-$500,1
ORD-00772,2024-11-17,Central,Online,Henry Osei,Home & Garden,Planter Set,7,38.25,0.15,267.75,173.25,94.5,2024,4,11,Nov,46,Sunday,35.29,$100-$500,1
ORD-00982,2024-11-17,Central,Online,Alice Morgan,Apparel,Wool Sweater,12,99.0,0.1,1188.0,726.0,462.0,2024,4,11,Nov,46,Sunday,38.89,$500-$2k,1
ORD-01677,2024-11-18,North,Wholesale,Clara Diaz,Home & Garden,Air Purifier,9,179.1,0.1,1611.9,985.05,626.85,2024,4,11,Nov,47,Monday,38.89,$500-$2k,1
ORD-00983,2024-11-18,East,In-Store,Alice Morgan,Home & Garden,Led Strip Kit,10,33.25,0.05,332.5,192.5,140.0,2024,4,11,Nov,47,Monday,42.11,$100-$500,1
ORD-01974,2024-11-18,East,In-Store,David Kim,Sports,Resistance Bands,9,25.0,0.0,225.0,123.75,101.25,2024,4,11,Nov,47,Monday,45.0,$100-$500,1
ORD-01207,2024-11-19,North,Online,Alice Morgan,Electronics,Wireless Earbuds,16,84.55,0.05,1352.8,783.2,569.6,2024,4,11,Nov,47,Tuesday,42.11,$500-$2k,1
ORD-01083,2024-11-19,South,Wholesale,Henry Osei,Electronics,4K Monitor,1,599.0,0.0,599.0,329.45,269.55,2024,4,11,Nov,47,Tuesday,45.0,$500-$2k,1
ORD-01024,2024-11-20,East,Wholesale,Clara Diaz,Home & Garden,Led Strip Kit,14,28.0,0.2,392.0,269.5,122.5,2024,4,11,Nov,47,Wednesday,31.25,$100-$500,1
ORD-01217,2024-11-20,Central,Wholesale,Clara Diaz,Apparel,Wool Sweater,3,110.0,0.0,330.0,181.5,148.5,2024,4,11,Nov,47,Wednesday,45.0,$100-$500,1
ORD-00864,2024-11-21,East,Online,Bob Chen,Electronics,Smart Watch,2,224.1,0.1,448.2,273.9,174.3,2024,4,11,Nov,47,Thursday,38.89,$100-$500,1
ORD-00543,2024-11-22,Central,In-Store,Grace Lee,Home & Garden,Led Strip Kit,4,31.5,0.1,126.0,77.0,49.0,2024,4,11,Nov,47,Friday,38.89,$100-$500,1
ORD-00374,2024-11-23,West,Wholesale,Clara Diaz,Apparel,Yoga Set,8,44.0,0.2,352.0,242.0,110.0,2024,4,11,Nov,47,Saturday,31.25,$100-$500,1
ORD-00623,2024-11-23,West,Online,Alice Morgan,Apparel,Running Jacket,4,85.0,0.0,340.0,187.0,153.0,2024,4,11,Nov,47,Saturday,45.0,$100-$500,1
ORD-00199,2024-11-23,South,Wholesale,Eva Patel,Sports,Foam Roller,14,30.0,0.0,420.0,231.0,189.0,2024,4,11,Nov,47,Saturday,45.0,$100-$500,1
ORD-00421,2024-11-24,East,Partner,Clara Diaz,Home & Garden,Led Strip Kit,17,35.0,0.0,595.0,327.25,267.75,2024,4,11,Nov,47,Sunday,45.0,$500-$2k,1
ORD-00081,2024-11-24,West,Wholesale,David Kim,Electronics,Laptop Pro 15,10,1080.0,0.1,10800.0,6600.0,4200.0,2024,4,11,Nov,47,Sunday,38.89,>$2k,1
ORD-00811,2024-11-24,South,Partner,Alice Morgan,Food & Beverage,Protein Bars 12Pk,17,28.0,0.0,476.0,261.8,214.2,2024,4,11,Nov,47,Sunday,45.0,$100-$500,1
ORD-00716,2024-11-25,Central,In-Store,Grace Lee,Apparel,Running Jacket,13,76.5,0.1,994.5,607.75,386.75,2024,4,11,Nov,48,Monday,38.89,$500-$2k,1
ORD-01283,2024-11-25,East,Wholesale,Alice Morgan,Home & Garden,Robot Vacuum,8,299.0,0.0,2392.0,1315.6,1076.4,2024,4,11,Nov,48,Monday,45.0,>$2k,1
ORD-00192,2024-11-25,West,Partner,Eva Patel,Electronics,Smart Watch,4,224.1,0.1,896.4,547.8,348.6,2024,4,11,Nov,48,Monday,38.89,$500-$2k,1
ORD-00884,2024-11-25,Central,Online,Eva Patel,Electronics,4K Monitor,2,599.0,0.0,1198.0,658.9,539.1,2024,4,11,Nov,48,Monday,45.0,$500-$2k,1
ORD-01378,2024-11-26,Central,Online,Frank Russo,Apparel,Yoga Set,7,55.0,0.0,385.0,211.75,173.25,2024,4,11,Nov,48,Tuesday,45.0,$100-$500,1
ORD-00637,2024-11-26,Central,In-Store,Clara Diaz,Electronics,4K Monitor,4,599.0,0.0,2396.0,1317.8,1078.2,2024,4,11,Nov,48,Tuesday,45.0,>$2k,1
ORD-01446,2024-11-26,North,Partner,Henry Osei,Apparel,Yoga Set,3,55.0,0.0,165.0,90.75,74.25,2024,4,11,Nov,48,Tuesday,45.0,$100-$500,1
ORD-00226,2024-11-26,West,Partner,Frank Russo,Sports,Foam Roller,20,30.0,0.0,600.0,330.0,270.0,2024,4,11,Nov,48,Tuesday,45.0,$500-$2k,1
ORD-00785,2024-11-26,East,Wholesale,Frank Russo,Apparel,Yoga Set,10,49.5,0.1,495.0,302.5,192.5,2024,4,11,Nov,48,Tuesday,38.89,$100-$500,1
ORD-00349,2024-11-26,Central,In-Store,Frank Russo,Home & Garden,Led Strip Kit,15,28.0,0.2,420.0,288.75,131.25,2024,4,11,Nov,48,Tuesday,31.25,$100-$500,1
ORD-01493,2024-11-26,East,In-Store,David Kim,Apparel,Yoga Set,16,52.25,0.05,836.0,484.0,352.0,2024,4,11,Nov,48,Tuesday,42.11,$500-$2k,1
ORD-00235,2024-11-27,Central,Partner,Clara Diaz,Home & Garden,Robot Vacuum,15,284.05,0.05,4260.75,2466.75,1794.0,2024,4,11,Nov,48,Wednesday,42.11,>$2k,1
ORD-01853,2024-11-28,North,In-Store,Bob Chen,Sports,Resistance Bands,17,25.0,0.0,425.0,233.75,191.25,2024,4,11,Nov,48,Thursday,45.0,$100-$500,1
ORD-01536,2024-11-28,West,Online,Grace Lee,Apparel,Yoga Set,19,55.0,0.0,1045.0,574.75,470.25,2024,4,11,Nov,48,Thursday,45.0,$500-$2k,1
ORD-00493,2024-11-28,West,Partner,Grace Lee,Sports,Resistance Bands,17,25.0,0.0,425.0,233.75,191.25,2024,4,11,Nov,48,Thursday,45.0,$100-$500,1
ORD-00469,2024-11-28,West,Online,Grace Lee,Sports,Resistance Bands,20,22.5,0.1,450.0,275.0,175.0,2024,4,11,Nov,48,Thursday,38.89,$100-$500,1
ORD-01090,2024-11-29,Central,In-Store,Bob Chen,Food & Beverage,Protein Bars 12Pk,19,23.8,0.15,452.2,292.6,159.6,2024,4,11,Nov,48,Friday,35.29,$100-$500,1
ORD-01281,2024-11-29,South,Partner,Grace Lee,Sports,Protein Shaker,18,17.1,0.05,307.8,178.2,129.6,2024,4,11,Nov,48,Friday,42.11,$100-$500,1
ORD-00546,2024-11-30,North,In-Store,Clara Diaz,Apparel,Yoga Set,15,55.0,0.0,825.0,453.75,371.25,2024,4,11,Nov,48,Saturday,45.0,$500-$2k,1
ORD-00291,2024-11-30,Central,In-Store,Frank Russo,Sports,Protein Shaker,13,18.0,0.0,234.0,128.7,105.3,2024,4,11,Nov,48,Saturday,45.0,$100-$500,1
ORD-00393,2024-11-30,South,Wholesale,Bob Chen,Food & Beverage,Olive Oil 1L,12,14.4,0.1,172.8,105.6,67.2,2024,4,11,Nov,48,Saturday,38.89,$100-$500,1
ORD-01136,2024-11-30,East,In-Store,Clara Diaz,Apparel,Yoga Set,9,55.0,0.0,495.0,272.25,222.75,2024,4,11,Nov,48,Saturday,45.0,$100-$500,1
ORD-00676,2024-11-30,West,In-Store,Eva Patel,Electronics,4K Monitor,7,539.1,0.1,3773.7,2306.15,1467.55,2024,4,11,Nov,48,Saturday,38.89,>$2k,1
ORD-01369,2024-12-01,West,Partner,Eva Patel,Electronics,Wireless Earbuds,1,71.2,0.2,71.2,48.95,22.25,2024,4,12,Dec,48,Sunday,31.25,<$100,1
ORD-01872,2024-12-01,South,Online,Grace Lee,Home & Garden,Robot Vacuum,5,299.0,0.0,1495.0,822.25,672.75,2024,4,12,Dec,48,Sunday,45.0,$500-$2k,1
ORD-00718,2024-12-01,South,In-Store,Eva Patel,Apparel,Denim Jeans,19,58.5,0.1,1111.5,679.25,432.25,2024,4,12,Dec,48,Sunday,38.89,$500-$2k,1
ORD-00903,2024-12-02,East,Partner,Frank Russo,Food & Beverage,Green Tea Set,11,14.4,0.2,158.4,108.9,49.5,2024,4,12,Dec,49,Monday,31.25,$100-$500,1
ORD-00557,2024-12-02,West,Online,David Kim,Electronics,Wireless Earbuds,7,71.2,0.2,498.4,342.65,155.75,2024,4,12,Dec,49,Monday,31.25,$100-$500,1
ORD-00756,2024-12-02,East,Partner,Bob Chen,Food & Beverage,Premium Coffee Blend,7,19.8,0.1,138.6,84.7,53.9,2024,4,12,Dec,49,Monday,38.89,$100-$500,1
ORD-01467,2024-12-02,East,Wholesale,Frank Russo,Food & Beverage,Olive Oil 1L,11,14.4,0.1,158.4,96.8,61.6,2024,4,12,Dec,49,Monday,38.89,$100-$500,1
ORD-01152,2024-12-02,West,Partner,David Kim,Food & Beverage,Protein Bars 12Pk,17,23.8,0.15,404.6,261.8,142.8,2024,4,12,Dec,49,Monday,35.29,$100-$500,1
ORD-00215,2024-12-02,West,Wholesale,Clara Diaz,Home & Garden,Planter Set,6,36.0,0.2,216.0,148.5,67.5,2024,4,12,Dec,49,Monday,31.25,$100-$500,1
ORD-00782,2024-12-02,Central,Wholesale,Frank Russo,Sports,Foam Roller,20,30.0,0.0,600.0,330.0,270.0,2024,4,12,Dec,49,Monday,45.0,$500-$2k,1
ORD-00558,2024-12-03,South,Online,Henry Osei,Food & Beverage,Olive Oil 1L,3,13.6,0.15,40.8,26.4,14.4,2024,4,12,Dec,49,Tuesday,35.29,<$100,1
ORD-00149,2024-12-03,East,Partner,Alice Morgan,Sports,Resistance Bands,12,25.0,0.0,300.0,165.0,135.0,2024,4,12,Dec,49,Tuesday,45.0,$100-$500,1
ORD-00162,2024-12-04,West,Online,Bob Chen,Home & Garden,Planter Set,12,45.0,0.0,540.0,297.0,243.0,2024,4,12,Dec,49,Wednesday,45.0,$500-$2k,1
ORD-01728,2024-12-04,Central,In-Store,David Kim,Electronics,4K Monitor,11,509.15,0.15,5600.65,3623.95,1976.7,2024,4,12,Dec,49,Wednesday,35.29,>$2k,1
ORD-00952,2024-12-04,Central,In-Store,Grace Lee,Home & Garden,Planter Set,6,45.0,0.0,270.0,148.5,121.5,2024,4,12,Dec,49,Wednesday,45.0,$100-$500,1
ORD-01412,2024-12-05,North,Partner,David Kim,Home & Garden,Robot Vacuum,1,299.0,0.0,299.0,164.45,134.55,2024,4,12,Dec,49,Thursday,45.0,$100-$500,1
ORD-00939,2024-12-05,North,Partner,Bob Chen,Apparel,Yoga Set,19,55.0,0.0,1045.0,574.75,470.25,2024,4,12,Dec,49,Thursday,45.0,$500-$2k,1
ORD-00010,2024-12-05,Central,In-Store,Frank Russo,Sports,Protein Shaker,9,15.3,0.15,137.7,89.1,48.6,2024,4,12,Dec,49,Thursday,35.29,$100-$500,1
ORD-00651,2024-12-05,West,Wholesale,Eva Patel,Home & Garden,Led Strip Kit,18,35.0,0.0,630.0,346.5,283.5,2024,4,12,Dec,49,Thursday,45.0,$500-$2k,1
ORD-01373,2024-12-06,South,Wholesale,Frank Russo,Sports,Protein Shaker,16,16.2,0.1,259.2,158.4,100.8,2024,4,12,Dec,49,Friday,38.89,$100-$500,1
ORD-01631,2024-12-06,Central,Wholesale,Clara Diaz,Electronics,Smart Watch,20,249.0,0.0,4980.0,2739.0,2241.0,2024,4,12,Dec,49,Friday,45.0,>$2k,1
ORD-01705,2024-12-06,West,Partner,Henry Osei,Apparel,Yoga Set,11,55.0,0.0,605.0,332.75,272.25,2024,4,12,Dec,49,Friday,45.0,$500-$2k,1
ORD-00746,2024-12-06,Central,Partner,Grace Lee,Electronics,Laptop Pro 15,16,1020.0,0.15,16320.0,10560.0,5760.0,2024,4,12,Dec,49,Friday,35.29,>$2k,1
ORD-01598,2024-12-06,Central,Wholesale,Alice Morgan,Home & Garden,Air Purifier,2,199.0,0.0,398.0,218.9,179.1,2024,4,12,Dec,49,Friday,45.0,$100-$500,1
ORD-01052,2024-12-06,West,Wholesale,Clara Diaz,Food & Beverage,Olive Oil 1L,14,15.2,0.05,212.8,123.2,89.6,2024,4,12,Dec,49,Friday,42.11,$100-$500,1
ORD-01228,2024-12-06,North,Partner,Henry Osei,Food & Beverage,Green Tea Set,10,16.2,0.1,162.0,99.0,63.0,2024,4,12,Dec,49,Friday,38.89,$100-$500,1
ORD-00148,2024-12-07,East,In-Store,Henry Osei,Food & Beverage,Olive Oil 1L,9,16.0,0.0,144.0,79.2,64.8,2024,4,12,Dec,49,Saturday,45.0,$100-$500,1
ORD-00667,2024-12-08,West,In-Store,Frank Russo,Apparel,Running Jacket,2,76.5,0.1,153.0,93.5,59.5,2024,4,12,Dec,49,Sunday,38.89,$100-$500,1
ORD-00261,2024-12-08,South,Wholesale,Henry Osei,Home & Garden,Led Strip Kit,5,33.25,0.05,166.25,96.25,70.0,2024,4,12,Dec,49,Sunday,42.11,$100-$500,1
ORD-01112,2024-12-09,West,Partner,Frank Russo,Home & Garden,Air Purifier,16,169.15,0.15,2706.4,1751.2,955.2,2024,4,12,Dec,50,Monday,35.29,>$2k,1
ORD-01971,2024-12-09,South,In-Store,Bob Chen,Electronics,4K Monitor,3,509.15,0.15,1527.45,988.35,539.1,2024,4,12,Dec,50,Monday,35.29,$500-$2k,1
ORD-00322,2024-12-09,Central,Wholesale,Eva Patel,Food & Beverage,Premium Coffee Blend,8,22.0,0.0,176.0,96.8,79.2,2024,4,12,Dec,50,Monday,45.0,$100-$500,1
ORD-01199,2024-12-09,East,Wholesale,Eva Patel,Sports,Resistance Bands,14,25.0,0.0,350.0,192.5,157.5,2024,4,12,Dec,50,Monday,45.0,$100-$500,1
ORD-00126,2024-12-10,West,Online,Frank Russo,Sports,Gym Bag,11,63.0,0.1,693.0,423.5,269.5,2024,4,12,Dec,50,Tuesday,38.89,$500-$2k,1
ORD-01751,2024-12-10,West,Online,Grace Lee,Apparel,Yoga Set,15,49.5,0.1,742.5,453.75,288.75,2024,4,12,Dec,50,Tuesday,38.89,$500-$2k,1
ORD-01982,2024-12-10,West,Online,Grace Lee,Food & Beverage,Protein Bars 12Pk,7,22.4,0.2,156.8,107.8,49.0,2024,4,12,Dec,50,Tuesday,31.25,$100-$500,1
ORD-00343,2024-12-10,North,Wholesale,Henry Osei,Apparel,Wool Sweater,10,88.0,0.2,880.0,605.0,275.0,2024,4,12,Dec,50,Tuesday,31.25,$500-$2k,1
ORD-01787,2024-12-11,Central,In-Store,Frank Russo,Food & Beverage,Green Tea Set,18,18.0,0.0,324.0,178.2,145.8,2024,4,12,Dec,50,Wednesday,45.0,$100-$500,1
ORD-01101,2024-12-11,North,In-Store,Alice Morgan,Electronics,Laptop Pro 15,13,1200.0,0.0,15600.0,8580.0,7020.0,2024,4,12,Dec,50,Wednesday,45.0,>$2k,1
ORD-01175,2024-12-11,South,Partner,Clara Diaz,Electronics,Smart Watch,13,211.65,0.15,2751.45,1780.35,971.1,2024,4,12,Dec,50,Wednesday,35.29,>$2k,1
ORD-01160,2024-12-12,West,Wholesale,Frank Russo,Sports,Foam Roller,3,25.5,0.15,76.5,49.5,27.0,2024,4,12,Dec,50,Thursday,35.29,<$100,1
ORD-01819,2024-12-12,South,In-Store,David Kim,Home & Garden,Robot Vacuum,16,299.0,0.0,4784.0,2631.2,2152.8,2024,4,12,Dec,50,Thursday,45.0,>$2k,1
ORD-00306,2024-12-13,Central,In-Store,Grace Lee,Apparel,Running Jacket,16,85.0,0.0,1360.0,748.0,612.0,2024,4,12,Dec,50,Friday,45.0,$500-$2k,1
ORD-00517,2024-12-13,North,In-Store,Bob Chen,Sports,Resistance Bands,4,25.0,0.0,100.0,55.0,45.0,2024,4,12,Dec,50,Friday,45.0,<$100,1
ORD-00064,2024-12-13,Central,Wholesale,Alice Morgan,Electronics,4K Monitor,8,599.0,0.0,4792.0,2635.6,2156.4,2024,4,12,Dec,50,Friday,45.0,>$2k,1
ORD-00941,2024-12-13,West,Online,Frank Russo,Food & Beverage,Olive Oil 1L,9,16.0,0.0,144.0,79.2,64.8,2024,4,12,Dec,50,Friday,45.0,$100-$500,1
ORD-01834,2024-12-14,West,In-Store,Frank Russo,Sports,Protein Shaker,14,17.1,0.05,239.4,138.6,100.8,2024,4,12,Dec,50,Saturday,42.11,$100-$500,1
ORD-00352,2024-12-14,West,Partner,Bob Chen,Sports,Foam Roller,15,25.5,0.15,382.5,247.5,135.0,2024,4,12,Dec,50,Saturday,35.29,$100-$500,1
ORD-01085,2024-12-14,North,Online,Henry Osei,Sports,Gym Bag,13,70.0,0.0,910.0,500.5,409.5,2024,4,12,Dec,50,Saturday,45.0,$500-$2k,1
ORD-00033,2024-12-14,Central,Wholesale,Clara Diaz,Home & Garden,Led Strip Kit,10,33.25,0.05,332.5,192.5,140.0,2024,4,12,Dec,50,Saturday,42.11,$100-$500,1
ORD-00317,2024-12-15,West,In-Store,Bob Chen,Food & Beverage,Green Tea Set,1,16.2,0.1,16.2,9.9,6.3,2024,4,12,Dec,50,Sunday,38.89,<$100,1
ORD-00697,2024-12-15,South,In-Store,Alice Morgan,Food & Beverage,Protein Bars 12Pk,11,25.2,0.1,277.2,169.4,107.8,2024,4,12,Dec,50,Sunday,38.89,$100-$500,1
ORD-00773,2024-12-16,West,Online,Henry Osei,Food & Beverage,Protein Bars 12Pk,3,22.4,0.2,67.2,46.2,21.0,2024,4,12,Dec,51,Monday,31.25,<$100,1
ORD-00605,2024-12-17,South,Online,David Kim,Electronics,Wireless Earbuds,15,71.2,0.2,1068.0,734.25,333.75,2024,4,12,Dec,51,Tuesday,31.25,$500-$2k,1
ORD-01289,2024-12-17,South,In-Store,Frank Russo,Sports,Protein Shaker,17,18.0,0.0,306.0,168.3,137.7,2024,4,12,Dec,51,Tuesday,45.0,$100-$500,1
ORD-01479,2024-12-17,Central,In-Store,Henry Osei,Apparel,Denim Jeans,17,55.25,0.15,939.25,607.75,331.5,2024,4,12,Dec,51,Tuesday,35.29,$500-$2k,1
ORD-01992,2024-12-18,West,Wholesale,Bob Chen,Home & Garden,Planter Set,1,45.0,0.0,45.0,24.75,20.25,2024,4,12,Dec,51,Wednesday,45.0,<$100,1
ORD-01243,2024-12-18,North,Wholesale,Henry Osei,Food & Beverage,Protein Bars 12Pk,13,22.4,0.2,291.2,200.2,91.0,2024,4,12,Dec,51,Wednesday,31.25,$100-$500,1
ORD-00465,2024-12-18,Central,Wholesale,Bob Chen,Food & Beverage,Olive Oil 1L,1,12.8,0.2,12.8,8.8,4.0,2024,4,12,Dec,51,Wednesday,31.25,<$100,1
ORD-00050,2024-12-19,North,Wholesale,Alice Morgan,Apparel,Yoga Set,6,44.0,0.2,264.0,181.5,82.5,2024,4,12,Dec,51,Thursday,31.25,$100-$500,1
ORD-01825,2024-12-19,Central,In-Store,Henry Osei,Electronics,Wireless Earbuds,12,75.65,0.15,907.8,587.4,320.4,2024,4,12,Dec,51,Thursday,35.29,$500-$2k,1
ORD-01592,2024-12-20,Central,In-Store,Grace Lee,Food & Beverage,Green Tea Set,16,18.0,0.0,288.0,158.4,129.6,2024,4,12,Dec,51,Friday,45.0,$100-$500,1
ORD-01890,2024-12-21,South,Partner,Eva Patel,Food & Beverage,Olive Oil 1L,16,16.0,0.0,256.0,140.8,115.2,2024,4,12,Dec,51,Saturday,45.0,$100-$500,1
ORD-00583,2024-12-21,Central,Partner,Eva Patel,Electronics,Laptop Pro 15,11,1200.0,0.0,13200.0,7260.0,5940.0,2024,4,12,Dec,51,Saturday,45.0,>$2k,1
ORD-01088,2024-12-21,Central,In-Store,Alice Morgan,Home & Garden,Robot Vacuum,9,284.05,0.05,2556.45,1480.05,1076.4,2024,4,12,Dec,51,Saturday,42.11,>$2k,1
ORD-01177,2024-12-22,North,In-Store,Alice Morgan,Food & Beverage,Protein Bars 12Pk,17,25.2,0.1,428.4,261.8,166.6,2024,4,12,Dec,51,Sunday,38.89,$100-$500,1
ORD-00265,2024-12-22,West,Partner,Henry Osei,Home & Garden,Planter Set,7,38.25,0.15,267.75,173.25,94.5,2024,4,12,Dec,51,Sunday,35.29,$100-$500,1
ORD-00771,2024-12-22,Central,Wholesale,Frank Russo,Electronics,4K Monitor,13,599.0,0.0,7787.0,4282.85,3504.15,2024,4,12,Dec,51,Sunday,45.0,>$2k,1
ORD-00440,2024-12-22,West,Online,Frank Russo,Food & Beverage,Green Tea Set,3,18.0,0.0,54.0,29.7,24.3,2024,4,12,Dec,51,Sunday,45.0,<$100,1
ORD-01009,2024-12-22,East,Partner,Henry Osei,Sports,Foam Roller,3,28.5,0.05,85.5,49.5,36.0,2024,4,12,Dec,51,Sunday,42.11,<$100,1
ORD-01198,2024-12-24,Central,Online,David Kim,Electronics,Laptop Pro 15,13,1140.0,0.05,14820.0,8580.0,6240.0,2024,4,12,Dec,52,Tuesday,42.11,>$2k,1
ORD-01911,2024-12-24,South,Wholesale,Eva Patel,Sports,Resistance Bands,16,22.5,0.1,360.0,220.0,140.0,2024,4,12,Dec,52,Tuesday,38.89,$100-$500,1
ORD-01286,2024-12-24,North,In-Store,David Kim,Apparel,Wool Sweater,7,104.5,0.05,731.5,423.5,308.0,2024,4,12,Dec,52,Tuesday,42.11,$500-$2k,1
ORD-00399,2024-12-25,South,Online,Clara Diaz,Home & Garden,Air Purifier,4,199.0,0.0,796.0,437.8,358.2,2024,4,12,Dec,52,Wednesday,45.0,$500-$2k,1
ORD-01063,2024-12-25,East,Online,Bob Chen,Apparel,Running Jacket,19,72.25,0.15,1372.75,888.25,484.5,2024,4,12,Dec,52,Wednesday,35.29,$500-$2k,1
ORD-00190,2024-12-25,West,Wholesale,Clara Diaz,Electronics,Wireless Earbuds,2,89.0,0.0,178.0,97.9,80.1,2024,4,12,Dec,52,Wednesday,45.0,$100-$500,1
ORD-01666,2024-12-25,Central,Partner,David Kim,Electronics,Wireless Earbuds,1,89.0,0.0,89.0,48.95,40.05,2024,4,12,Dec,52,Wednesday,45.0,<$100,1
ORD-01813,2024-12-25,West,Partner,Frank Russo,Sports,Resistance Bands,9,20.0,0.2,180.0,123.75,56.25,2024,4,12,Dec,52,Wednesday,31.25,$100-$500,1
ORD-01393,2024-12-25,Central,Online,Grace Lee,Electronics,Wireless Earbuds,1,80.1,0.1,80.1,48.95,31.15,2024,4,12,Dec,52,Wednesday,38.89,<$100,1
ORD-00878,2024-12-26,South,In-Store,David Kim,Food & Beverage,Green Tea Set,6,18.0,0.0,108.0,59.4,48.6,2024,4,12,Dec,52,Thursday,45.0,$100-$500,1
ORD-01805,2024-12-27,Central,Wholesale,Grace Lee,Apparel,Yoga Set,19,46.75,0.15,888.25,574.75,313.5,2024,4,12,Dec,52,Friday,35.29,$500-$2k,1
ORD-01151,2024-12-27,West,In-Store,Eva Patel,Apparel,Yoga Set,14,44.0,0.2,616.0,423.5,192.5,2024,4,12,Dec,52,Friday,31.25,$500-$2k,1
ORD-01798,2024-12-27,West,Partner,David Kim,Sports,Protein Shaker,19,18.0,0.0,342.0,188.1,153.9,2024,4,12,Dec,52,Friday,45.0,$100-$500,1
ORD-00474,2024-12-27,Central,Wholesale,Clara Diaz,Food & Beverage,Protein Bars 12Pk,3,28.0,0.0,84.0,46.2,37.8,2024,4,12,Dec,52,Friday,45.0,<$100,1
ORD-00237,2024-12-27,South,Partner,Eva Patel,Home & Garden,Air Purifier,6,199.0,0.0,1194.0,656.7,537.3,2024,4,12,Dec,52,Friday,45.0,$500-$2k,1
ORD-00330,2024-12-29,South,Wholesale,Frank Russo,Electronics,Smart Watch,5,236.55,0.05,1182.75,684.75,498.0,2024,4,12,Dec,52,Sunday,42.11,$500-$2k,1
ORD-01291,2024-12-29,West,In-Store,Frank Russo,Home & Garden,Planter Set,9,45.0,0.0,405.0,222.75,182.25,2024,4,12,Dec,52,Sunday,45.0,$100-$500,1
ORD-00324,2024-12-30,West,Online,Eva Patel,Electronics,Wireless Earbuds,19,89.0,0.0,1691.0,930.05,760.95,2024,4,12,Dec,1,Monday,45.0,$500-$2k,1
ORD-01881,2024-12-30,South,In-Store,Frank Russo,Food & Beverage,Protein Bars 12Pk,8,28.0,0.0,224.0,123.2,100.8,2024,4,12,Dec,1,Monday,45.0,$100-$500,1
ORD-00976,2024-12-31,South,In-Store,Eva Patel,Sports,Protein Shaker,4,18.0,0.0,72.0,39.6,32.4,2024,4,12,Dec,1,Tuesday,45.0,<$100,1
ORD-00970,2024-12-31,South,Wholesale,Frank Russo,Electronics,Wireless Earbuds,8,80.1,0.1,640.8,391.6,249.2,2024,4,12,Dec,1,Tuesday,38.89,$500-$2k,1
ORD-00488,2024-12-31,South,Wholesale,Frank Russo,Electronics,Wireless Earbuds,11,75.65,0.15,832.15,538.45,293.7,2024,4,12,Dec,1,Tuesday,35.29,$500-$2k,1
ORD-00925,2024-12-31,Central,Partner,Grace Lee,Apparel,Wool Sweater,16,110.0,0.0,1760.0,968.0,792.0,2024,4,12,Dec,1,Tuesday,45.0,$500-$2k,1
ORD-01707,2024-12-31,East,Partner,Clara Diaz,Apparel,Yoga Set,19,55.0,0.0,1045.0,574.75,470.25,2024,4,12,Dec,1,Tuesday,45.0,$500-$2k,1
